01900002000000000000000015930000000328403250003000000000000000
00100010000000000000000113990000000439338840005000000009226116
00100010000000000000000114000000000166294210005000000003492179
00100010000000000000000114010000000576991740005000000012116826
00100010000000000000000114020000000056423140005000000001184886
00100010000000000000000114030000000044846280005000000000941772
00100010000000000000000114040000000250574380005000000005262062
00100010000000000000000114050000000448185120005000000009411888
00100010000000000000000114060000000616793390005000000012952661
00100010000000000000000114070000000538710740005000000011312926
00100010000000000000000114080000000417880990005000000008775501
00100010000000000000000114090000000294472730005000000006183927
00100010000000000000000114100000000184740500005000000003879550
00100010000000000000000114110000000050905040005000000001069006
00100010000000000000000114120000000027266120005000000000572588
00100010000000000000000114130000000004462810005000000000093719
00100010000000000000000114140000000304250830005000000006389267
00100010000000000000000114150000000353681650005000000007427315
00100010000000000000000114160000000049752400005000000001044800
00100010000000000000000114170000000478788840005000000010054566
00100010000000000000000114180000000020126030005000000000422647
00100010000000000000000114190000000014876030005000000000312397
00100010000000000000000114200000000020039670005000000000420833
00100010000000000000000114210000003463619830005000000072736017
00100010000000000000000114220000001734396690005000000036422331
00100010000000000000000114230000000170293390005000000003576161
00100010000000000000000114240000000067239670005000000001412033
00100010000000000000000114250000000704769420005000000014800158
00100010000000000000000114260000000179480000005000000003769080
00100010000000000000000114270000000385838020005000000008102598
00100010000000000000000114280000000146603310005000000003078669
00100010000000000000000114290000000117438840005000000002466216
00100010000000000000000114300000000022413220005000000000470678
00100010000000000000000114310000000308606200005000000006480730
00100010000000000000000114320000000270475620005000000005679988
00100010000000000000000114330000000168475620005000000003537988
00100010000000000000000114340000000050990000005000000001070790
00100010000000000000000114350000000824990660005000000017324804
00100010000000000000000114360000000604245210005000000012689149
00100010000000000000000114370000000440138490005000000009242908
00100010000000000000000114380000000014876030005000000000312397
00100010000000000000000114390000000051301400005000000001077329
00100010000000000000000114400000000032200000005000000000676200
00100010000000000000000114410000001292313890005000000027138592
00100010000000000000000114420000000008925620005000000000187438
00100010000000000000000114430000000703280990005000000014768901
00100010000000000000000114440000000228789990005000000004804590
00100010000000000000000114450000000253057820005000000005314214
00100010000000000000000114460000000124768840005000000002620146
00100010000000000000000114470000000022871930005000000000480311
00100010000000000000000114480000000208214820005000000004372511
00100010000000000000000114490000000596230810005000000012520847
00100010000000000000000114500000000693295810005000000014559212
00100010000000000000000114510000000330662810005000000006943919
00100010000000000000000114520000000200239500005000000004205030
00100010000000000000000114530000000079586780005000000001671322
00100010000000000000000114540000000079586780005000000001671322
00100010000000000000000114550000000411190080005000000008634992
00100010000000000000000114560000000078016530005000000001638347
00100010000000000000000114570000000105380350005000000002212987
00100010000000000000000114580000000020074360005000000000421562
00100010000000000000000114590000000029074380005000000000610562
00100010000000000000000114600000000147657810005000000003100814
00100010000000000000000114610000000079586780005000000001671322
00100010000000000000000114620000000057321880005000000001203759
00100010000000000000000114630000000217704780005000000004571800
00100010000000000000000114640000000048882700005000000001026537
00100010000000000000000114650000000021747930005000000000456707
00100010000000000000000114660000000063446280005000000001332372
00100010000000000000000114670000000056547110005000000001187489
00100010000000000000000114680000000087138430005000000001829907
00100010000000000000000114690000000095041240005000000001995866
00100010000000000000000114700000000005785120005000000000121488
00100010000000000000000114710000000035867760005000000000753223
00100010000000000000000114720000000725543770005000000015236419
00100010000000000000000114730000000084000000005000000001764000
00100010000000000000000114740000000069421490005000000001457851
00100010000000000000000114750000000185553860005000000003896631
00100010000000000000000114760000000030487600005000000000640240
00100010000000000000000114770000000095460140005000000002004663
00100010000000000000000114780000000045223200005000000000949687
00100010000000000000000114790000000133140500005000000002795950
00100010000000000000000114800000000422689300005000000008876475
00100010000000000000000114810000000451266130005000000009476589
00100010000000000000000114820000000726336360005000000015253064
00100010000000000000000114830000000020336800005000000000427073
00100010000000000000000114840000000419236720005000000008803971
00100010000000000000000114850000000070595000005000000001482495
00100010000000000000000114860000000007570250005000000000158975
00100010000000000000000114870000000769504050005000000016159585
00100010000000000000000114880000001272009920005000000026712208
00100010000000000000000114890000000529917360005000000011128264
00100010000000000000000114900000000132796950005000000002788736
00100010000000000000000114910000000021102500005000000000443153
00100010000000000000000114920000000221126700005000000004643661
00100010000000000000000114930000000026329030005000000000552910
00100010000000000000000114940000000540317940005000000011346677
00100010000000000000000114950000000552886570005000000011610618
00100010000000000000000114960000000482658360005000000010135826
00100010000000000000000114970000000383233780005000000008047909
00100010000000000000000114980000000244299860005000000005130297
00100010000000000000000114990000000162085000005000000003403785
00100010000000000000000115000000000304838140005000000006401601
00100010000000000000000115010000000208717670005000000004383071
00100010000000000000000115020000000044079370005000000000925667
00100010000000000000000115030000000293382190005000000006161026
00100010000000000000000115040000000090220910005000000001894639
00100010000000000000000115050000000015278930005000000000320857
00100010000000000000000115060000000550718030005000000011565079
00300010000000000000000007460000000599990080005000000012599792
00300010000000000000000007470000000079586780005000000001671322
00300010000000000000000007480000000079586780005000000001671322
00300010000000000000000007490000000035867760005000000000753223
00300010000000000000000007500000000032200000005000000000676200
00600010000000000000000529530000000011942150005000000000250785
00600010000000000000000529540000000018615700005000000000390930
00600010000000000000000529550000000005022730005000000000105477
00600010000000000000000529560000000038706720005000000000812841
00600010000000000000000529570000000111733470005000000002346403
00600010000000000000000529580000000233440170005000000004902243
00600010000000000000000529590000000376542150005000000007907385
00600010000000000000000529600000000005785120005000000000121488
00600010000000000000000529610000000004462810005000000000093719
00600010000000000000000529620000000014876030005000000000312397
00600010000000000000000529630000000045099170005000000000947083
00600010000000000000000529640000000004462810005000000000093719
00600010000000000000000529650000000004462810005000000000093719
00600010000000000000000529660000000014876030005000000000312397
00600010000000000000000529670000000021652890005000000000454711
00600010000000000000000529680000000005785120005000000000121488
00600010000000000000000529690000000019425650005000000000407939
00600010000000000000000529700000000005785120005000000000121488
00600010000000000000000529710000000016548760005000000000347524
00600010000000000000000529720000000011490910005000000000241309
00600010000000000000000529730000000199231400005000000004183860
00600010000000000000000529740000000053738840005000000001128516
00600010000000000000000529750000000014876030005000000000312397
00600010000000000000000529760000000117639670005000000002470433
00600010000000000000000529770000000149434710005000000003138129
00600010000000000000000529780000000061276030005000000001286797
00600010000000000000000529790000000020720000005000000000435120
00600010000000000000000529800000000044818260005000000000941183
00600010000000000000000529810000000022948760005000000000481924
00600010000000000000000529820000000062983500005000000001322653
00600010000000000000000529830000000178394880005000000003746293
00600010000000000000000529840000000023624380005000000000496112
00600010000000000000000529850000000054413220005000000001142678
00600010000000000000000529860000000023322420005000000000489771
00600010000000000000000529870000000026909090005000000000565091
00600010000000000000000529880000000021570250005000000000452975
00600010000000000000000529890000000139892230005000000002937737
00600010000000000000000529900000000014876030005000000000312397
00600010000000000000000529910000000033619830005000000000706017
00600010000000000000000529920000000005785120005000000000121488
00600010000000000000000529930000000005785120005000000000121488
00600010000000000000000529940000000014876030005000000000312397
00600010000000000000000529950000000042746020005000000000897666
00600010000000000000000529960000000005785120005000000000121488
00600010000000000000000529970000000021355390005000000000448463
00600010000000000000000529980000000036704680005000000000770798
00600010000000000000000529990000000003617770005000000000075973
00600010000000000000000530000000000004462810005000000000093719
00600010000000000000000530010000000049249590005000000001034241
00600010000000000000000530020000000006241320005000000000131068
00600010000000000000000530030000000049613220005000000001041878
00600010000000000000000530040000000031295480005000000000657205
00600010000000000000000530050000000178015290005000000003738321
00600010000000000000000530060000000051551570005000000001082583
00600010000000000000000530070000000016550000005000000000347550
00600010000000000000000530080000000050115700005000000001052430
00600010000000000000000530090000000014876030005000000000312397
00600010000000000000000530100000000014876030005000000000312397
00600010000000000000000530110000000056033060005000000001176694
00600010000000000000000530120000000032805810005000000000688922
00600010000000000000000530130000000033884300005000000000711570
00600010000000000000000530140000000014876030005000000000312397
00600010000000000000000530150000000070206610005000000001474339
00600010000000000000000530160000000005785120005000000000121488
00600010000000000000000530170000000005785120005000000000121488
00600010000000000000000530180000000006006200005000000000126130
00600010000000000000000530190000000049519010005000000001039899
00600010000000000000000530200000000019219010005000000000403599
00600010000000000000000530210000000003707410005000000000077856
00600010000000000000000530220000000014876030005000000000312397
00600010000000000000000530230000000077626450005000000001630155
00600010000000000000000530240000000014876030005000000000312397
00600010000000000000000530250000000053117360005000000001115464
00600010000000000000000530260000000014876030005000000000312397
00600010000000000000000530270000000004462810005000000000093719
00600010000000000000000530280000000011442150005000000000240285
00600010000000000000000530290000000022760330005000000000477967
00600010000000000000000530300000000336674310005000000007070161
00600010000000000000000530310000000006001090005000000000126023
00600010000000000000000530320000000129459090005000000002718641
00600010000000000000000530330000000038731400005000000000813359
00600010000000000000000530340000000014876030005000000000312397
00600010000000000000000530350000000024698350005000000000518665
00600010000000000000000530360000000005785120005000000000121488
00600010000000000000000530370000000267856000005000000005624976
00600010000000000000000530380000000019710740005000000000413926
00600010000000000000000530390000000061958820005000000001301135
00600010000000000000000530400000000014876030005000000000312397
00600010000000000000000530410000000056528930005000000001187107
00600010000000000000000530420000000024396720005000000000512331
00600010000000000000000530430000000021559920005000000000452758
00600010000000000000000530440000000027438020005000000000576198
00600010000000000000000530450000000014876030005000000000312397
00600010000000000000000530460000000019710740005000000000413926
00600010000000000000000530470000000025489260005000000000535274
00600010000000000000000530480000000024175210005000000000507679
00600010000000000000000530490000000014876030005000000000312397
00600010000000000000000530500000000002793390005000000000058661
00600010000000000000000530510000000014876030005000000000312397
00600010000000000000000530520000000014876030005000000000312397
00600010000000000000000530530000000008033060005000000000168694
00600010000000000000000530540000000007024790005000000000147521
00600010000000000000000530550000000014876030005000000000312397
00600010000000000000000530560000000014876030005000000000312397
00600010000000000000000530570000000005444210005000000000114329
00600010000000000000000530580000000005785120005000000000121488
00600010000000000000000530590000000030495870005000000000640413
00600010000000000000000530600000000046115700005000000000968430
00600010000000000000000530610000000001825620005000000000038338
00600010000000000000000530620000000002479340005000000000052066
00600010000000000000000530630000000014876030005000000000312397
00600010000000000000000530640000000014876030005000000000312397
00600010000000000000000530650000000004462810005000000000093719
00600010000000000000000530660000000004049590005000000000085041
00600010000000000000000530670000000019338840005000000000406116
00600010000000000000000530680000000004462810005000000000093719
00600010000000000000000530690000000014876030005000000000312397
00600010000000000000000530700000000014876030005000000000312397
00600010000000000000000530710000000014876030005000000000312397
00600010000000000000000530720000000014876030005000000000312397
00600010000000000000000530730000000014876030005000000000312397
00600010000000000000000530740000000007966940005000000000167306
00600010000000000000000530750000000069347110005000000001456289
00600010000000000000000530760000000027438020005000000000576198
00600010000000000000000530770000000004462810005000000000093719
00600010000000000000000530780000000025804960005000000000541904
00600010000000000000000530790000000007438020005000000000156198
00600010000000000000000530800000000030634300005000000000643320
00600010000000000000000530810000000002793390005000000000058661
00600010000000000000000530820000000014876030005000000000312397
00600010000000000000000530830000000014876030005000000000312397
00600010000000000000000530840000000014876030005000000000312397
00600010000000000000000530850000000091779120005000000001927362
00600010000000000000000530860000000011157020005000000000234298
00600010000000000000000530870000000014876030005000000000312397
00600010000000000000000530880000000014876030005000000000312397
00600010000000000000000530890000000004958680005000000000104132
00600010000000000000000530900000000014876030005000000000312397
00600010000000000000000530910000000044669420005000000000938058
00600010000000000000000530920000000025917350005000000000544264
00600010000000000000000530930000000017739670005000000000372533
00600010000000000000000530940000000007438020005000000000156198
00600010000000000000000530950000000081776860005000000001717314
00600010000000000000000530960000000014876030005000000000312397
00600010000000000000000530970000000512080170005000000010753683
00600010000000000000000530980000000075723230005000000001590188
00600010000000000000000530990000000018780170005000000000394383
00600010000000000000000531000000000007975210005000000000167479
00600010000000000000000531010000000038706780005000000000812842
00600010000000000000000531020000000036900830005000000000774917
00600010000000000000000531030000000008570250005000000000179975
00600010000000000000000531040000000011570250005000000000242975
00600010000000000000000531050000000009049590005000000000190041
00600010000000000000000531060000000005785120005000000000121488
00600010000000000000000531070000000014876030005000000000312397
00600010000000000000000531080000000011570250005000000000242975
00600010000000000000000531090000000004462810005000000000093719
00600010000000000000000531100000000014876030005000000000312397
00600010000000000000000531110000000014876030005000000000312397
00600010000000000000000531120000000014876030005000000000312397
00600010000000000000000531130000000005785120005000000000121488
00600010000000000000000531140000000006739670005000000000141533
00600010000000000000000531150000000039495870005000000000829413
00600010000000000000000531160000000008661160005000000000181884
00600010000000000000000531170000000017148760005000000000360124
00600010000000000000000531180000000027438000005000000000576198
00600010000000000000000531190000000005785120005000000000121488
00600010000000000000000531200000000014876030005000000000312397
00600010000000000000000531210000000005785120005000000000121488
00600010000000000000000531220000000009818180005000000000206182
00600010000000000000000531230000000028214990005000000000592515
00600010000000000000000531240000000048181820005000000001011818
00600010000000000000000531250000000027438020005000000000576198
00600010000000000000000531260000000006661160005000000000139884
00600010000000000000000531270000000010363640005000000000217636
00600010000000000000000531280000000009123970005000000000191603
00600010000000000000000531290000000014876030005000000000312397
00600010000000000000000531300000000032690120005000000000686493
00600010000000000000000531310000000065863730005000000001383138
00600010000000000000000531320000000005095040005000000000106996
00600010000000000000000531330000000101621900005000000002134060
00600010000000000000000531340000000005785120005000000000121488
00600010000000000000000531350000000053915500005000000001132226
00600010000000000000000531360000000007586780005000000000159322
00600010000000000000000531370000000040626070005000000000853147
00600010000000000000000531380000000045483470005000000000955153
00600010000000000000000531390000000005785120005000000000121488
00600010000000000000000531400000000177086820005000000003718823
00600010000000000000000531410000000032454550005000000000681545
00600010000000000000000531420000000009460740005000000000198676
00600010000000000000000531430000000013223140005000000000277686
00600010000000000000000531440000000041520670005000000000871934
00600010000000000000000531450000000009338840005000000000196116
00600010000000000000000531460000000021276860005000000000446814
00600010000000000000000531470000000022561980005000000000473802
00600010000000000000000531480000000021363600005000000000448636
00600010000000000000000531490000000005432060005000000000114073
00600010000000000000000531500000000014876030005000000000312397
00600010000000000000000531510000000032024800005000000000672521
00600010000000000000000531520000000005318180005000000000111682
00600010000000000000000531530000000032541330005000000000683368
00600010000000000000000531540000000013479340005000000000283066
00600010000000000000000531550000000013223140005000000000277686
00600010000000000000000531560000000013057850005000000000274215
00600010000000000000000531570000000014876030005000000000312397
00600010000000000000000531580000000015235540005000000000319946
00600010000000000000000531590000000003809920005000000000080008
00600010000000000000000531600000000120296690005000000002526230
00600010000000000000000531610000000013909080005000000000292091
00600010000000000000000531620000000005785120005000000000121488
00600010000000000000000531630000000083454550005000000001752545
00600010000000000000000531640000000068830500005000000001445440
00600010000000000000000531650000000004628100005000000000097190
00600010000000000000000531660000000014876030005000000000312397
00600010000000000000000531670000000014876030005000000000312397
00600010000000000000000531680000000005652890005000000000118711
00600010000000000000000531690000000032318170005000000000678682
00600010000000000000000531700000000014876030005000000000312397
00600010000000000000000531710000000019078510005000000000400649
00600010000000000000000531720000000158599140005000000003330582
00600010000000000000000531730000000014876030005000000000312397
00600010000000000000000531740000000009657010005000000000202797
00600010000000000000000531750000000277925620005000000005836438
00600010000000000000000531760000000243677690005000000005117231
00600010000000000000000531770000000084627110005000000001777169
00600010000000000000000531780000000014615700005000000000306930
00600010000000000000000531790000000013057900005000000000274216
00600010000000000000000531800000000004611570005000000000096843
00600010000000000000000531810000000007570250005000000000158975
00600010000000000000000531820000000020628150005000000000433191
00600010000000000000000531830000000063012400005000000001323260
00600010000000000000000531840000000014876030005000000000312397
00600010000000000000000531850000000055445420005000000001164354
00600010000000000000000531860000000250630870005000000005263248
00600010000000000000000531870000000298809710005000000006275004
00600010000000000000000531880000000014876030005000000000312397
00600010000000000000000531890000000014876030005000000000312397
00600010000000000000000531900000000085537190005000000001796281
00600010000000000000000531910000000060628090005000000001273190
00600010000000000000000531920000000027706990005000000000581847
00600010000000000000000531930000000014876030005000000000312397
00600010000000000000000531940000000004462810005000000000093719
00600010000000000000000531950000000028925600005000000000607438
00600010000000000000000531960000000010822310005000000000227269
00600010000000000000000531970000000022909080005000000000481091
00600010000000000000000531980000000017194210005000000000361079
00600010000000000000000531990000000072780990005000000001528401
00600010000000000000000532000000000012561980005000000000263802
00600010000000000000000532010000000291595100005000000006123497
00600010000000000000000532020000000022946280005000000000481872
00600010000000000000000532030000000003636360005000000000076364
00600010000000000000000532040000000032033060005000000000672694
00600010000000000000000532050000000052995890005000000001112914
00600010000000000000000532060000000016694210005000000000350579
00600010000000000000000532070000000062417360005000000001310765
00600010000000000000000532080000000005867770005000000000123223
00600010000000000000000532090000000029913220005000000000628178
00600010000000000000000532100000000023789260005000000000499574
00600010000000000000000532110000000008760330005000000000183967
00600010000000000000000532120000000009504130005000000000199587
00600010000000000000000532130000000007190080005000000000150992
00600010000000000000000532140000000004793390005000000000100661
00600010000000000000000532150000000074194260005000000001558079
00600010000000000000000532160000000041611570005000000000873843
00600010000000000000000532170000000010495880005000000000220413
00600010000000000000000532180000000007603310005000000000159670
00600010000000000000000532190000000004214880005000000000088512
00600010000000000000000532200000000051268530005000000001076639
00600010000000000000000532210000000047971060005000000001007392
00600010000000000000000532220000000008595060005000000000180496
00600010000000000000000532230000000004380170005000000000091984
00600010000000000000000532240000000012644620005000000000265537
00600010000000000000000532250000000001487600005000000000031240
00600010000000000000000532260000000011735540005000000000246446
00600010000000000000000532270000000010743800005000000000225620
00600010000000000000000532280000000018925630005000000000397438
00600010000000000000000532290000000018842970005000000000395702
00600010000000000000000532300000000021355370005000000000448463
00600010000000000000000532310000000022148760005000000000465124
00600010000000000000000532320000000014380170005000000000301983
00600010000000000000000532330000000024574380005000000000516062
00600010000000000000000532340000000143004260005000000003003090
00600010000000000000000532350000000051190080005000000001074992
00600010000000000000000532360000000045619800005000000000958016
00600010000000000000000532370000000023789290005000000000499575
00600010000000000000000532380000000007272730005000000000152727
00600010000000000000000532390000000028971070005000000000608393
00600010000000000000000532400000000003140500005000000000065951
00600010000000000000000532410000000035123940005000000000737603
00600010000000000000000532420000000076235540005000000001600946
00600010000000000000000532430000000022768590005000000000478140
00600010000000000000000532440000000053074380005000000001114562
00600010000000000000000532450000000024888420005000000000522657
00600010000000000000000532460000000019785120005000000000415488
00600010000000000000000532470000000019752070005000000000414794
00600010000000000000000532480000000018371900005000000000385810
00600010000000000000000532490000000019785130005000000000415488
00600010000000000000000532500000000008347110005000000000175289
00600010000000000000000532510000000002148760005000000000045124
00600010000000000000000532520000000017429760005000000000366025
00600010000000000000000532530000000008099170005000000000170083
00600010000000000000000532540000000007190080005000000000150992
00600010000000000000000532550000000013553720005000000000284628
00600010000000000000000532560000000008925620005000000000187438
00600010000000000000000532570000000036272720005000000000761727
00600010000000000000000532580000000013719020005000000000288099
00600010000000000000000532590000000100181880005000000002103819
00600010000000000000000532600000000009173550005000000000192644
00600010000000000000000532610000000013388430005000000000281157
00600010000000000000000532620000000011404960005000000000239504
00600010000000000000000532630000000016095060005000000000337996
00600010000000000000000532640000000006611570005000000000138843
00600010000000000000000532650000000013471070005000000000282893
00600010000000000000000532660000000015206610005000000000319339
00600010000000000000000532670000000018528910005000000000389107
00600010000000000000000532680000000001818180005000000000038182
00600010000000000000000532690000000004793390005000000000100661
00600010000000000000000532700000000013388440005000000000281157
00600010000000000000000532710000000025289250005000000000531074
00600010000000000000000532720000000008099170005000000000170083
00600010000000000000000532730000000011157000005000000000234297
00600010000000000000000532740000000016016530005000000000336347
00600010000000000000000532750000000031640500005000000000664450
00600010000000000000000532760000000001404950005000000000029504
00600010000000000000000532770000000019000010005000000000399000
00600010000000000000000532780000000028578510005000000000600149
00600010000000000000000532790000000026772730005000000000562227
00600010000000000000000532800000000002148760005000000000045124
00600010000000000000000532810000000000909090005000000000019091
00600010000000000000000532820000000023789260005000000000499574
00600010000000000000000532830000000058413240005000000001226678
00600010000000000000000532840000000036665290005000000000769971
00600010000000000000000532850000000020884290005000000000438570
00600010000000000000000532860000000004793390005000000000100661
00600010000000000000000532870000000034152880005000000000717211
00600010000000000000000532880000000020334710005000000000427029
00600010000000000000000532890000000025359460005000000000532549
00600010000000000000000532900000000019392560005000000000407244
00600010000000000000000532910000000040198350005000000000844165
00600010000000000000000532920000000013140500005000000000275950
00600010000000000000000532930000000034380120005000000000721982
00600010000000000000000532940000000012396680005000000000260330
00600010000000000000000532950000000016095030005000000000337996
00600010000000000000000532960000000006611570005000000000138843
00600010000000000000000532970000000003140500005000000000065951
00600010000000000000000532980000000005454550005000000000114545
00600010000000000000000532990000000036351240005000000000763376
00600010000000000000000533000000000009090920005000000000190909
00600010000000000000000533010000000010247900005000000000215206
00600010000000000000000533020000000010247900005000000000215206
00600010000000000000000533030000000002809920005000000000059008
00600010000000000000000533040000000033603310005000000000705669
00600010000000000000000533050000000042632210005000000000895276
00600010000000000000000533060000000060169400005000000001263557
00600010000000000000000533070000000006322310005000000000132769
00600010000000000000000533080000000042475240005000000000891980
00600010000000000000000533090000000034074390005000000000715562
00600010000000000000000533100000000024260370005000000000509468
00600010000000000000000533110000000016363630005000000000343636
00600010000000000000000533120000000020491740005000000000430327
00600010000000000000000533130000000044876010005000000000942396
00600010000000000000000533140000000023161160005000000000486384
00600010000000000000000533150000000026851240005000000000563876
00600010000000000000000533160000000023161160005000000000486384
00600010000000000000000533170000000007603310005000000000159670
00600010000000000000000533180000000005371880005000000000112810
00600010000000000000000533190000000020805780005000000000436921
00600010000000000000000533200000000007107430005000000000149256
00600010000000000000000533210000000005454550005000000000114546
00600010000000000000000533220000000040041310005000000000840868
00600010000000000000000533230000000061396710005000000001289331
00600010000000000000000533240000000016173550005000000000339644
00600010000000000000000533250000000054880160005000000001152483
00600010000000000000000533260000000009338840005000000000196116
00600010000000000000000533270000000014214880005000000000298513
00600010000000000000000533280000000004545450005000000000095455
00600010000000000000000533290000000020020660005000000000420434
00600010000000000000000533300000000025516520005000000000535847
00600010000000000000000533310000000003553720005000000000074628
00600010000000000000000533320000000014838860005000000000311616
00600010000000000000000533330000000136218990005000000002860599
00600010000000000000000533340000000011239670005000000000236033
00600010000000000000000533350000000026066120005000000000547389
00600010000000000000000533360000000012396680005000000000260330
00600010000000000000000533370000000019706600005000000000413839
00600010000000000000000533380000000024652880005000000000517711
00600010000000000000000533390000000074979340005000000001574566
00600010000000000000000533400000000025516520005000000000535847
00600010000000000000000533410000000007603310005000000000159669
00600010000000000000000533420000000007929750005000000000166525
00600010000000000000000533430000000024731400005000000000519359
00600010000000000000000533440000000012479340005000000000262066
00600010000000000000000533450000000007768590005000000000163140
00600010000000000000000533460000000016280990005000000000341901
00600010000000000000000533470000000054958650005000000001154132
00600010000000000000000533480000000015702470005000000000329752
00600010000000000000000533490000000008347110005000000000175289
00600010000000000000000533500000000014132230005000000000296777
00600010000000000000000533510000000007603310005000000000159670
00600010000000000000000533520000000096631110005000000002029253
00600010000000000000000533530000000023710750005000000000497926
00600010000000000000000533540000000017900830005000000000375917
00600010000000000000000533550000000040747940005000000000855707
00600010000000000000000533560000000011322310005000000000237769
00600010000000000000000533570000000008033060005000000000168694
00600010000000000000000533580000000007603310005000000000159670
00600010000000000000000533590000000033367770005000000000700723
00600010000000000000000533600000000021652900005000000000454711
00600010000000000000000533610000000017520660005000000000367934
00600010000000000000000533620000000018764460005000000000394054
00600010000000000000000533630000000007272730005000000000152727
00600010000000000000000533640000000012809920005000000000269008
00600010000000000000000533650000000020413220005000000000428678
00600010000000000000000533660000000024710740005000000000518926
00600010000000000000000533670000000024652900005000000000517711
00600010000000000000000533680000000077607410005000000001629756
00600010000000000000000533690000000035578530005000000000747149
00600010000000000000000533700000000055219040005000000001159600
00600010000000000000000533710000000023161160005000000000486384
00600010000000000000000533720000000032314070005000000000678595
00600010000000000000000533730000000077491740005000000001627327
00600010000000000000000533740000000027190100005000000000570992
00600010000000000000000533750000000004462800005000000000093719
00600010000000000000000533760000000026611570005000000000558843
00600010000000000000000533770000000013611540005000000000285842
00600010000000000000000533780000000018293390005000000000384161
00600010000000000000000533790000000028099190005000000000590083
00600010000000000000000533800000000016694200005000000000350578
00600010000000000000000533810000000018136370005000000000380864
00600010000000000000000533820000000007851240005000000000164876
00600010000000000000000533830000000026442140005000000000555285
00600010000000000000000533840000000004082640005000000000085736
00600010000000000000000533850000000025123970005000000000527603
00600010000000000000000533860000000008099170005000000000170083
00600010000000000000000533870000000008760330005000000000183967
00600010000000000000000533880000000030227260005000000000634772
00600010000000000000000533890000000059276840005000000001244814
00600010000000000000000533900000000005103310005000000000107169
00600010000000000000000533910000000001157020005000000000024298
00600010000000000000000533920000000025516530005000000000535847
00600010000000000000000533930000000001322310005000000000027769
00600010000000000000000533940000000006198350005000000000130165
00600010000000000000000533950000000046008260005000000000966174
00600010000000000000000533960000000006033060005000000000126694
00600010000000000000000533970000000002231400005000000000046859
00600010000000000000000533980000000022847130005000000000479790
00600010000000000000000533990000000013223140005000000000277686
00600010000000000000000534000000000041454510005000000000870545
00600010000000000000000534010000000019235540005000000000403946
00600010000000000000000534020000000036822330005000000000773269
00600010000000000000000534030000000008099170005000000000170083
00600010000000000000000534040000000005371900005000000000112810
00600010000000000000000534050000000003471070005000000000072892
00600010000000000000000534060000000003140500005000000000065951
00600010000000000000000534070000000021322280005000000000447768
00600010000000000000000534080000000014995870005000000000314913
00600010000000000000000534090000000002975210005000000000062479
00600010000000000000000534100000000006033060005000000000126694
00600010000000000000000534110000000004380170005000000000091983
00600010000000000000000534120000000006611570005000000000138843
00600010000000000000000534130000000033681790005000000000707318
00600010000000000000000534140000000003636360005000000000076364
00600010000000000000000534150000000047185960005000000000990905
00600010000000000000000534160000000000371900005000000000007810
00600010000000000000000534170000000008099170005000000000170083
00600010000000000000000534180000000026458670005000000000555632
00600010000000000000000534190000000008347110005000000000175289
00600010000000000000000534200000000010247900005000000000215206
00600010000000000000000534210000000006776860005000000000142314
00600010000000000000000534220000000046400830005000000000974417
00600010000000000000000534230000000005123970005000000000107603
00600010000000000000000534240000000007603310005000000000159670
00600010000000000000000534250000000000991740005000000000020826
00600010000000000000000534260000000024024790005000000000504521
00600010000000000000000534270000000102458680005000000002151632
00600010000000000000000534280000000001818180005000000000038182
00600010000000000000000534290000000004049590005000000000085041
00600010000000000000000534300000000004462790005000000000093719
00600010000000000000000534310000000017586780005000000000369322
00600010000000000000000534320000000021041330005000000000441868
00600010000000000000000534330000000028020640005000000000588433
00600010000000000000000534340000000050640500005000000001063450
00600010000000000000000534350000000016694200005000000000350578
00600010000000000000000534360000000039177660005000000000822731
00600010000000000000000534370000000016644620005000000000349537
00600010000000000000000534380000000000991740005000000000020826
00600010000000000000000534390000000034780940005000000000730400
00600010000000000000000534400000000002231400005000000000046859
00600010000000000000000534410000000004462790005000000000093719
00600010000000000000000534420000000018842970005000000000395702
00600010000000000000000534430000000005206600005000000000109339
00600010000000000000000534440000000002892550005000000000060744
00600010000000000000000534450000000020491740005000000000430326
00600010000000000000000534460000000030619820005000000000643016
00600010000000000000000534470000000015859500005000000000333050
00600010000000000000000534480000000020909070005000000000439091
00600010000000000000000534490000000004297520005000000000090248
00600010000000000000000534500000000021433880005000000000450112
00600010000000000000000534510000000022533060005000000000473194
00600010000000000000000534520000000003636360005000000000076364
00600010000000000000000534530000000004297520005000000000090248
00600010000000000000000534540000000004793390005000000000100661
00600010000000000000000534550000000003719010005000000000078099
00600010000000000000000534560000000023318180005000000000489682
00600010000000000000000534570000000011570260005000000000242975
00600010000000000000000534580000000014876030005000000000312397
00600010000000000000000534590000000006198350005000000000130165
00600010000000000000000534600000000019392570005000000000407244
00600010000000000000000534610000000004297520005000000000090248
00600010000000000000000534620000000009185950005000000000192905
00600010000000000000000534630000000003471070005000000000072892
00600010000000000000000534640000000006033060005000000000126694
00600010000000000000000534650000000003636360005000000000076364
00600010000000000000000534660000000017851250005000000000374876
00600010000000000000000534670000000001983470005000000000041653
00600010000000000000000534680000000026301650005000000000552335
00600010000000000000000534690000000030933880005000000000649612
00600010000000000000000534700000000003140490005000000000065950
00600010000000000000000534710000000043495870005000000000913413
00600010000000000000000534720000000016330580005000000000342942
00600010000000000000000534730000000016115700005000000000338430
00600010000000000000000534740000000004132230005000000000086777
00600010000000000000000534750000000045851240005000000000962876
00600010000000000000000534760000000006942140005000000000145785
00600010000000000000000534770000000023710780005000000000497926
00600010000000000000000534780000000016694210005000000000350578
00600010000000000000000534790000000039648780005000000000832624
00600010000000000000000534800000000004710740005000000000098926
00600010000000000000000534810000000015867800005000000000333224
00600010000000000000000534820000000024495860005000000000514413
00600010000000000000000534830000000003388430005000000000071157
00600010000000000000000534840000000007933880005000000000166611
00600010000000000000000534850000000000991740005000000000020826
00600010000000000000000534860000000023396680005000000000491330
00600010000000000000000534870000000102380130005000000002149983
00600010000000000000000534880000000021842150005000000000458685
00600010000000000000000534890000000000991740005000000000020826
00600010000000000000000534900000000006611570005000000000138843
00600010000000000000000534910000000005785120005000000000121488
00600010000000000000000534920000000013223140005000000000277686
00600010000000000000000534930000000014876030005000000000312397
00600010000000000000000534940000000097020700005000000002037435
00600010000000000000000534950000000005785120005000000000121488
00600010000000000000000534960000000007177690005000000000150731
00600010000000000000000534970000000042694200005000000000896578
00600010000000000000000534980000000014876030005000000000312397
00600010000000000000000534990000000002793390005000000000058661
00600010000000000000000535000000000014876030005000000000312397
00600010000000000000000535010000000035264550005000000000740555
00600010000000000000000535020000000006946270005000000000145872
00600010000000000000000535030000000025082640005000000000526736
00600010000000000000000535040000000058652860005000000001231710
00600010000000000000000535050000000011570250005000000000242975
00600010000000000000000535060000000014876030005000000000312397
00600010000000000000000535070000000273223140005000000005737686
00600010000000000000000535080000000030661140005000000000643884
00600010000000000000000535090000000123731410005000000002598360
00600010000000000000000535100000000019297520005000000000405248
00600010000000000000000535110000000005318180005000000000111682
00600010000000000000000535120000000011570250005000000000242975
00600010000000000000000535130000000018873920005000000000396352
00600010000000000000000535140000000019190060005000000000402991
00600010000000000000000535150000000054669410005000000001148058
00600010000000000000000535160000000049032180005000000001029676
00600010000000000000000535170000000012756210005000000000267880
00600010000000000000000535180000000032942150005000000000691785
00600010000000000000000535190000000005785120005000000000121488
00600010000000000000000535200000000004462810005000000000093719
00600010000000000000000535210000000009834710005000000000206529
00600010000000000000000535220000000005785120005000000000121488
00600010000000000000000535230000000005785120005000000000121488
00600010000000000000000535240000000105471070005000000002214892
00600010000000000000000535250000000192388420005000000004040157
00600010000000000000000535260000000175132170005000000003677776
00600010000000000000000535270000000059140500005000000001241950
00600010000000000000000535280000000007520660005000000000157934
00600010000000000000000535290000000023768600005000000000499140
00600010000000000000000535300000000014876030005000000000312397
00600010000000000000000535310000000005785120005000000000121488
00600010000000000000000535320000000043190070005000000000906991
00600010000000000000000535330000000044383060005000000000932044
00600010000000000000000535340000000041413200005000000000869677
00600010000000000000000535350000000173256250005000000003638381
00600010000000000000000535360000000015212810005000000000319469
00600010000000000000000535370000000028925600005000000000607438
00600010000000000000000535380000000011487600005000000000241240
00600010000000000000000535390000000002066120005000000000043389
00600010000000000000000535400000000005785120005000000000121488
00600010000000000000000535410000000027396690005000000000575331
00600010000000000000000535420000000023429750005000000000492025
00600010000000000000000535430000000034074380005000000000715562
00600010000000000000000535440000000050578500005000000001062148
00600010000000000000000535450000000399184160005000000008382867
00600010000000000000000535460000000398230580005000000008362842
00600010000000000000000535470000000489356010005000000010276476
00600010000000000000000535480000000282479830005000000005932076
00600010000000000000000535490000000173972310005000000003653419
00600010000000000000000535500000000017355380005000000000364463
00600010000000000000000535510000000041528930005000000000872107
00600010000000000000000535520000000052466940005000000001101806
00600010000000000000000535530000000014876030005000000000312397
00600010000000000000000535540000000000297520005000000000006248
00600010000000000000000535550000000029462810005000000000618719
00600010000000000000000535560000000055247860005000000001160205
00600010000000000000000535570000000004462810005000000000093719
00600010000000000000000535580000000008590900005000000000180409
00600010000000000000000535590000000028925600005000000000607438
00600010000000000000000535600000000017121890005000000000359560
00600010000000000000000535610000000005020660005000000000105434
00600010000000000000000535620000000009628100005000000000202190
00600010000000000000000535630000000016214880005000000000340512
00600010000000000000000535640000000064780990005000000001360401
00600010000000000000000535650000000046714850005000000000981012
00600010000000000000000535660000000004814050005000000000101095
00600010000000000000000535670000000024024790005000000000504521
00600010000000000000000535680000000023396700005000000000491331
00600010000000000000000535690000000010636370005000000000223364
00600010000000000000000535700000000193586780005000000004065322
00600010000000000000000535710000000014800000005000000000310800
00600010000000000000000535720000000007570250005000000000158975
00600010000000000000000535730000000056636440005000000001189365
00600010000000000000000535740000000122983460005000000002582653
00600010000000000000000535750000000030558680005000000000641732
00600010000000000000000535760000000073212810005000000001537469
00600010000000000000000535770000000048966940005000000001028306
00600010000000000000000535780000000098580170005000000002070183
00600010000000000000000535790000000313900790005000000006591917
00600010000000000000000535800000000250999980005000000005270999
00600010000000000000000535810000000024909090005000000000523091
00600010000000000000000535820000000055671650005000000001169105
00600010000000000000000535830000000023140500005000000000485950
00600010000000000000000535840000000027223140005000000000571686
00600010000000000000000535850000000005735530005000000000120446
00600010000000000000000535860000000023216940005000000000487556
00600010000000000000000535870000000044628100005000000000937190
00600010000000000000000535880000000014876030005000000000312397
00600010000000000000000535890000000018384280005000000000386070
00600010000000000000000535900000000009876030005000000000207397
00600010000000000000000535910000000014876030005000000000312397
00600010000000000000000535920000000014876030005000000000312397
00600010000000000000000535930000000014876030005000000000312397
00600010000000000000000535940000000003966940005000000000083306
00600010000000000000000535950000000003966940005000000000083306
00600010000000000000000535960000000004462810005000000000093719
00600010000000000000000535970000000004462810005000000000093719
00600010000000000000000535980000000014876030005000000000312397
00600010000000000000000535990000000035869820005000000000753266
00600010000000000000000536000000000034491730005000000000724326
00600010000000000000000536010000000016475220005000000000345980
00600010000000000000000536020000000005785120005000000000121488
00600010000000000000000536030000000005785120005000000000121488
00600010000000000000000536040000000005785120005000000000121488
00600010000000000000000536050000000019834710005000000000416529
00600010000000000000000536060000000025173550005000000000528645
00600010000000000000000536070000000025421450005000000000533850
00600010000000000000000536080000000014876030005000000000312397
00600010000000000000000536090000000020161190005000000000423385
00600010000000000000000536100000000004462810005000000000093719
00600010000000000000000536110000000004049590005000000000085041
00600010000000000000000536120000000014876030005000000000312397
00600010000000000000000536130000000005785120005000000000121488
00600010000000000000000536140000000005785120005000000000121488
00600010000000000000000536150000000014876030005000000000312397
00600010000000000000000536160000000078322310005000000001644768
00600010000000000000000536170000000014710700005000000000308925
00600010000000000000000536180000000005785120005000000000121488
00600010000000000000000536190000000122968920005000000002582347
00600010000000000000000536200000000039836360005000000000836564
00600010000000000000000536210000000004958680005000000000104132
00600010000000000000000536220000000033683960005000000000707363
00600010000000000000000536230000000014876030005000000000312397
00600010000000000000000536240000000011115700005000000000233430
00600010000000000000000536250000000004462810005000000000093719
00600010000000000000000536260000000022514460005000000000472804
00600010000000000000000536270000000006026060005000000000126547
00600010000000000000000536280000000014876030005000000000312397
00600010000000000000000536290000000007516530005000000000157847
00600010000000000000000536300000000042429750005000000000891025
00600010000000000000000536310000000007024790005000000000147521
00600010000000000000000536320000000006694220005000000000140579
00600010000000000000000536330000000007024790005000000000147521
00600010000000000000000536340000000040165290005000000000843471
00600010000000000000000536350000000057659500005000000001210850
00600010000000000000000536360000000048555370005000000001019663
00600010000000000000000536370000000023925620005000000000502438
00600010000000000000000536380000000023157020005000000000486298
00600010000000000000000536390000000072662030005000000001525903
00600010000000000000000536400000000019471110005000000000408893
00600010000000000000000536410000000030347140005000000000637290
00600010000000000000000536420000000003487600005000000000073240
00600010000000000000000536430000000051316260005000000001077641
00600010000000000000000536440000000038566080005000000000809888
00600010000000000000000536450000000109903410005000000002307972
00600010000000000000000536460000000025183940005000000000528863
00600010000000000000000536470000000031656990005000000000664797
00600010000000000000000536480000000235438220005000000004944203
00600010000000000000000536490000000055537190005000000001166281
00600010000000000000000536500000000014876030005000000000312397
00600010000000000000000536510000000086776860005000000001822314
00600010000000000000000536520000000082578540005000000001734149
00600010000000000000000536530000000021039260005000000000441824
00600010000000000000000536540000000014876030005000000000312397
00600010000000000000000536550000000043378100005000000000910940
00600010000000000000000536560000000026413260005000000000554678
00600010000000000000000536570000000005785120005000000000121488
00600010000000000000000536580000000027494210005000000000577379
00600010000000000000000536590000000053528890005000000001124107
00600010000000000000000536600000000015041320005000000000315868
00600010000000000000000536610000000035611570005000000000747843
00600010000000000000000536620000000018685950005000000000392405
00600010000000000000000536630000000018545450005000000000389455
00600010000000000000000536640000000058165310005000000001221472
00600010000000000000000536650000000003867770005000000000081223
00600010000000000000000536660000000002892560005000000000060744
00600010000000000000000536670000000056958700005000000001196133
00600010000000000000000536680000000032805780005000000000688921
00600010000000000000000536690000000008183880005000000000171862
00600010000000000000000536700000000005022730005000000000105477
00600010000000000000000536710000000003867770005000000000081223
00600010000000000000000536720000000003867770005000000000081223
00600010000000000000000536730000000196680390005000000004130288
00600010000000000000000536740000000037786410005000000000793515
00600010000000000000000536750000000016016530005000000000336347
00600010000000000000000536760000000030698440005000000000644667
00600010000000000000000536770000000191702720005000000004025757
00600010000000000000000536780000000074884310005000000001572571
00600010000000000000000536790000000034210780005000000000718426
00600010000000000000000536800000000032138440005000000000674907
00600010000000000000000536810000000029855430005000000000626964
00600010000000000000000536820000000035088860005000000000736866
00600010000000000000000536830000000008033060005000000000168694
00600010000000000000000536840000000015278880005000000000320856
00600010000000000000000536850000000005785120005000000000121488
00600010000000000000000536860000000029750000005000000000624750
00600010000000000000000536870000000014876030005000000000312397
00600010000000000000000536880000000005785120005000000000121488
00600010000000000000000536890000000046078510005000000000967649
00600010000000000000000536900000000050485530005000000001060196
00600010000000000000000536910000000004276860005000000000089814
00600010000000000000000536920000000018545450005000000000389455
00600010000000000000000536930000000030909070005000000000649090
00600010000000000000000536940000000014876030005000000000312397
00600010000000000000000536950000000008033060005000000000168694
00600010000000000000000536960000000038336780005000000000805072
00600010000000000000000536970000000003429750005000000000072025
00600010000000000000000536980000000003301650005000000000069335
00600010000000000000000536990000000022995880005000000000482913
00600010000000000000000537000000000060714870005000000001275012
00600010000000000000000537010000000050347110005000000001057289
00600010000000000000000537020000000058340920005000000001225159
00600010000000000000000537030000000040165300005000000000843471
00600010000000000000000537040000000014119860005000000000296517
00600010000000000000000537050000000019599170005000000000411583
00600010000000000000000537060000000117685970005000000002471405
00600010000000000000000537070000000047909320005000000001006096
00600010000000000000000537080000000009132220005000000000191777
00600010000000000000000537090000000026097100005000000000548039
00600010000000000000000537100000000027185970005000000000570905
00600010000000000000000537110000000309751550005000000006504783
00600010000000000000000537120000000247323790005000000005193800
00600010000000000000000537130000000014008260005000000000294174
00600010000000000000000537140000000074975290005000000001574481
00600010000000000000000537150000000017203330005000000000361270
00600010000000000000000537160000000004462810005000000000093719
00600010000000000000000537170000000073549620005000000001544542
00600010000000000000000537180000000024059920005000000000505258
00600010000000000000000537190000000046750130005000000000981753
00600010000000000000000537200000000037266510005000000000782597
00600010000000000000000537210000000050347170005000000001057291
00600010000000000000000537220000000024214830005000000000508512
00600010000000000000000537230000000016086780005000000000337822
00600010000000000000000537240000000026074340005000000000547561
00600010000000000000000537250000000108989690005000000002288783
00600010000000000000000537260000000007586780005000000000159322
00600010000000000000000537270000000011396690005000000000239331
00600010000000000000000537280000000005454550005000000000114546
00600010000000000000000537290000000007586780005000000000159322
00600010000000000000000537300000000007586780005000000000159322
00600010000000000000000537310000000007586780005000000000159322
00600010000000000000000537320000000027115700005000000000569430
00600010000000000000000537330000000026202480005000000000550252
00600010000000000000000537340000000006954550005000000000146045
00600010000000000000000537350000000042078500005000000000883648
00600010000000000000000537360000000054206610005000000001138339
00600010000000000000000537370000000004628100005000000000097190
00600010000000000000000537380000000041745500005000000000876656
00600010000000000000000537390000000095662920005000000002008921
00600010000000000000000537400000000014876030005000000000312397
00600010000000000000000537410000000020547560005000000000431499
00600010000000000000000537420000000002231400005000000000046859
00600010000000000000000537430000000011570250005000000000242975
00600010000000000000000537440000000011570250005000000000242975
00600010000000000000000537450000000019247980005000000000404208
00600010000000000000000537460000000022900830005000000000480917
00600010000000000000000537470000000166333250005000000003492998
00600010000000000000000537480000000197797340005000000004153744
00600010000000000000000537490000000025556230005000000000536681
00600010000000000000000537500000000046890500005000000000984700
00600010000000000000000537510000000070829840005000000001487427
00600010000000000000000537520000000004958680005000000000104132
00600010000000000000000537530000000030638460005000000000643408
00600010000000000000000537540000000023999960005000000000503999
00800010000000000000000015890000000008677690005000000000182231
00800010000000000000000015900000000004462810005000000000093719
00800010000000000000000015910000000014876030005000000000312397
00800010000000000000000015920000000050719010005000000001065099
00800010000000000000000015930000000011900830005000000000249917
00800010000000000000000015940000000043504170005000000000913588
00800010000000000000000015950000000005355370005000000000112463
00800010000000000000000015960000000007516530005000000000157847
00800010000000000000000015970000000250630870005000000005263248
00800010000000000000000015980000000055445420005000000001164354
00800010000000000000000015990000000097020700005000000002037435
00800010000000000000000016000000000004462810005000000000093719
00800010000000000000000016010000000057659500005000000001210850
00800010000000000000000016020000000258248170005000000005423212
00800010000000000000000016030000000235438220005000000004944203
00800010000000000000000016040000000003867770005000000000081223
00800010000000000000000016050000000003867770005000000000081223
00800010000000000000000016060000000050347110005000000001057289
00100011000000000000000019200000000090154970005000000001893254
00100011000000000000000019210000000060619830005000000001273017
00100011000000000000000019220000000023925620005000000000502438
00100011000000000000000019230000000006074380005000000000127562
00100011000000000000000019240000000060867790005000000001278224
00100011000000000000000019250000000005082640005000000000106735
00100011000000000000000019260000000096198500005000000002020169
00100011000000000000000019270000000191776860005000000004027314
00100011000000000000000019280000000045206610005000000000949339
00100011000000000000000019290000000052157040005000000001095298
00100011000000000000000019300000000026975210005000000000566479
00100011000000000000000019310000000276872770005000000005814328
00100011000000000000000019320000000024832670005000000000521486
00100011000000000000000019330000000003377240005000000000070922
00600011000000000000000368760000000037231400005000000000781860
00600011000000000000000368770000000053520660005000000001123934
00600011000000000000000368780000000070880310005000000001488487
00600011000000000000000368790000000056725200005000000001191229
00600011000000000000000368800000000012644640005000000000265537
00600011000000000000000368810000000023388430005000000000491157
00600011000000000000000368820000000061783080005000000001297445
00600011000000000000000368830000000011204540005000000000235295
00600011000000000000000368840000000014545450005000000000305455
00600011000000000000000368850000000037652890005000000000790711
00600011000000000000000368860000000037266530005000000000782597
00600011000000000000000368870000000014876030005000000000312397
00600011000000000000000368880000000003099170005000000000065083
00600011000000000000000368890000000035750010005000000000750750
00600011000000000000000368900000000029349190005000000000616333
00600011000000000000000368910000000030522730005000000000640977
00600011000000000000000368920000000073898760005000000001551874
00600011000000000000000368930000000008394640005000000000176287
00600011000000000000000368940000000011134300005000000000233820
00600011000000000000000368950000000002319600005000000000048712
00600011000000000000000368960000000005082640005000000000106735
00600011000000000000000368970000000013628100005000000000286190
00600011000000000000000368980000000013803720005000000000289878
00600011000000000000000368990000000051989670005000000001091783
00600011000000000000000369000000000009886360005000000000207614
00600011000000000000000369010000000017281030005000000000362902
00600011000000000000000369020000000026448350005000000000555415
00600011000000000000000369030000000018772730005000000000394227
00600011000000000000000369040000000016051650005000000000337085
00600011000000000000000369050000000099014520005000000002079305
00600011000000000000000369060000000018636400005000000000391364
00600011000000000000000369070000000013223140005000000000277686
00600011000000000000000369080000000055082640005000000001156736
00600011000000000000000369090000000013223140005000000000277686
00600011000000000000000369100000000017801660005000000000373835
00600011000000000000000369110000000004039260005000000000084824
00600011000000000000000369120000000072039280005000000001512825
00600011000000000000000369130000000023942100005000000000502784
00600011000000000000000369140000000015314060005000000000321595
00600011000000000000000369150000000005785120005000000000121488
00600011000000000000000369160000000017818180005000000000374182
00600011000000000000000369170000000096950370005000000002035958
00600011000000000000000369180000000003099170005000000000065083
00600011000000000000000369190000000048532920005000000001019191
00600011000000000000000369200000000005033050005000000000105694
00600011000000000000000369210000000028204550005000000000592296
00600011000000000000000369220000000014876030005000000000312397
00600011000000000000000369230000000024299580005000000000510291
00600011000000000000000369240000000014690080005000000000308492
00600011000000000000000369250000000004049590005000000000085041
00600011000000000000000369260000000005785120005000000000121488
00600011000000000000000369270000000040869860005000000000858267
00600011000000000000000369280000000010221080005000000000214643
00600011000000000000000369290000000016754160005000000000351837
00600011000000000000000369300000000034351240005000000000721376
00600011000000000000000369310000000004958680005000000000104132
00600011000000000000000369320000000081593010005000000001713453
00600011000000000000000369330000000017975210005000000000377479
00600011000000000000000369340000000027438000005000000000576198
00600011000000000000000369350000000064043390005000000001344911
00600011000000000000000369360000000062960740005000000001322176
00600011000000000000000369370000000037227240005000000000781772
00600011000000000000000369380000000027326490005000000000573856
00600011000000000000000369390000000004462810005000000000093719
00600011000000000000000369400000000013057900005000000000274216
00600011000000000000000369410000000017316110005000000000363638
00600011000000000000000369420000000030227260005000000000634773
00600011000000000000000369430000000050165300005000000001053471
00600011000000000000000369440000000143853390005000000003020921
00600011000000000000000369450000000029968980005000000000629349
00600011000000000000000369460000000009545450005000000000200454
00600011000000000000000369470000000014876030005000000000312397
00600011000000000000000369480000000028274810005000000000593771
00600011000000000000000369490000000018404970005000000000386504
00600011000000000000000369500000000004462810005000000000093719
00600011000000000000000369510000000027438000005000000000576198
00600011000000000000000369520000000008677690005000000000182231
00600011000000000000000369530000000022128090005000000000464690
00600011000000000000000369540000000014876030005000000000312397
00600011000000000000000369550000000021917330005000000000460264
00600011000000000000000369560000000030138430005000000000632907
00600011000000000000000369570000000040322310005000000000846769
00600011000000000000000369580000000026061980005000000000547302
00600011000000000000000369590000000018892560005000000000396744
00600011000000000000000369600000000003487600005000000000073240
00600011000000000000000369610000000005661160005000000000118884
00600011000000000000000369620000000014876030005000000000312397
00600011000000000000000369630000000021942150005000000000460785
00600011000000000000000369640000000057896690005000000001215831
00600011000000000000000369650000000013838840005000000000290616
00600011000000000000000369660000000006710740005000000000140926
00600011000000000000000369670000000007586780005000000000159322
00600011000000000000000369680000000009289260005000000000195074
00600011000000000000000369690000000009289260005000000000195074
00600011000000000000000369700000000004462810005000000000093719
00600011000000000000000369710000000006334710005000000000133029
00600011000000000000000369720000000070801680005000000001486835
00600011000000000000000369730000000023371900005000000000490810
00600011000000000000000369740000000004462810005000000000093719
00600011000000000000000369750000000010413220005000000000218678
00600011000000000000000369760000000052299580005000000001098291
00600011000000000000000369770000000014876030005000000000312397
00600011000000000000000369780000000013223140005000000000277686
00600011000000000000000369790000000010413220005000000000218678
00600011000000000000000369800000000027644650005000000000580538
00600011000000000000000369810000000010413220005000000000218678
00600011000000000000000369820000000045239680005000000000950033
00600011000000000000000369830000000014876030005000000000312397
00600011000000000000000369840000000067895810005000000001425812
00600011000000000000000369850000000013223140005000000000277686
00600011000000000000000369860000000040619820005000000000853016
00600011000000000000000369870000000014876030005000000000312397
00600011000000000000000369880000000012024800005000000000252521
00600011000000000000000369890000000014876030005000000000312397
00600011000000000000000369900000000005785120005000000000121488
00600011000000000000000369910000000018545450005000000000389455
00600011000000000000000369920000000060601250005000000001272626
00600011000000000000000369930000000004462810005000000000093719
00600011000000000000000369940000000014876030005000000000312397
00600011000000000000000369950000000023111560005000000000485343
00600011000000000000000369960000000023264470005000000000488554
00600011000000000000000369970000000013223140005000000000277686
00600011000000000000000369980000000029644630005000000000622537
00600011000000000000000369990000000032363640005000000000679637
00600011000000000000000370000000000009545450005000000000200454
00600011000000000000000370010000000047314050005000000000993595
00600011000000000000000370020000000014876030005000000000312397
00600011000000000000000370030000000014876030005000000000312397
00600011000000000000000370040000000005909090005000000000124091
00600011000000000000000370050000000073243850005000000001538121
00600011000000000000000370060000000010413220005000000000218678
00600011000000000000000370070000000010413220005000000000218678
00600011000000000000000370080000000013223140005000000000277686
00600011000000000000000370090000000013223140005000000000277686
00600011000000000000000370100000000004611570005000000000096843
00600011000000000000000370110000000051229220005000000001075814
00600011000000000000000370120000000051033020005000000001071693
00600011000000000000000370130000000048495840005000000001018413
00600011000000000000000370140000000009049590005000000000190041
00600011000000000000000370150000000027438000005000000000576198
00600011000000000000000370160000000015289300005000000000321075
00600011000000000000000370170000000023764470005000000000499054
00600011000000000000000370180000000007066120005000000000148389
00600011000000000000000370190000000009460740005000000000198676
00600011000000000000000370200000000024938020005000000000523698
00600011000000000000000370210000000042159090005000000000885341
00600011000000000000000370220000000014876030005000000000312397
00600011000000000000000370230000000011712810005000000000245969
00600011000000000000000370240000000015247930005000000000320207
00600011000000000000000370250000000053809940005000000001130009
00600011000000000000000370260000000004462810005000000000093719
00600011000000000000000370270000000014652900005000000000307711
00600011000000000000000370280000000004900830005000000000102917
00600011000000000000000370290000000013057900005000000000274216
00600011000000000000000370300000000017107390005000000000359255
00600011000000000000000370310000000013066120005000000000274388
00600011000000000000000370320000000049138400005000000001031906
00600011000000000000000370330000000008008280005000000000168174
00600011000000000000000370340000000008966940005000000000188306
00600011000000000000000370350000000029293390005000000000615161
00600011000000000000000370360000000023661160005000000000496884
00600011000000000000000370370000000033964880005000000000713262
00600011000000000000000370380000000002107440005000000000044256
00600011000000000000000370390000000013223140005000000000277686
00600011000000000000000370400000000014876030005000000000312397
00600011000000000000000370410000000065857470005000000001383007
00600011000000000000000370420000000010413220005000000000218678
00600011000000000000000370430000000014876030005000000000312397
00600011000000000000000370440000000004462810005000000000093719
00600011000000000000000370450000000014876030005000000000312397
00600011000000000000000370460000000006590910005000000000138409
00600011000000000000000370470000000014876030005000000000312397
00600011000000000000000370480000000008925620005000000000187438
00600011000000000000000370490000000026239600005000000000551032
00600011000000000000000370500000000013223140005000000000277686
00600011000000000000000370510000000104458570005000000002193630
00600011000000000000000370520000000020892570005000000000438744
00600011000000000000000370530000000005123970005000000000107603
00600011000000000000000370540000000003099170005000000000065083
00600011000000000000000370550000000048016520005000000001008347
00600011000000000000000370560000000005349520005000000000112340
00600011000000000000000370570000000039334720005000000000826029
00600011000000000000000370580000000009628100005000000000202190
00600011000000000000000370590000000020330580005000000000426942
00600011000000000000000370600000000066805720005000000001402920
00600011000000000000000370610000000017438040005000000000366199
00600011000000000000000370620000000039371900005000000000826810
00600011000000000000000370630000000029119860005000000000611517
00600011000000000000000370640000000046735530005000000000981446
00600011000000000000000370650000000020743810005000000000435620
00600011000000000000000370660000000026834680005000000000563528
00600011000000000000000370670000000006884300005000000000144570
00600011000000000000000370680000000004462810005000000000093719
00600011000000000000000370690000000014876030005000000000312397
00600011000000000000000370700000000006849170005000000000143833
00600011000000000000000370710000000014876030005000000000312397
00600011000000000000000370720000000066437950005000000001395197
00600011000000000000000370730000000006966940005000000000146306
00600011000000000000000370740000000019212870005000000000403470
00600011000000000000000370750000000021952480005000000000461002
00600011000000000000000370760000000045033100005000000000945695
00600011000000000000000370770000000004628100005000000000097190
00600011000000000000000370780000000005785120005000000000121488
00600011000000000000000370790000000008000010005000000000168000
00600011000000000000000370800000000014049590005000000000295041
00600011000000000000000370810000000025041400005000000000525869
00600011000000000000000370820000000059471070005000000001248893
00600011000000000000000370830000000013016530005000000000273347
00600011000000000000000370840000000032946280005000000000691872
00600011000000000000000370850000000002520660005000000000052934
00600011000000000000000370860000000043233450005000000000907903
00600011000000000000000370870000000013223140005000000000277686
00600011000000000000000370880000000037231400005000000000781859
00600011000000000000000370890000000014876030005000000000312397
00600011000000000000000370900000000009950410005000000000208959
00600011000000000000000370910000000009132230005000000000191777
00600011000000000000000370920000000014876030005000000000312397
00600011000000000000000370930000000174455850005000000003663573
00600011000000000000000370940000000014876030005000000000312397
00600011000000000000000370950000000015371900005000000000322810
00600011000000000000000370960000000037231400005000000000781860
00600011000000000000000370970000000010413220005000000000218678
00600011000000000000000370980000000029295500005000000000615205
00600011000000000000000370990000000038847140005000000000815790
00600011000000000000000371000000000005909090005000000000124091
00600011000000000000000371010000000014876030005000000000312397
00600011000000000000000371020000000032520670005000000000682934
00600011000000000000000371030000000004462810005000000000093719
00600011000000000000000371040000000001545450005000000000032454
00600011000000000000000371050000000033413210005000000000701678
00600011000000000000000371060000000004942130005000000000103785
00600011000000000000000371070000000002107440005000000000044256
00600011000000000000000371080000000009623970005000000000202103
00600011000000000000000371090000000013223140005000000000277686
00600011000000000000000371100000000014876030005000000000312397
00600011000000000000000371110000000008033060005000000000168694
00600011000000000000000371120000000123706580005000000002597838
00600011000000000000000371130000000054732950005000000001149392
00600011000000000000000371140000000039092980005000000000820952
00600011000000000000000371150000000009834710005000000000206529
00600011000000000000000371160000000054909090005000000001153091
00600011000000000000000371170000000010388420005000000000218157
00600011000000000000000371180000000004462810005000000000093719
00600011000000000000000371190000000010413220005000000000218678
00600011000000000000000371200000000009585740005000000000201301
00600011000000000000000371210000000046012410005000000000966261
00600011000000000000000371220000000045237440005000000000949986
00600011000000000000000371230000000014876030005000000000312397
00600011000000000000000371240000000018921490005000000000397351
00600011000000000000000371250000000039603310005000000000831669
00600011000000000000000371260000000015840920005000000000332659
00600011000000000000000371270000000087950400005000000001846958
00600011000000000000000371280000000019090890005000000000400909
00600011000000000000000371290000000023006260005000000000483131
00600011000000000000000371300000000020442160005000000000429285
00600011000000000000000371310000000049958660005000000001049132
00600011000000000000000371320000000015099180005000000000317083
00600011000000000000000371330000000014876030005000000000312397
00600011000000000000000371340000000014876030005000000000312397
00600011000000000000000371350000000033979350005000000000713566
00600011000000000000000371360000000021756190005000000000456880
00600011000000000000000371370000000026904940005000000000565004
00600011000000000000000371380000000006975210005000000000146479
00600011000000000000000371390000000003867770005000000000081223
00600011000000000000000371400000000012892560005000000000270744
00600011000000000000000371410000000014876030005000000000312397
00600011000000000000000371420000000023801700005000000000499836
00600011000000000000000371430000000011033060005000000000231694
00600011000000000000000371440000000016964880005000000000356263
00600011000000000000000371450000000006404960005000000000134504
00600011000000000000000371460000000011966940005000000000251306
00600011000000000000000371470000000004462810005000000000093719
00600011000000000000000371480000000010909100005000000000229091
00600011000000000000000371490000000010783060005000000000226444
00600011000000000000000371500000000009917360005000000000208264
00600011000000000000000371510000000021322310005000000000447769
00600011000000000000000371520000000026363640005000000000553636
00600011000000000000000371530000000026623960005000000000559103
00600011000000000000000371540000000001652890005000000000034711
00600011000000000000000371550000000010045460005000000000210955
00600011000000000000000371560000000019487510005000000000409238
00600011000000000000000371570000000035801600005000000000751834
00600011000000000000000371580000000004834710005000000000101529
00600011000000000000000371590000000010413220005000000000218678
00600011000000000000000371600000000011983470005000000000251653
00600011000000000000000371610000000008429750005000000000177025
00600011000000000000000371620000000000710740005000000000014926
00600011000000000000000371630000000105140490005000000002207950
00600011000000000000000371640000000010413220005000000000218678
00600011000000000000000371650000000006586780005000000000138322
00600011000000000000000371660000000067438100005000000001416200
00600011000000000000000371670000000014876030005000000000312397
00600011000000000000000371680000000014876030005000000000312397
00600011000000000000000371690000000012524790005000000000263021
00600011000000000000000371700000000006561980005000000000137802
00600011000000000000000371710000000023586770005000000000495322
00600011000000000000000371720000000010413220005000000000218678
00600011000000000000000371730000000008144630005000000000171037
00600011000000000000000371740000000010413220005000000000218678
00600011000000000000000371750000000004462810005000000000093719
00600011000000000000000371760000000016611600005000000000348844
00600011000000000000000371770000000017090900005000000000358909
00600011000000000000000371780000000057809950005000000001214009
00600011000000000000000371790000000016115700005000000000338430
00600011000000000000000371800000000031247930005000000000656207
00600011000000000000000371810000000038223140005000000000802686
00600011000000000000000371820000000003487600005000000000073240
00600011000000000000000371830000000034264470005000000000719554
00600011000000000000000371840000000004462810005000000000093719
00600011000000000000000371850000000026214860005000000000550512
00600011000000000000000371860000000004727270005000000000099273
00600011000000000000000371870000000035510950005000000000745730
00600011000000000000000371880000000010993800005000000000230870
00600011000000000000000371890000000016977270005000000000356523
00600011000000000000000371900000000018016510005000000000378347
00600011000000000000000371910000000014876030005000000000312397
00600011000000000000000371920000000010413220005000000000218678
00600011000000000000000371930000000009338840005000000000196116
00600011000000000000000371940000000028896700005000000000606831
00600011000000000000000371950000000017665290005000000000370971
00600011000000000000000371960000000018770670005000000000394184
00600011000000000000000371970000000040307810005000000000846464
00600011000000000000000371980000000040454550005000000000849545
00600011000000000000000371990000000207372270005000000004354818
00600011000000000000000372000000000013553720005000000000284628
00600011000000000000000372010000000034921490005000000000733351
00600011000000000000000372020000000044429750005000000000933025
00600011000000000000000372030000000019710780005000000000413926
00600011000000000000000372040000000024316120005000000000510639
00600011000000000000000372050000000003867770005000000000081223
00600011000000000000000372060000000013805780005000000000289921
00600011000000000000000372070000000025239660005000000000530033
00600011000000000000000372080000000014876030005000000000312397
00600011000000000000000372090000000016353310005000000000343419
00600011000000000000000372100000000014876030005000000000312397
00600011000000000000000372110000000006537190005000000000137281
00600011000000000000000372120000000010413220005000000000218678
00600011000000000000000372130000000014876020005000000000312397
00600011000000000000000372140000000012925610005000000000271438
00600011000000000000000372150000000010165300005000000000213471
00600011000000000000000372160000000010165300005000000000213471
00600011000000000000000372170000000014876030005000000000312397
00600011000000000000000372180000000032157080005000000000675299
00600011000000000000000372190000000015165300005000000000318471
00600011000000000000000372200000000014297510005000000000300248
00600011000000000000000372210000000007297520005000000000153248
00600011000000000000000372220000000047173560005000000000990645
00600011000000000000000372230000000007107440005000000000149256
00600011000000000000000372240000000027892580005000000000585744
00600011000000000000000372250000000018140500005000000000380951
00600011000000000000000372260000000025008240005000000000525173
00600011000000000000000372270000000013946280005000000000292872
00600011000000000000000372280000000027712800005000000000581969
00600011000000000000000372290000000007252070005000000000152293
00600011000000000000000372300000000057024810005000000001197521
00600011000000000000000372310000000014876030005000000000312397
00600011000000000000000372320000000014876030005000000000312397
00600011000000000000000372330000000014876030005000000000312397
00600011000000000000000372340000000021601240005000000000453626
00600011000000000000000372350000000022900790005000000000480917
00600011000000000000000372360000000015657020005000000000328797
00600011000000000000000372370000000022865710005000000000480180
00600011000000000000000372380000000029731440005000000000624360
00600011000000000000000372390000000013057900005000000000274216
00600011000000000000000372400000000014876030005000000000312397
00600011000000000000000372410000000018132210005000000000380777
00600011000000000000000372420000000010413220005000000000218678
00600011000000000000000372430000000005330580005000000000111942
00600011000000000000000372440000000005330580005000000000111942
00600011000000000000000372450000000010413220005000000000218678
00600011000000000000000372460000000012446280005000000000261372
00600011000000000000000372470000000010413220005000000000218678
00600011000000000000000372480000000008429750005000000000177025
00600011000000000000000372490000000028413260005000000000596678
00600011000000000000000372500000000035722970005000000000750182
00600011000000000000000372510000000009495870005000000000199413
00600011000000000000000372520000000010413220005000000000218678
00600011000000000000000372530000000020206570005000000000424338
00600011000000000000000372540000000029714880005000000000624012
00600011000000000000000372550000000017105370005000000000359213
00600011000000000000000372560000000008429750005000000000177025
00600011000000000000000372570000000004462810005000000000093719
00600011000000000000000372580000000005785120005000000000121488
00600011000000000000000372590000000102927680005000000002161481
00600011000000000000000372600000000007272730005000000000152727
00600011000000000000000372610000000015082640005000000000316736
00600011000000000000000372620000000006611570005000000000138843
00600011000000000000000372630000000005785120005000000000121488
00600011000000000000000372640000000023140500005000000000485950
00600011000000000000000372650000000037009180005000000000777193
00600011000000000000000372660000000010413220005000000000218678
00600011000000000000000372670000000047851240005000000001004876
00600011000000000000000372680000000005785120005000000000121488
00600011000000000000000372690000000007454550005000000000156546
00600011000000000000000372700000000011442100005000000000240284
00600011000000000000000372710000000009834710005000000000206529
00600011000000000000000372720000000032876040005000000000690397
00600011000000000000000372730000000026061980005000000000547302
00600011000000000000000372740000000026342980005000000000553202
00600011000000000000000372750000000005785120005000000000121488
00600011000000000000000372760000000084332690005000000001770987
00600011000000000000000372770000000020652900005000000000433711
00600011000000000000000372780000000029367770005000000000616723
00600011000000000000000372790000000013223140005000000000277686
00600011000000000000000372800000000014049580005000000000295041
00600011000000000000000372810000000010642600005000000000223495
00600011000000000000000372820000000021962810005000000000461219
00600011000000000000000372830000000021652890005000000000454711
00600011000000000000000372840000000009202470005000000000193252
00600011000000000000000372850000000014435950005000000000303155
00600011000000000000000372860000000007973140005000000000167436
00600011000000000000000372870000000078330620005000000001644943
00600011000000000000000372880000000014927690005000000000313481
00600011000000000000000372890000000012750030005000000000267751
00600011000000000000000372900000000019694230005000000000413579
00600011000000000000000372910000000008781010005000000000184401
00600011000000000000000372920000000018099190005000000000380083
00600011000000000000000372930000000014876030005000000000312397
00600011000000000000000372940000000014876030005000000000312397
00600011000000000000000372950000000043623960005000000000916103
00600011000000000000000372960000000008359500005000000000175550
00600011000000000000000372970000000016121870005000000000338559
00600011000000000000000372980000000006611570005000000000138843
00600011000000000000000372990000000014833770005000000000311509
00600011000000000000000373000000000006611570005000000000138843
00600011000000000000000373010000000006611570005000000000138843
00600011000000000000000373020000000038531020005000000000809151
00600011000000000000000373030000000024661160005000000000517884
00600011000000000000000373040000000006611570005000000000138843
00600011000000000000000373050000000009132230005000000000191777
00600011000000000000000373060000000022338860005000000000469116
00600011000000000000000373070000000066231400005000000001390860
00600011000000000000000373080000000014876030005000000000312397
00600011000000000000000373090000000025252100005000000000530294
00600011000000000000000373100000000006942150005000000000145785
00600011000000000000000373110000000014876030005000000000312397
00600011000000000000000373120000000007669410005000000000161058
00600011000000000000000373130000000006603300005000000000138669
00600011000000000000000373140000000071793400005000000001507661
00600011000000000000000373150000000003487600005000000000073240
00600011000000000000000373160000000020582640005000000000432236
00600011000000000000000373170000000024446280005000000000513372
00600011000000000000000373180000000022830580005000000000479442
00600011000000000000000373190000000014876030005000000000312397
00600011000000000000000373200000000020407020005000000000428547
00600011000000000000000373210000000023357420005000000000490506
00600011000000000000000373220000000032103320005000000000674170
00600011000000000000000373230000000012442130005000000000261285
00600011000000000000000373240000000003016530005000000000063347
00600011000000000000000373250000000084332660005000000001770986
00600011000000000000000373260000000014876030005000000000312397
00600011000000000000000373270000000006041320005000000000126868
00600011000000000000000373280000000027884300005000000000585570
00600011000000000000000373290000000032103310005000000000674169
00600011000000000000000373300000000013830540005000000000290441
00600011000000000000000373310000000014876030005000000000312397
00600011000000000000000373320000000029363640005000000000616636
00600011000000000000000373330000000014876030005000000000312397
00600011000000000000000373340000000004462810005000000000093719
00600011000000000000000373350000000038390510005000000000806201
00600011000000000000000373360000000025289260005000000000531074
00600011000000000000000373370000000060357150005000000001267500
00600011000000000000000373380000000104212800005000000002188469
00600011000000000000000373390000000022163220005000000000465428
00600011000000000000000373400000000016834710005000000000353529
00600011000000000000000373410000000276872770005000000005814328
00600011000000000000000373420000000072716820005000000001527053
00600011000000000000000373430000000014876030005000000000312397
00600011000000000000000373440000000014876030005000000000312397
00600011000000000000000373450000000004462810005000000000093719
00600011000000000000000373460000000005743800005000000000120620
00600011000000000000000373470000000043659090005000000000916841
00600011000000000000000373480000000022865700005000000000480180
00600011000000000000000373490000000013338840005000000000280116
00600011000000000000000373500000000074262310005000000001559509
00600011000000000000000373510000000008611560005000000000180843
00600011000000000000000373520000000026143860005000000000549021
00600011000000000000000373530000000011652900005000000000244711
00600011000000000000000373540000000037512400005000000000787760
00600011000000000000000373550000000009694220005000000000203579
00600011000000000000000373560000000039725210005000000000834229
00600011000000000000000373570000000012609470005000000000264799
00600011000000000000000373580000000012609520005000000000264800
00600011000000000000000373590000000025816140005000000000542139
00600011000000000000000373600000000016754160005000000000351837
00600011000000000000000373610000000030838840005000000000647616
00600011000000000000000373620000000047101270005000000000989127
00600011000000000000000373630000000025632250005000000000538277
00600011000000000000000373640000000077741690005000000001632576
00600011000000000000000373650000000056338840005000000001183116
00600011000000000000000373660000000093781160005000000001969404
00600011000000000000000373670000000007543390005000000000158411
00600011000000000000000373680000000041270630005000000000866683
00600011000000000000000373690000000027307850005000000000573465
00600011000000000000000373700000000015867730005000000000333222
00600011000000000000000373710000000007621900005000000000160060
00600011000000000000000373720000000013512400005000000000283760
00600011000000000000000373730000000009950410005000000000208959
00600011000000000000000373740000000084710720005000000001778925
00600011000000000000000373750000000014876030005000000000312397
00600011000000000000000373760000000005082650005000000000106736
00600011000000000000000373770000000083314070005000000001749596
00600011000000000000000373780000000021776890005000000000457315
00600011000000000000000373790000000026247910005000000000551206
00600011000000000000000373800000000001438020005000000000030198
00600011000000000000000373810000000022760330005000000000477967
00600011000000000000000373820000000006849170005000000000143833
00600011000000000000000373830000000033358870005000000000700536
00600011000000000000000373840000000010413220005000000000218678
00600011000000000000000373850000000056163240005000000001179428
00600011000000000000000373860000000028239680005000000000593033
00600011000000000000000373870000000007004140005000000000147087
00600011000000000000000373880000000012066120005000000000253389
00600011000000000000000373890000000030838770005000000000647614
00600011000000000000000373900000000038776860005000000000814314
00600011000000000000000373910000000022479270005000000000472065
00600011000000000000000373920000000015840940005000000000332660
00600011000000000000000373930000000115171300005000000002418597
00600011000000000000000373940000000029714860005000000000624012
00600011000000000000000373950000000013206610005000000000277339
00600011000000000000000373960000000005330570005000000000111942
00600011000000000000000373970000000020688030005000000000434449
00600011000000000000000373980000000005388430005000000000113157
00600011000000000000000373990000000010413220005000000000218678
00600011000000000000000374000000000002438020005000000000051198
00600011000000000000000374010000000010413220005000000000218678
00600011000000000000000374020000000013900830005000000000291918
00600011000000000000000374030000000002933880005000000000061611
00600011000000000000000374040000000003867770005000000000081223
00600011000000000000000374050000000041832640005000000000878486
00600011000000000000000374060000000001735540005000000000036446
00600011000000000000000374070000000004609940005000000000096809
00600011000000000000000374080000000022128090005000000000464690
00600011000000000000000374090000000096572280005000000002028018
00600011000000000000000374100000000017217320005000000000361564
00600011000000000000000374110000000002901450005000000000060930
00600011000000000000000374120000000009518550005000000000199890
00600011000000000000000374130000000011239630005000000000236032
00600011000000000000000374140000000006603300005000000000138669
00600011000000000000000374150000000034737570005000000000729489
00600011000000000000000374160000000030944190005000000000649828
00600011000000000000000374170000000010413220005000000000218678
00600011000000000000000374180000000014747880005000000000309706
00600011000000000000000374190000000010413220005000000000218678
00600011000000000000000374200000000014400820005000000000302417
00800011000000000000000010060000000037231400005000000000781860
00800011000000000000000010070000000004462810005000000000093719
00800011000000000000000010080000000053809940005000000001130009
00800011000000000000000010090000000008008260005000000000168174
00800011000000000000000010100000000084332690005000000001770987
00800011000000000000000010110000000002950410005000000000061959
00800011000000000000000010120000000276872770005000000005814328
00800011000000000000000010130000000012609470005000000000264799
00800011000000000000000010140000000004811980005000000000101052
00100012000000000000000015170000000083595050005000000001755496
00100012000000000000000015180000000027431840005000000000576069
00100012000000000000000015190000000033867750005000000000711223
00100012000000000000000015200000000003677690005000000000077231
00100012000000000000000015210000000003677690005000000000077231
00100012000000000000000015220000000025252070005000000000530293
00100012000000000000000015230000000081760330005000000001716967
00100012000000000000000015240000000025789250005000000000541574
00100012000000000000000015250000000061467160005000000001290810
00100012000000000000000015260000000334446280005000000007023372
00100012000000000000000015270000000014545450005000000000305455
00100012000000000000000015280000000027272730005000000000572727
00100012000000000000000015290000000016867770005000000000354223
00100012000000000000000015300000000161886490005000000003399616
00100012000000000000000015310000000003884300005000000000081570
00100012000000000000000015320000000015411160005000000000323634
00100012000000000000000015330000000030276930005000000000635816
00100012000000000000000015340000000009062020005000000000190302
00100012000000000000000015350000000027450410005000000000576459
00100012000000000000000015360000000005760330005000000000120967
00100012000000000000000015370000000011204550005000000000235296
00100012000000000000000015380000000057256280005000000001202382
00100012000000000000000015390000000057256280005000000001202382
00100012000000000000000015400000000077501490005000000001627531
00100012000000000000000015410000000014576450005000000000306105
00300012000000000000000000630000000003677690005000000000077231
00300012000000000000000000640000000009545450005000000000200454
00300012000000000000000000650000000057256280005000000001202382
00600012000000000000000285550000000014876030005000000000312397
00600012000000000000000285560000000014876030005000000000312397
00600012000000000000000285570000000032210740005000000000676426
00600012000000000000000285580000000053002110005000000001113044
00600012000000000000000285590000000005785120005000000000121488
00600012000000000000000285600000000003099170005000000000065083
00600012000000000000000285610000000028028920005000000000588607
00600012000000000000000285620000000027438000005000000000576198
00600012000000000000000285630000000014876030005000000000312397
00600012000000000000000285640000000014876030005000000000312397
00600012000000000000000285650000000027438020005000000000576198
00600012000000000000000285660000000071266540005000000001496597
00600012000000000000000285670000000069031160005000000001449654
00600012000000000000000285680000000014876030005000000000312397
00600012000000000000000285690000000013181820005000000000276818
00600012000000000000000285700000000062169570005000000001305561
00600012000000000000000285710000000041780990005000000000877401
00600012000000000000000285720000000023568180005000000000494932
00600012000000000000000285730000000044010330005000000000924217
00600012000000000000000285740000000071933880005000000001510612
00600012000000000000000285750000000027603310005000000000579669
00600012000000000000000285760000000024973180005000000000524437
00600012000000000000000285770000000014876030005000000000312397
00600012000000000000000285780000000066630240005000000001399235
00600012000000000000000285790000000014876030005000000000312397
00600012000000000000000285800000000024628110005000000000517190
00600012000000000000000285810000000037489730005000000000787284
00600012000000000000000285820000000038807910005000000000814966
00600012000000000000000285830000000102605370005000000002154713
00600012000000000000000285840000000026733470005000000000561403
00600012000000000000000285850000000005785120005000000000121488
00600012000000000000000285860000000010413220005000000000218678
00600012000000000000000285870000000005785120005000000000121488
00600012000000000000000285880000000005785120005000000000121488
00600012000000000000000285890000000033322290005000000000699768
00600012000000000000000285900000000014876030005000000000312397
00600012000000000000000285910000000014876030005000000000312397
00600012000000000000000285920000000020330580005000000000426942
00600012000000000000000285930000000040568250005000000000851933
00600012000000000000000285940000000007867760005000000000165223
00600012000000000000000285950000000034357400005000000000721505
00600012000000000000000285960000000023115700005000000000485430
00600012000000000000000285970000000009694250005000000000203579
00600012000000000000000285980000000012609500005000000000264800
00600012000000000000000285990000000010330580005000000000216942
00600012000000000000000286000000000122301670005000000002568335
00600012000000000000000286010000000027747970005000000000582707
00600012000000000000000286020000000014400830005000000000302417
00600012000000000000000286030000000026413270005000000000554679
00600012000000000000000286040000000021446280005000000000450372
00600012000000000000000286050000000014876030005000000000312397
00600012000000000000000286060000000049489740005000000001039284
00600012000000000000000286070000000018884300005000000000396570
00600012000000000000000286080000000078966950005000000001658306
00600012000000000000000286090000000014876030005000000000312397
00600012000000000000000286100000000045578500005000000000957149
00600012000000000000000286110000000005785120005000000000121488
00600012000000000000000286120000000070495900005000000001480414
00600012000000000000000286130000000014876030005000000000312397
00600012000000000000000286140000000020330580005000000000426942
00600012000000000000000286150000000011454550005000000000240546
00600012000000000000000286160000000017603300005000000000369669
00600012000000000000000286170000000028555790005000000000599672
00600012000000000000000286180000000014876030005000000000312397
00600012000000000000000286190000000005785120005000000000121488
00600012000000000000000286200000000036818210005000000000773182
00600012000000000000000286210000000014876030005000000000312397
00600012000000000000000286220000000018367800005000000000385724
00600012000000000000000286230000000024752070005000000000519793
00600012000000000000000286240000000014876030005000000000312397
00600012000000000000000286250000000005454550005000000000114546
00600012000000000000000286260000000012632240005000000000265277
00600012000000000000000286270000000020033020005000000000420693
00600012000000000000000286280000000014876030005000000000312397
00600012000000000000000286290000000008851240005000000000185876
00600012000000000000000286300000000014876030005000000000312397
00600012000000000000000286310000000031090950005000000000652910
00600012000000000000000286320000000024462810005000000000513719
00600012000000000000000286330000000019628100005000000000412190
00600012000000000000000286340000000001082640005000000000022735
00600012000000000000000286350000000010413220005000000000218678
00600012000000000000000286360000000001417360005000000000029764
00600012000000000000000286370000000014876030005000000000312397
00600012000000000000000286380000000014876030005000000000312397
00600012000000000000000286390000000014876030005000000000312397
00600012000000000000000286400000000059942120005000000001258785
00600012000000000000000286410000000014876030005000000000312397
00600012000000000000000286420000000018677690005000000000392231
00600012000000000000000286430000000013592980005000000000285453
00600012000000000000000286440000000025123970005000000000527603
00600012000000000000000286450000000019834660005000000000416528
00600012000000000000000286460000000046357490005000000000973507
00600012000000000000000286470000000035791410005000000000751620
00600012000000000000000286480000000008359500005000000000175550
00600012000000000000000286490000000019247960005000000000404207
00600012000000000000000286500000000015504140005000000000325587
00600012000000000000000286510000000062314020005000000001308594
00600012000000000000000286520000000006359510005000000000133550
00600012000000000000000286530000000011157000005000000000234297
00600012000000000000000286540000000040033110005000000000840695
00600012000000000000000286550000000014504130005000000000304587
00600012000000000000000286560000000014876030005000000000312397
00600012000000000000000286570000000016859500005000000000354050
00600012000000000000000286580000000014876030005000000000312397
00600012000000000000000286590000000014876030005000000000312397
00600012000000000000000286600000000016504140005000000000346587
00600012000000000000000286610000000014876030005000000000312397
00600012000000000000000286620000000035816160005000000000752139
00600012000000000000000286630000000047008320005000000000987175
00600012000000000000000286640000000054512420005000000001144761
00600012000000000000000286650000000009297520005000000000195248
00600012000000000000000286660000000008966940005000000000188306
00600012000000000000000286670000000004462810005000000000093719
00600012000000000000000286680000000009545450005000000000200454
00600012000000000000000286690000000022016530005000000000462347
00600012000000000000000286700000000019152890005000000000402211
00600012000000000000000286710000000007570250005000000000158975
00600012000000000000000286720000000009710740005000000000203926
00600012000000000000000286730000000014876030005000000000312397
00600012000000000000000286740000000014876030005000000000312397
00600012000000000000000286750000000014876030005000000000312397
00600012000000000000000286760000000033471070005000000000702892
00600012000000000000000286770000000014876030005000000000312397
00600012000000000000000286780000000005702480005000000000119752
00600012000000000000000286790000000058446280005000000001227372
00600012000000000000000286800000000003867770005000000000081223
00600012000000000000000286810000000010330580005000000000216942
00600012000000000000000286820000000038966940005000000000818306
00600012000000000000000286830000000008033060005000000000168694
00600012000000000000000286840000000009669420005000000000203058
00600012000000000000000286850000000015181820005000000000318818
00600012000000000000000286860000000004462810005000000000093719
00600012000000000000000286870000000011206600005000000000235339
00600012000000000000000286880000000018305800005000000000384422
00600012000000000000000286890000000014876030005000000000312397
00600012000000000000000286900000000062677690005000000001316231
00600012000000000000000286910000000036115710005000000000758430
00600012000000000000000286920000000057890500005000000001215700
00600012000000000000000286930000000014876030005000000000312397
00600012000000000000000286940000000014876030005000000000312397
00600012000000000000000286950000000014876030005000000000312397
00600012000000000000000286960000000014876030005000000000312397
00600012000000000000000286970000000014876030005000000000312397
00600012000000000000000286980000000014876030005000000000312397
00600012000000000000000286990000000016942070005000000000355783
00600012000000000000000287000000000008429750005000000000177025
00600012000000000000000287010000000039198340005000000000823165
00600012000000000000000287020000000014694230005000000000308579
00600012000000000000000287030000000106812000005000000002243052
00600012000000000000000287040000000028363640005000000000595636
00600012000000000000000287050000000016367770005000000000343723
00600012000000000000000287060000000015700460005000000000329710
00600012000000000000000287070000000027438000005000000000576198
00600012000000000000000287080000000007570250005000000000158975
00600012000000000000000287090000000073396690005000000001541331
00600012000000000000000287100000000009834710005000000000206529
00600012000000000000000287110000000049322330005000000001035769
00600012000000000000000287120000000103057840005000000002164215
00600012000000000000000287130000000029469020005000000000618849
00600012000000000000000287140000000011442100005000000000240284
00600012000000000000000287150000000035735500005000000000750445
00600012000000000000000287160000000016543360005000000000347411
00600012000000000000000287170000000021882230005000000000459527
00600012000000000000000287180000000014876030005000000000312397
00600012000000000000000287190000000028004130005000000000588087
00600012000000000000000287200000000009553720005000000000200628
00600012000000000000000287210000000009834710005000000000206529
00600012000000000000000287220000000007570250005000000000158975
00600012000000000000000287230000000035537200005000000000746281
00600012000000000000000287240000000026062070005000000000547304
00600012000000000000000287250000000020512400005000000000430760
00600012000000000000000287260000000013136330005000000000275863
00600012000000000000000287270000000040989680005000000000860783
00600012000000000000000287280000000019564060005000000000410845
00600012000000000000000287290000000020933920005000000000439612
00600012000000000000000287300000000004462810005000000000093719
00600012000000000000000287310000000004462810005000000000093719
00600012000000000000000287320000000010413220005000000000218678
00600012000000000000000287330000000005785120005000000000121488
00600012000000000000000287340000000034070290005000000000715476
00600012000000000000000287350000000013471100005000000000282893
00600012000000000000000287360000000011487600005000000000241239
00600012000000000000000287370000000008033060005000000000168694
00600012000000000000000287380000000021900790005000000000459916
00600012000000000000000287390000000005785120005000000000121488
00600012000000000000000287400000000014876030005000000000312397
00600012000000000000000287410000000012586780005000000000264322
00600012000000000000000287420000000014876030005000000000312397
00600012000000000000000287430000000029752070005000000000624793
00600012000000000000000287440000000014876030005000000000312397
00600012000000000000000287450000000014876030005000000000312397
00600012000000000000000287460000000014876030005000000000312397
00600012000000000000000287470000000014876030005000000000312397
00600012000000000000000287480000000017851240005000000000374876
00600012000000000000000287490000000014876030005000000000312397
00600012000000000000000287500000000014876030005000000000312397
00600012000000000000000287510000000008359500005000000000175550
00600012000000000000000287520000000011714850005000000000246012
00600012000000000000000287530000000043320240005000000000909725
00600012000000000000000287540000000021793390005000000000457661
00600012000000000000000287550000000052270500005000000001097680
00600012000000000000000287560000000034462800005000000000723719
00600012000000000000000287570000000027438000005000000000576198
00600012000000000000000287580000000006849170005000000000143833
00600012000000000000000287590000000014876030005000000000312397
00600012000000000000000287600000000014876030005000000000312397
00600012000000000000000287610000000014876030005000000000312397
00600012000000000000000287620000000003086780005000000000064822
00600012000000000000000287630000000038264460005000000000803554
00600012000000000000000287640000000014876030005000000000312397
00600012000000000000000287650000000019338840005000000000406116
00600012000000000000000287660000000014876030005000000000312397
00600012000000000000000287670000000008590900005000000000180409
00600012000000000000000287680000000014876030005000000000312397
00600012000000000000000287690000000014876030005000000000312397
00600012000000000000000287700000000021570210005000000000452974
00600012000000000000000287710000000014876030005000000000312397
00600012000000000000000287720000000014876030005000000000312397
00600012000000000000000287730000000026095020005000000000547995
00600012000000000000000287740000000016099160005000000000338082
00600012000000000000000287750000000010644630005000000000223537
00600012000000000000000287760000000008962810005000000000188219
00600012000000000000000287770000000018921490005000000000397351
00600012000000000000000287780000000010272710005000000000215727
00600012000000000000000287790000000006099170005000000000128083
00600012000000000000000287800000000005318180005000000000111682
00600012000000000000000287810000000005785120005000000000121488
00600012000000000000000287820000000014710740005000000000308926
00600012000000000000000287830000000040710740005000000000854926
00600012000000000000000287840000000007694210005000000000161579
00600012000000000000000287850000000014876030005000000000312397
00600012000000000000000287860000000005785120005000000000121488
00600012000000000000000287870000000014876030005000000000312397
00600012000000000000000287880000000136859990005000000002874060
00600012000000000000000287890000000014876030005000000000312397
00600012000000000000000287900000000006446280005000000000135372
00600012000000000000000287910000000015840940005000000000332660
00600012000000000000000287920000000011157000005000000000234297
00600012000000000000000287930000000021198370005000000000445166
00600012000000000000000287940000000045090890005000000000946909
00600012000000000000000287950000000014876030005000000000312397
00600012000000000000000287960000000014876030005000000000312397
00600012000000000000000287970000000014876030005000000000312397
00600012000000000000000287980000000027066140005000000000568389
00600012000000000000000287990000000003512400005000000000073760
00600012000000000000000288000000000016008260005000000000336174
00600012000000000000000288010000000014876030005000000000312397
00600012000000000000000288020000000002314050005000000000048595
00600012000000000000000288030000000014876030005000000000312397
00600012000000000000000288040000000014876030005000000000312397
00600012000000000000000288050000000014876030005000000000312397
00600012000000000000000288060000000016512370005000000000346760
00600012000000000000000288070000000012644600005000000000265537
00600012000000000000000288080000000014876030005000000000312397
00600012000000000000000288090000000021309920005000000000447508
00600012000000000000000288100000000005095040005000000000106996
00600012000000000000000288110000000030107460005000000000632257
00600012000000000000000288120000000090768560005000000001906140
00600012000000000000000288130000000008665290005000000000181971
00600012000000000000000288140000000022057850005000000000463215
00600012000000000000000288150000000011239670005000000000236033
00600012000000000000000288160000000027644630005000000000580537
00600012000000000000000288170000000014876030005000000000312397
00600012000000000000000288180000000012776880005000000000268314
00600012000000000000000288190000000014876030005000000000312397
00600012000000000000000288200000000005785120005000000000121488
00600012000000000000000288210000000022391410005000000000470220
00600012000000000000000288220000000008888430005000000000186657
00600012000000000000000288230000000005578510005000000000117149
00600012000000000000000288240000000019710750005000000000413926
00600012000000000000000288250000000005785120005000000000121488
00600012000000000000000288260000000005785120005000000000121488
00600012000000000000000288270000000105056510005000000002206187
00600012000000000000000288280000000005578510005000000000117149
00600012000000000000000288290000000011442100005000000000240284
00600012000000000000000288300000000019012350005000000000399259
00600012000000000000000288310000000007570250005000000000158975
00600012000000000000000288320000000004347110005000000000091289
00600012000000000000000288330000000007776880005000000000163314
00600012000000000000000288340000000051074380005000000001072562
00600012000000000000000288350000000013194210005000000000277078
00600012000000000000000288360000000023371930005000000000490811
00600012000000000000000288370000000014876030005000000000312397
00600012000000000000000288380000000022809940005000000000479009
00600012000000000000000288390000000035138430005000000000737907
00600012000000000000000288400000000104504120005000000002194586
00600012000000000000000288410000000023735530005000000000498446
00600012000000000000000288420000000025495880005000000000535413
00600012000000000000000288430000000014876030005000000000312397
00600012000000000000000288440000000034555790005000000000725671
00600012000000000000000288450000000014876030005000000000312397
00600012000000000000000288460000000014876030005000000000312397
00600012000000000000000288470000000007975210005000000000167479
00600012000000000000000288480000000015805790005000000000331921
00600012000000000000000288490000000019586780005000000000411322
00600012000000000000000288500000000037617910005000000000789976
00600012000000000000000288510000000014876030005000000000312397
00600012000000000000000288520000000014876030005000000000312397
00600012000000000000000288530000000014876030005000000000312397
00600012000000000000000288540000000009380170005000000000196984
00600012000000000000000288550000000028429750005000000000597025
00600012000000000000000288560000000069737570005000000001464489
00600012000000000000000288570000000014876030005000000000312397
00600012000000000000000288580000000014876030005000000000312397
00600012000000000000000288590000000014876030005000000000312397
00600012000000000000000288600000000018636400005000000000391365
00600012000000000000000288610000000027438020005000000000576198
00600012000000000000000288620000000082446280005000000001731372
00600012000000000000000288630000000041942150005000000000880785
00600012000000000000000288640000000017628080005000000000370190
00600012000000000000000288650000000014876030005000000000312397
00600012000000000000000288660000000016367770005000000000343723
00600012000000000000000288670000000003512400005000000000073760
00600012000000000000000288680000000002024790005000000000042521
00600012000000000000000288690000000012851240005000000000269876
00600012000000000000000288700000000023183900005000000000486862
00600012000000000000000288710000000010644600005000000000223537
00600012000000000000000288720000000014876030005000000000312397
00600012000000000000000288730000000014876030005000000000312397
00600012000000000000000288740000000005454550005000000000114546
00600012000000000000000288750000000008293380005000000000174161
00600012000000000000000288760000000014876030005000000000312397
00600012000000000000000288770000000016781010005000000000352401
00600012000000000000000288780000000003904960005000000000082004
00600012000000000000000288790000000005785120005000000000121488
00600012000000000000000288800000000106353000005000000002233413
00600012000000000000000288810000000018099170005000000000380082
00600012000000000000000288820000000032497960005000000000682457
00600012000000000000000288830000000018057850005000000000379215
00600012000000000000000288840000000060000000005000000001260000
00600012000000000000000288850000000006446280005000000000135372
00600012000000000000000288860000000014876030005000000000312397
00600012000000000000000288870000000016859550005000000000354050
00600012000000000000000288880000000006173550005000000000129645
00600012000000000000000288890000000014876030005000000000312397
00600012000000000000000288900000000014876030005000000000312397
00600012000000000000000288910000000005785120005000000000121488
00600012000000000000000288920000000007249590005000000000152241
00600012000000000000000288930000000017516540005000000000367847
00600012000000000000000288940000000053305790005000000001119421
00600012000000000000000288950000000021435400005000000000450143
00600012000000000000000288960000000003223140005000000000067686
00600012000000000000000288970000000014876030005000000000312397
00600012000000000000000288980000000013388400005000000000281156
00600012000000000000000288990000000014132230005000000000296777
00600012000000000000000289000000000034842980005000000000731703
00600012000000000000000289010000000004039260005000000000084824
00600012000000000000000289020000000034214860005000000000718512
00600012000000000000000289030000000004462810005000000000093719
00600012000000000000000289040000000004462810005000000000093719
00600012000000000000000289050000000002933880005000000000061611
00600012000000000000000289060000000016140500005000000000338950
00600012000000000000000289070000000005785120005000000000121488
00600012000000000000000289080000000058223140005000000001222686
00600012000000000000000289090000000021109500005000000000443300
00600012000000000000000289100000000006768590005000000000142140
00600012000000000000000289110000000114363710005000000002401638
00600012000000000000000289120000000023814080005000000000500096
00600012000000000000000289130000000025247930005000000000530207
00600012000000000000000289140000000005020660005000000000105434
00600012000000000000000289150000000027450420005000000000576459
00600012000000000000000289160000000027923560005000000000586395
00600012000000000000000289170000000014876030005000000000312397
00600012000000000000000289180000000061115680005000000001283429
00600012000000000000000289190000000011871870005000000000249309
00600012000000000000000289200000000010923550005000000000229395
00600012000000000000000289210000000014611590005000000000306843
00600012000000000000000289220000000021198350005000000000445165
00600012000000000000000289230000000005785120005000000000121488
00600012000000000000000289240000000058551650005000000001229585
00600012000000000000000289250000000011126030005000000000233647
00600012000000000000000289260000000004462810005000000000093719
00600012000000000000000289270000000024508260005000000000514674
00600012000000000000000289280000000022219020005000000000466599
00600012000000000000000289290000000015946300005000000000334872
00600012000000000000000289300000000007438020005000000000156198
00600012000000000000000289310000000004462810005000000000093719
00600012000000000000000289320000000015495860005000000000325413
00600012000000000000000289330000000014752070005000000000309793
00600012000000000000000289340000000020161160005000000000423384
00600012000000000000000289350000000039163260005000000000822428
00600012000000000000000289360000000033175630005000000000696688
00600012000000000000000289370000000026342960005000000000553202
00600012000000000000000289380000000003487600005000000000073240
00600012000000000000000289390000000000297520005000000000006248
00600012000000000000000289400000000003247930005000000000068207
00600012000000000000000289410000000000297520005000000000006248
00600012000000000000000289420000000009876030005000000000207397
00600012000000000000000289430000000014876030005000000000312397
00600012000000000000000289440000000016754160005000000000351837
00600012000000000000000289450000000036704620005000000000770797
00600012000000000000000289460000000004179750005000000000087775
00600012000000000000000289470000000007657020005000000000160798
00600012000000000000000289480000000005022730005000000000105477
00600012000000000000000289490000000008429750005000000000177025
00600012000000000000000289500000000024545470005000000000515455
00600012000000000000000289510000000014330580005000000000300942
00600012000000000000000289520000000007165290005000000000150471
00600012000000000000000289530000000038425630005000000000806938
00600012000000000000000289540000000005785120005000000000121488
00600012000000000000000289550000000013803710005000000000289878
00600012000000000000000289560000000029752070005000000000624794
00600012000000000000000289570000000010280990005000000000215901
00600012000000000000000289580000000015419420005000000000323808
00600012000000000000000289590000000030417330005000000000638764
00600012000000000000000289600000000017814050005000000000374095
00600012000000000000000289610000000006006210005000000000126130
00600012000000000000000289620000000076956610005000000001616089
00600012000000000000000289630000000025386360005000000000533114
00600012000000000000000289640000000026623990005000000000559104
00600012000000000000000289650000000014876030005000000000312397
00600012000000000000000289660000000008464880005000000000177762
00600012000000000000000289670000000045169440005000000000948558
00600012000000000000000289680000000010221070005000000000214643
00600012000000000000000289690000000018107430005000000000380256
00600012000000000000000289700000000005785120005000000000121488
00600012000000000000000289710000000014876030005000000000312397
00600012000000000000000289720000000069289260005000000001455074
00600012000000000000000289730000000008781000005000000000184401
00600012000000000000000289740000000006710740005000000000140926
00600012000000000000000289750000000072882250005000000001530527
00600012000000000000000289760000000025464970005000000000534764
00600012000000000000000289770000000006041320005000000000126868
00600012000000000000000289780000000022444180005000000000471328
00600012000000000000000289790000000085588840005000000001797366
00600012000000000000000289800000000003198340005000000000067165
00600012000000000000000289810000000063363770005000000001330639
00600012000000000000000289820000000137299590005000000002883291
00600012000000000000000289830000000032419530005000000000680810
00600012000000000000000289840000000010010360005000000000210218
00600012000000000000000289850000000017878130005000000000375441
00600012000000000000000289860000000006190080005000000000129992
00600012000000000000000289870000000022188000005000000000465948
00600012000000000000000289880000000029312050005000000000615553
00600012000000000000000289890000000020547520005000000000431498
00600012000000000000000289900000000013698350005000000000287665
00600012000000000000000289910000000020942170005000000000439785
00600012000000000000000289920000000023925620005000000000502438
00600012000000000000000289930000000054863640005000000001152136
00600012000000000000000289940000000047281020005000000000992901
00600012000000000000000289950000000029152910005000000000612211
00600012000000000000000289960000000015805790005000000000331921
00600012000000000000000289970000000005830580005000000000122442
00600012000000000000000289980000000011716950005000000000246056
00600012000000000000000289990000000003305790005000000000069421
00600012000000000000000290000000000017055790005000000000358172
00600012000000000000000290010000000007024790005000000000147521
00600012000000000000000290020000000011716950005000000000246056
00600012000000000000000290030000000007024790005000000000147521
00600012000000000000000290040000000010411160005000000000218634
00600012000000000000000290050000000008256210005000000000173380
00600012000000000000000290060000000025416760005000000000533752
00600012000000000000000290070000000004462810005000000000093719
00600012000000000000000290080000000024059940005000000000505259
00600012000000000000000290090000000034597110005000000000726539
00600012000000000000000290100000000010425580005000000000218937
00600012000000000000000290110000000025043390005000000000525911
00600012000000000000000290120000000025043370005000000000525911
00600012000000000000000290130000000037055860005000000000778173
00600012000000000000000290140000000045450430005000000000954459
00600012000000000000000290150000000031541360005000000000662369
00600012000000000000000290160000000025535120005000000000536238
00600012000000000000000290170000000038413230005000000000806678
00600012000000000000000290180000000051545430005000000001082454
00600012000000000000000290190000000031927690005000000000670482
00600012000000000000000290200000000014822340005000000000311269
00800012000000000000000008840000000008570210005000000000179974
00800012000000000000000008850000000001280990005000000000026901
00800012000000000000000008860000000016942070005000000000355783
00800012000000000000000008870000000027438000005000000000576198
00800012000000000000000008880000000022391410005000000000470220
00800012000000000000000008890000000005578510005000000000117149
00800012000000000000000008900000000014876030005000000000312397
00800012000000000000000008910000000027450420005000000000576459
00100013000000000000000012510000000005785120005000000000121488
00100013000000000000000012520000000033719010005000000000708099
00100013000000000000000012530000000048322310005000000001014769
00100013000000000000000012540000000009041330005000000000189868
00100013000000000000000012550000000051838310005000000001088605
00100013000000000000000012560000000062231400005000000001306859
00100013000000000000000012570000000020785120005000000000436488
00100013000000000000000012580000000007024790005000000000147521
00100013000000000000000012590000000005933890005000000000124612
00100013000000000000000012600000000041060010005000000000862260
00100013000000000000000012610000000022128090005000000000464690
00600013000000000000000317790000000009190070005000000000192991
00600013000000000000000317800000000014876030005000000000312397
00600013000000000000000317810000000029710730005000000000623925
00600013000000000000000317820000000024621930005000000000517061
00600013000000000000000317830000000012107450005000000000254256
00600013000000000000000317840000000016876010005000000000354396
00600013000000000000000317850000000023371900005000000000490810
00600013000000000000000317860000000003719010005000000000078099
00600013000000000000000317870000000013825840005000000000290343
00600013000000000000000317880000000009059840005000000000190257
00600013000000000000000317890000000014876030005000000000312397
00600013000000000000000317900000000049219000005000000001033599
00600013000000000000000317910000000005702480005000000000119752
00600013000000000000000317920000000021347110005000000000448289
00600013000000000000000317930000000069967200005000000001469311
00600013000000000000000317940000000067596620005000000001419529
00600013000000000000000317950000000016450360005000000000345457
00600013000000000000000317960000000003719010005000000000078099
00600013000000000000000317970000000040884270005000000000858570
00600013000000000000000317980000000008429750005000000000177025
00600013000000000000000317990000000014876030005000000000312397
00600013000000000000000318000000000022190060005000000000465991
00600013000000000000000318010000000027603310005000000000579669
00600013000000000000000318020000000006446280005000000000135372
00600013000000000000000318030000000005578510005000000000117149
00600013000000000000000318040000000043735540005000000000918446
00600013000000000000000318050000000004214880005000000000088512
00600013000000000000000318060000000031942150005000000000670785
00600013000000000000000318070000000021969630005000000000461362
00600013000000000000000318080000000041592500005000000000873443
00600013000000000000000318090000000008925620005000000000187438
00600013000000000000000318100000000092206650005000000001936340
00600013000000000000000318110000000009834710005000000000206529
00600013000000000000000318120000000004028930005000000000084607
00600013000000000000000318130000000058902930005000000001236961
00600013000000000000000318140000000007190080005000000000150992
00600013000000000000000318150000000014876030005000000000312397
00600013000000000000000318160000000029609530005000000000621800
00600013000000000000000318170000000006111570005000000000128343
00600013000000000000000318180000000014876030005000000000312397
00600013000000000000000318190000000017768590005000000000373140
00600013000000000000000318200000000003305780005000000000069421
00600013000000000000000318210000000031942150005000000000670785
00600013000000000000000318220000000006115700005000000000128430
00600013000000000000000318230000000020688010005000000000434448
00600013000000000000000318240000000019297510005000000000405248
00600013000000000000000318250000000010725610005000000000225238
00600013000000000000000318260000000098471070005000000002067892
00600013000000000000000318270000000014876030005000000000312397
00600013000000000000000318280000000030838870005000000000647616
00600013000000000000000318290000000040260350005000000000845467
00600013000000000000000318300000000026834710005000000000563529
00600013000000000000000318310000000011626030005000000000244147
00600013000000000000000318320000000020380160005000000000427983
00600013000000000000000318330000000063683890005000000001337362
00600013000000000000000318340000000018842970005000000000395702
00600013000000000000000318350000000018595080005000000000390497
00600013000000000000000318360000000013194220005000000000277079
00600013000000000000000318370000000025867800005000000000543224
00600013000000000000000318380000000011405000005000000000239505
00600013000000000000000318390000000005785120005000000000121488
00600013000000000000000318400000000042405010005000000000890505
00600013000000000000000318410000000008677690005000000000182231
00600013000000000000000318420000000014181820005000000000297818
00600013000000000000000318430000000009917350005000000000208264
00600013000000000000000318440000000059504130005000000001249587
00600013000000000000000318450000000009628100005000000000202190
00600013000000000000000318460000000042886330005000000000900613
00600013000000000000000318470000000036599220005000000000768584
00600013000000000000000318480000000006115700005000000000128430
00600013000000000000000318490000000006520660005000000000136934
00600013000000000000000318500000000016789260005000000000352574
00600013000000000000000318510000000021074360005000000000442562
00600013000000000000000318520000000025359510005000000000532550
00600013000000000000000318530000000008925620005000000000187438
00600013000000000000000318540000000021741760005000000000456577
00600013000000000000000318550000000013314060005000000000279595
00600013000000000000000318560000000014225210005000000000298729
00600013000000000000000318570000000023553720005000000000494628
00600013000000000000000318580000000041913230005000000000880178
00600013000000000000000318590000000015041310005000000000315868
00600013000000000000000318600000000005785120005000000000121488
00600013000000000000000318610000000022512420005000000000472761
00600013000000000000000318620000000086979760005000000001826575
00600013000000000000000318630000000029917370005000000000628265
00600013000000000000000318640000000008909090005000000000187091
00600013000000000000000318650000000053801640005000000001129834
00600013000000000000000318660000000027107500005000000000569258
00600013000000000000000318670000000039338800005000000000826115
00600013000000000000000318680000000035206640005000000000739340
00600013000000000000000318690000000012433870005000000000261111
00600013000000000000000318700000000010595040005000000000222496
00600013000000000000000318710000000059132230005000000001241777
00600013000000000000000318720000000014876030005000000000312397
00600013000000000000000318730000000027603310005000000000579669
00600013000000000000000318740000000013966900005000000000293305
00600013000000000000000318750000000039710810005000000000833927
00600013000000000000000318760000000039431360005000000000828059
00600013000000000000000318770000000005578510005000000000117149
00600013000000000000000318780000000020161150005000000000423384
00600013000000000000000318790000000006991730005000000000146826
00600013000000000000000318800000000051491770005000000001081327
00600013000000000000000318810000000026799570005000000000562791
00600013000000000000000318820000000021694160005000000000455577
00600013000000000000000318830000000005785120005000000000121488
00600013000000000000000318840000000009421490005000000000197851
00600013000000000000000318850000000009285120005000000000194987
00600013000000000000000318860000000014834710005000000000311529
00600013000000000000000318870000000018140500005000000000380950
00600013000000000000000318880000000008925620005000000000187438
00600013000000000000000318890000000022661160005000000000475884
00600013000000000000000318900000000028925600005000000000607438
00600013000000000000000318910000000061869690005000000001299264
00600013000000000000000318920000000091072300005000000001912518
00600013000000000000000318930000000014876030005000000000312397
00600013000000000000000318940000000005785120005000000000121488
00600013000000000000000318950000000016733470005000000000351403
00600013000000000000000318960000000007363630005000000000154636
00600013000000000000000318970000000017330600005000000000363943
00600013000000000000000318980000000004190080005000000000087992
00600013000000000000000318990000000035206580005000000000739338
00600013000000000000000319000000000027190090005000000000570992
00600013000000000000000319010000000036553720005000000000767628
00600013000000000000000319020000000020330610005000000000426943
00600013000000000000000319030000000046191020005000000000970012
00600013000000000000000319040000000014919370005000000000313307
00600013000000000000000319050000000017553730005000000000368628
00600013000000000000000319060000000072047580005000000001512999
00600013000000000000000319070000000032661170005000000000685885
00600013000000000000000319080000000011735500005000000000246446
00600013000000000000000319090000000037066120005000000000778388
00600013000000000000000319100000000041611570005000000000873843
00600013000000000000000319110000000003016530005000000000063347
00600013000000000000000319120000000028376040005000000000595897
00600013000000000000000319130000000009834710005000000000206529
00600013000000000000000319140000000014132230005000000000296777
00600013000000000000000319150000000011933880005000000000250611
00600013000000000000000319160000000025570200005000000000536974
00600013000000000000000319170000000008925620005000000000187438
00600013000000000000000319180000000027892550005000000000585744
00600013000000000000000319190000000003719010005000000000078099
00600013000000000000000319200000000004801640005000000000100835
00600013000000000000000319210000000018305800005000000000384422
00600013000000000000000319220000000095847500005000000002012797
00600013000000000000000319230000000010710740005000000000224926
00600013000000000000000319240000000007074370005000000000148562
00600013000000000000000319250000000026297510005000000000552248
00600013000000000000000319260000000003099170005000000000065083
00600013000000000000000319270000000006991730005000000000146826
00600013000000000000000319280000000022871930005000000000480311
00600013000000000000000319290000000004574370005000000000096062
00600013000000000000000319300000000010487600005000000000220240
00600013000000000000000319310000000027272700005000000000572727
00600013000000000000000319320000000010685950005000000000224405
00600013000000000000000319330000000007066120005000000000148389
00600013000000000000000319340000000055218970005000000001159598
00600013000000000000000319350000000021446270005000000000450372
00600013000000000000000319360000000039008250005000000000819173
00600013000000000000000319370000000006586780005000000000138322
00600013000000000000000319380000000006983470005000000000146653
00600013000000000000000319390000000010710740005000000000224926
00600013000000000000000319400000000027743780005000000000582619
00600013000000000000000319410000000007024790005000000000147521
00600013000000000000000319420000000007024790005000000000147521
00600013000000000000000319430000000007024790005000000000147521
00600013000000000000000319440000000016623960005000000000349103
00600013000000000000000319450000000006942150005000000000145785
00600013000000000000000319460000000009173560005000000000192645
00600013000000000000000319470000000007024790005000000000147521
00600013000000000000000319480000000007024790005000000000147521
00600013000000000000000319490000000010483460005000000000220153
00600013000000000000000319500000000102566070005000000002153888
00600013000000000000000319510000000008099170005000000000170083
00600013000000000000000319520000000028471120005000000000597893
00600013000000000000000319530000000011826440005000000000248355
00600013000000000000000319540000000009987600005000000000209740
00600013000000000000000319550000000055039190005000000001155823
00600013000000000000000319560000000061822690005000000001298276
00600013000000000000000319570000000014338810005000000000301115
00600013000000000000000319580000000059417350005000000001247764
00600013000000000000000319590000000021580580005000000000453192
00600013000000000000000319600000000021421490005000000000449851
00600013000000000000000319610000000028677680005000000000602231
00600013000000000000000319620000000006074380005000000000127562
00600013000000000000000319630000000012520650005000000000262934
00600013000000000000000319640000000021144630005000000000444037
00600013000000000000000319650000000039795460005000000000835705
00600013000000000000000319660000000014876030005000000000312397
00600013000000000000000319670000000014876030005000000000312397
00600013000000000000000319680000000014876030005000000000312397
00600013000000000000000319690000000031435950005000000000660155
00600013000000000000000319700000000018595040005000000000390496
00600013000000000000000319710000000006752070005000000000141793
00600013000000000000000319720000000006006210005000000000126130
00600013000000000000000319730000000001033060005000000000021694
00600013000000000000000319740000000033967020005000000000713308
00600013000000000000000319750000000018111560005000000000380343
00600013000000000000000319760000000011157000005000000000234297
00600013000000000000000319770000000024793400005000000000520661
00600013000000000000000319780000000007272730005000000000152727
00600013000000000000000319790000000024504130005000000000514587
00600013000000000000000319800000000007272730005000000000152727
00600013000000000000000319810000000017603310005000000000369669
00600013000000000000000319820000000078247900005000000001643206
00600013000000000000000319830000000009752070005000000000204793
00600013000000000000000319840000000028330600005000000000594943
00600013000000000000000319850000000038471070005000000000807893
00600013000000000000000319860000000007516520005000000000157847
00600013000000000000000319870000000029890420005000000000627699
00600013000000000000000319880000000024902890005000000000522961
00600013000000000000000319890000000196661150005000000004129884
00600013000000000000000319900000000011404960005000000000239504
00600013000000000000000319910000000034256210005000000000719380
00600013000000000000000319920000000016016550005000000000336348
00600013000000000000000319930000000014876030005000000000312397
00600013000000000000000319940000000009958680005000000000209132
00600013000000000000000319950000000054380130005000000001141983
00600013000000000000000319960000000005785120005000000000121488
00600013000000000000000319970000000025289260005000000000531074
00600013000000000000000319980000000030739680005000000000645533
00600013000000000000000319990000000026694210005000000000560578
00600013000000000000000320000000000009173550005000000000192645
00600013000000000000000320010000000007438020005000000000156198
00600013000000000000000320020000000014876030005000000000312397
00600013000000000000000320030000000009958680005000000000209132
00600013000000000000000320040000000008911160005000000000187134
00600013000000000000000320050000000008911160005000000000187134
00600013000000000000000320060000000054409050005000000001142590
00600013000000000000000320070000000014950440005000000000313959
00600013000000000000000320080000000011776870005000000000247314
00600013000000000000000320090000000005785120005000000000121488
00600013000000000000000320100000000012024790005000000000252521
00600013000000000000000320110000000053599170005000000001125583
00600013000000000000000320120000000033597110005000000000705539
00600013000000000000000320130000000038353080005000000000805415
00600013000000000000000320140000000026493800005000000000556370
00600013000000000000000320150000000005479340005000000000115066
00600013000000000000000320160000000014435950005000000000303155
00600013000000000000000320170000000014628100005000000000307190
00600013000000000000000320180000000050092980005000000001051952
00600013000000000000000320190000000058692180005000000001232536
00600013000000000000000320200000000006006210005000000000126130
00600013000000000000000320210000000033086850005000000000694824
00600013000000000000000320220000000061396800005000000001289333
00600013000000000000000320230000000045553710005000000000956628
00600013000000000000000320240000000008570210005000000000179974
00600013000000000000000320250000000048471090005000000001017893
00600013000000000000000320260000000035440080005000000000744242
00600013000000000000000320270000000007165290005000000000150471
00600013000000000000000320280000000045281000005000000000950901
00600013000000000000000320290000000034962790005000000000734219
00600013000000000000000320300000000014876030005000000000312397
00600013000000000000000320310000000007727270005000000000162273
00600013000000000000000320320000000017807820005000000000373964
00600013000000000000000320330000000003867770005000000000081223
00600013000000000000000320340000000014876030005000000000312397
00600013000000000000000320350000000010958680005000000000230132
00600013000000000000000320360000000014876030005000000000312397
00600013000000000000000320370000000041824380005000000000878312
00600013000000000000000320380000000058657030005000000001231798
00600013000000000000000320390000000020413270005000000000428679
00600013000000000000000320400000000002066120005000000000043389
00600013000000000000000320410000000022971070005000000000482392
00600013000000000000000320420000000013066120005000000000274388
00600013000000000000000320430000000017280990005000000000362901
00600013000000000000000320440000000014876030005000000000312397
00600013000000000000000320450000000034962790005000000000734219
00600013000000000000000320460000000037347110005000000000784289
00600013000000000000000320470000000046859600005000000000984052
00600013000000000000000320480000000023603330005000000000495670
00600013000000000000000320490000000021404980005000000000449505
00600013000000000000000320500000000132978840005000000002792556
00600013000000000000000320510000000013958650005000000000293132
00600013000000000000000320520000000030592900005000000000642451
00600013000000000000000320530000000039781020005000000000835401
00600013000000000000000320540000000044607460005000000000936757
00600013000000000000000320550000000039900880005000000000837919
00600013000000000000000320560000000004181810005000000000087818
00600013000000000000000320570000000007355370005000000000154463
00600013000000000000000320580000000111415290005000000002339721
00600013000000000000000320590000000005785120005000000000121488
00600013000000000000000320600000000025219090005000000000529601
00600013000000000000000320610000000021601240005000000000453626
00600013000000000000000320620000000013402900005000000000281461
00600013000000000000000320630000000006181820005000000000129818
00600013000000000000000320640000000036521030005000000000766942
00600013000000000000000320650000000034888440005000000000732657
00600013000000000000000320660000000018973780005000000000398449
00600013000000000000000320670000000008429750005000000000177025
00600013000000000000000320680000000024938030005000000000523699
00800013000000000000000008020000000031942150005000000000670785
00800013000000000000000008030000000034776170005000000000730299
00800013000000000000000008040000000010710740005000000000224926
00800013000000000000000008050000000009958680005000000000209132
00800013000000000000000008060000000034962790005000000000734219
00100015000000000000000002630000000040462820005000000000849719
00100015000000000000000002640000000069334910005000000001456033
00600015000000000000000121920000000004462810005000000000093719
00600015000000000000000121930000000004462810005000000000093719
00600015000000000000000121940000000014876030005000000000312397
00600015000000000000000121950000000087458780005000000001836634
00600015000000000000000121960000000004462810005000000000093719
00600015000000000000000121970000000030136330005000000000632863
00600015000000000000000121980000000060078570005000000001261650
00600015000000000000000121990000000004462810005000000000093719
00600015000000000000000122000000000014876030005000000000312397
00600015000000000000000122010000000004462810005000000000093719
00600015000000000000000122020000000011590910005000000000243409
00600015000000000000000122030000000019845040005000000000416746
00600015000000000000000122040000000011107430005000000000233256
00600015000000000000000122050000000005785120005000000000121488
00600015000000000000000122060000000019012350005000000000399259
00600015000000000000000122070000000019012350005000000000399259
00600015000000000000000122080000000014876030005000000000312397
00600015000000000000000122090000000007570250005000000000158975
00600015000000000000000122100000000019012350005000000000399259
00600015000000000000000122110000000019012350005000000000399259
00600015000000000000000122120000000007570250005000000000158975
00600015000000000000000122130000000014876030005000000000312397
00600015000000000000000122140000000014876030005000000000312397
00600015000000000000000122150000000007570250005000000000158975
00600015000000000000000122160000000014876030005000000000312397
00600015000000000000000122170000000007570250005000000000158975
00600015000000000000000122180000000011442100005000000000240284
00600015000000000000000122190000000013471070005000000000282893
00600015000000000000000122200000000019012350005000000000399259
00600015000000000000000122210000000014876030005000000000312397
00600015000000000000000122220000000011442100005000000000240284
00600015000000000000000122230000000036177670005000000000759731
00600015000000000000000122240000000060446440005000000001269375
00600015000000000000000122250000000024661160005000000000517884
00600015000000000000000122260000000009090910005000000000190909
00600015000000000000000122270000000019012350005000000000399259
00600015000000000000000122280000000014876030005000000000312397
00600015000000000000000122290000000009272730005000000000194727
00600015000000000000000122300000000007570250005000000000158975
00600015000000000000000122310000000011442100005000000000240284
00600015000000000000000122320000000014876030005000000000312397
00600015000000000000000122330000000014876030005000000000312397
00600015000000000000000122340000000007570250005000000000158975
00600015000000000000000122350000000011417360005000000000239764
00600015000000000000000122360000000019012350005000000000399259
00600015000000000000000122370000000014876030005000000000312397
00600015000000000000000122380000000014876030005000000000312397
00600015000000000000000122390000000014876030005000000000312397
00600015000000000000000122400000000019012350005000000000399259
00600015000000000000000122410000000007570250005000000000158975
00600015000000000000000122420000000014876030005000000000312397
00600015000000000000000122430000000014876030005000000000312397
00600015000000000000000122440000000007570250005000000000158975
00600015000000000000000122450000000019012350005000000000399259
00600015000000000000000122460000000014876030005000000000312397
00600015000000000000000122470000000014876030005000000000312397
00600015000000000000000122480000000007570250005000000000158975
00600015000000000000000122490000000007570250005000000000158975
00600015000000000000000122500000000014876030005000000000312397
00600015000000000000000122510000000019012350005000000000399259
00600015000000000000000122520000000014876030005000000000312397
00600015000000000000000122530000000014876030005000000000312397
00600015000000000000000122540000000004462810005000000000093719
00600015000000000000000122550000000014876030005000000000312397
00600015000000000000000122560000000007570250005000000000158975
00600015000000000000000122570000000005785120005000000000121488
00600015000000000000000122580000000011442100005000000000240284
00600015000000000000000122590000000011442100005000000000240284
00600015000000000000000122600000000009090910005000000000190909
00600015000000000000000122610000000027929760005000000000586525
00600015000000000000000122620000000001152890005000000000024211
00600015000000000000000122630000000013838840005000000000290616
00600015000000000000000122640000000060972730005000000001280427
00600015000000000000000122650000000014876030005000000000312397
00600015000000000000000122660000000020785120005000000000436488
00600015000000000000000122670000000004462810005000000000093719
00600015000000000000000122680000000011590910005000000000243409
00600015000000000000000122690000000004462810005000000000093719
00600015000000000000000122700000000014876030005000000000312397
00600015000000000000000122710000000014876030005000000000312397
00600015000000000000000122720000000007570250005000000000158975
00600015000000000000000122730000000004462810005000000000093719
00600015000000000000000122740000000038231420005000000000802860
00600015000000000000000122750000000014876030005000000000312397
00600015000000000000000122760000000019012350005000000000399259
00600015000000000000000122770000000014876030005000000000312397
00600015000000000000000122780000000007570250005000000000158975
00600015000000000000000122790000000019012350005000000000399259
00600015000000000000000122800000000020628150005000000000433191
00600015000000000000000122810000000014876030005000000000312397
00600015000000000000000122820000000014876030005000000000312397
00600015000000000000000122830000000019012350005000000000399259
00600015000000000000000122840000000007570250005000000000158975
00600015000000000000000122850000000014876030005000000000312397
00600015000000000000000122860000000019012350005000000000399259
00600015000000000000000122870000000014876030005000000000312397
00600015000000000000000122880000000014876030005000000000312397
00600015000000000000000122890000000019012350005000000000399259
00600015000000000000000122900000000007570250005000000000158975
00600015000000000000000122910000000014876030005000000000312397
00600015000000000000000122920000000014876030005000000000312397
00600015000000000000000122930000000014876030005000000000312397
00600015000000000000000122940000000014876030005000000000312397
00600015000000000000000122950000000014876030005000000000312397
00600015000000000000000122960000000014876030005000000000312397
00600015000000000000000122970000000014876030005000000000312397
00600015000000000000000122980000000007570250005000000000158975
00600015000000000000000122990000000014876030005000000000312397
00600015000000000000000123000000000014876030005000000000312397
00600015000000000000000123010000000012355370005000000000259463
00600015000000000000000123020000000014876030005000000000312397
00600015000000000000000123030000000018595020005000000000390495
00600015000000000000000123040000000046632230005000000000979277
00600015000000000000000123050000000034140490005000000000716950
00600015000000000000000123060000000019008260005000000000399174
00600015000000000000000123070000000007809920005000000000164008
00600015000000000000000123080000000033694240005000000000707579
00600015000000000000000123090000000014876030005000000000312397
00600015000000000000000123100000000014876030005000000000312397
00600015000000000000000123110000000014876030005000000000312397
00600015000000000000000123120000000014876030005000000000312397
00600015000000000000000123130000000007570250005000000000158975
00600015000000000000000123140000000014876030005000000000312397
00600015000000000000000123150000000014876030005000000000312397
00600015000000000000000123160000000007570250005000000000158975
00600015000000000000000123170000000014876030005000000000312397
00600015000000000000000123180000000014876030005000000000312397
00600015000000000000000123190000000019012350005000000000399259
00600015000000000000000123200000000014876030005000000000312397
00600015000000000000000123210000000007570250005000000000158975
00600015000000000000000123220000000014876030005000000000312397
00600015000000000000000123230000000011442100005000000000240284
00600015000000000000000123240000000014876030005000000000312397
00600015000000000000000123250000000007570250005000000000158975
00600015000000000000000123260000000014876030005000000000312397
00600015000000000000000123270000000014876030005000000000312397
00600015000000000000000123280000000007570250005000000000158975
00600015000000000000000123290000000010520660005000000000220934
00600015000000000000000123300000000019012350005000000000399259
00600015000000000000000123310000000014876030005000000000312397
00600015000000000000000123320000000014876030005000000000312397
00600015000000000000000123330000000014876030005000000000312397
00600015000000000000000123340000000026157060005000000000549298
00600015000000000000000123350000000010644600005000000000223537
00600015000000000000000123360000000026219010005000000000550599
00600015000000000000000123370000000022165290005000000000465471
00600015000000000000000123380000000007570250005000000000158975
00600015000000000000000123390000000014380190005000000000301984
00600015000000000000000123400000000035909090005000000000754091
00600015000000000000000123410000000014876030005000000000312397
00600015000000000000000123420000000027421490005000000000575851
00600015000000000000000123430000000004462810005000000000093719
00600015000000000000000123440000000005785120005000000000121488
00600015000000000000000123450000000007024790005000000000147521
00600015000000000000000123460000000032504120005000000000682587
00600015000000000000000123470000000017107440005000000000359256
00600015000000000000000123480000000013223140005000000000277686
00600015000000000000000123490000000013223140005000000000277686
00600015000000000000000123500000000023636360005000000000496364
00600015000000000000000123510000000014876030005000000000312397
00600015000000000000000123520000000010673550005000000000224145
00600015000000000000000123530000000010909100005000000000229091
00600015000000000000000123540000000014876030005000000000312397
00600015000000000000000123550000000022086700005000000000463821
00600015000000000000000123560000000014876030005000000000312397
00600015000000000000000123570000000014876030005000000000312397
00600015000000000000000123580000000007570250005000000000158975
00600015000000000000000123590000000007570250005000000000158975
00600015000000000000000123600000000014876030005000000000312397
00600015000000000000000123610000000014876030005000000000312397
00600015000000000000000123620000000019012350005000000000399259
00600015000000000000000123630000000014876030005000000000312397
00600015000000000000000123640000000014876030005000000000312397
00600015000000000000000123650000000010644600005000000000223537
00600015000000000000000123660000000014876030005000000000312397
00600015000000000000000123670000000014876030005000000000312397
00600015000000000000000123680000000014876030005000000000312397
00600015000000000000000123690000000014876030005000000000312397
00600015000000000000000123700000000014876030005000000000312397
00600015000000000000000123710000000007570250005000000000158975
00600015000000000000000123720000000014876030005000000000312397
00600015000000000000000123730000000007570250005000000000158975
00600015000000000000000123740000000014876030005000000000312397
00600015000000000000000123750000000007570250005000000000158975
00600015000000000000000123760000000014876030005000000000312397
00600015000000000000000123770000000007024790005000000000147521
00600015000000000000000123780000000007570250005000000000158975
00600015000000000000000123790000000014876030005000000000312397
00600015000000000000000123800000000014876030005000000000312397
00600015000000000000000123810000000007570250005000000000158975
00600015000000000000000123820000000004462810005000000000093719
00600015000000000000000123830000000014876030005000000000312397
00600015000000000000000123840000000014876030005000000000312397
00600015000000000000000123850000000007024790005000000000147521
00600015000000000000000123860000000014876030005000000000312397
00600015000000000000000123870000000007570250005000000000158975
00600015000000000000000123880000000010661160005000000000223884
00600015000000000000000123890000000014876030005000000000312397
00600015000000000000000123900000000014876030005000000000312397
00600015000000000000000123910000000014876030005000000000312397
00600015000000000000000123920000000069793360005000000001465661
00600015000000000000000123930000000028264460005000000000593554
00600015000000000000000123940000000014876030005000000000312397
00600015000000000000000123950000000022479370005000000000472067
00600015000000000000000123960000000014876030005000000000312397
00600015000000000000000123970000000014876030005000000000312397
00600015000000000000000123980000000006991730005000000000146826
00600015000000000000000123990000000014876030005000000000312397
00600015000000000000000124000000000014876030005000000000312397
00600015000000000000000124010000000112066040005000000002353387
00600015000000000000000124020000000017975150005000000000377478
00600015000000000000000124030000000015582630005000000000327235
00600015000000000000000124040000000074925570005000000001573437
00600015000000000000000124050000000028925600005000000000607438
00600015000000000000000124060000000005785120005000000000121488
00600015000000000000000124070000000007024790005000000000147521
00600015000000000000000124080000000005785120005000000000121488
00600015000000000000000124090000000015743810005000000000330620
00600015000000000000000124100000000031776880005000000000667315
00600015000000000000000124110000000014876030005000000000312397
00600015000000000000000124120000000026239670005000000000551033
00600015000000000000000124130000000020330570005000000000426942
00600015000000000000000124140000000015446310005000000000324372
00600015000000000000000124150000000005785120005000000000121488
00600015000000000000000124160000000029820250005000000000626225
00600015000000000000000124170000000014876030005000000000312397
00600015000000000000000124180000000014876030005000000000312397
00600015000000000000000124190000000004462810005000000000093719
00600015000000000000000124200000000014876030005000000000312397
00600015000000000000000124210000000014876030005000000000312397
00600015000000000000000124220000000006735540005000000000141446
00600015000000000000000124230000000000727270005000000000015273
00600015000000000000000124240000000019710780005000000000413926
00600015000000000000000124250000000003305780005000000000069421
00600015000000000000000124260000000001115700005000000000023430
00600015000000000000000124270000000004462810005000000000093719
00600015000000000000000124280000000007024790005000000000147521
00600015000000000000000124290000000031157070005000000000654298
00600015000000000000000124300000000032892520005000000000690743
00600015000000000000000124310000000005785120005000000000121488
00600015000000000000000124320000000032247930005000000000677207
00600015000000000000000124330000000007024790005000000000147521
00600015000000000000000124340000000011405000005000000000239505
00600015000000000000000124350000000028884300005000000000606570
00600015000000000000000124360000000014876030005000000000312397
00600015000000000000000124370000000014876030005000000000312397
00600015000000000000000124380000000004462810005000000000093719
00600015000000000000000124390000000014876030005000000000312397
00600015000000000000000124400000000019012350005000000000399259
00600015000000000000000124410000000014876030005000000000312397
00600015000000000000000124420000000007809920005000000000164008
00600015000000000000000124430000000014876030005000000000312397
00600015000000000000000124440000000004462810005000000000093719
00600015000000000000000124450000000038140450005000000000800950
00600015000000000000000124460000000081587250005000000001713332
00600015000000000000000124470000000013388430005000000000281157
00600015000000000000000124480000000012123990005000000000254604
00600015000000000000000124490000000007272730005000000000152727
00600015000000000000000124500000000008851240005000000000185876
00600015000000000000000124510000000007355360005000000000154463
00600015000000000000000124520000000006570250005000000000137975
00600015000000000000000124530000000002603310005000000000054670
00600015000000000000000124540000000002603310005000000000054670
00600015000000000000000124550000000002603310005000000000054670
00600015000000000000000124560000000002603310005000000000054670
00600015000000000000000124570000000046338860005000000000973116
00600015000000000000000124580000000021458670005000000000450632
00600015000000000000000124590000000005801650005000000000121835
00600015000000000000000124600000000014876030005000000000312397
00600015000000000000000124610000000002603310005000000000054670
00600015000000000000000124620000000006735540005000000000141446
00600015000000000000000124630000000002603310005000000000054670
00600015000000000000000124640000000007024790005000000000147521
00600015000000000000000124650000000004462810005000000000093719
00600015000000000000000124660000000009008260005000000000189174
00600015000000000000000124670000000020442160005000000000429285
00600015000000000000000124680000000003867770005000000000081223
00600015000000000000000124690000000007570250005000000000158975
00600015000000000000000124700000000016140510005000000000338951
00600015000000000000000124710000000002603310005000000000054670
00600015000000000000000124720000000023925620005000000000502438
00600015000000000000000124730000000008033060005000000000168694
00600015000000000000000124740000000010411570005000000000218643
00600015000000000000000124750000000011157030005000000000234298
00600015000000000000000124760000000004276850005000000000089814
00600015000000000000000124770000000037892540005000000000795743
00600015000000000000000124780000000004462810005000000000093719
00600015000000000000000124790000000010677690005000000000224232
00600015000000000000000124800000000004256200005000000000089380
00600015000000000000000124810000000037989670005000000000797783
00600015000000000000000124820000000015805780005000000000331921
00600015000000000000000124830000000003809920005000000000080008
00600015000000000000000124840000000022479350005000000000472066
00600015000000000000000124850000000004462810005000000000093719
00600015000000000000000124860000000031747940005000000000666707
00600015000000000000000124870000000002231400005000000000046859
00600015000000000000000124880000000063966990005000000001343307
00600015000000000000000124890000000006041320005000000000126868
00600015000000000000000124900000000002851240005000000000059876
00600015000000000000000124910000000002603310005000000000054670
00600015000000000000000124920000000010644600005000000000223537
00600015000000000000000124930000000002603310005000000000054670
00600015000000000000000124940000000006446280005000000000135372
00600015000000000000000124950000000003223140005000000000067686
00600015000000000000000124960000000018685950005000000000392405
00600015000000000000000124970000000002768590005000000000058140
00600015000000000000000124980000000007520660005000000000157934
00600015000000000000000124990000000004462810005000000000093719
00600015000000000000000125000000000007768600005000000000163140
00600015000000000000000125010000000008181820005000000000171818
00600015000000000000000125020000000005652890005000000000118711
00600015000000000000000125030000000010838840005000000000227616
00600015000000000000000125040000000005504130005000000000115587
00600015000000000000000125050000000014876030005000000000312397
00600015000000000000000125060000000014876030005000000000312397
00600015000000000000000125070000000007768590005000000000163140
00600015000000000000000125080000000014876030005000000000312397
00600015000000000000000125090000000034710760005000000000728926
00600015000000000000000125100000000007338850005000000000154116
00600015000000000000000125110000000004388440005000000000092157
00600015000000000000000125120000000002603310005000000000054670
00600015000000000000000125130000000002603310005000000000054670
00600015000000000000000125140000000015661210005000000000328886
00600015000000000000000125150000000021012390005000000000441260
00600015000000000000000125160000000003801650005000000000079835
00600015000000000000000125170000000002603310005000000000054670
00600015000000000000000125180000000014876030005000000000312397
00600015000000000000000125190000000030785120005000000000646488
00600015000000000000000125200000000007570250005000000000158975
00600015000000000000000125210000000007809900005000000000164008
00600015000000000000000125220000000019338850005000000000406116
00600015000000000000000125230000000020078520005000000000421649
00600015000000000000000125240000000014876030005000000000312397
00600015000000000000000125250000000015247930005000000000320206
00600015000000000000000125260000000022710750005000000000476926
00600015000000000000000125270000000064614060005000000001356895
00600015000000000000000125280000000012033360005000000000252701
00600015000000000000000125290000000036351240005000000000763376
00600015000000000000000125300000000018140500005000000000380950
00600015000000000000000125310000000000991740005000000000020826
00600015000000000000000125320000000010603310005000000000222669
00600015000000000000000125330000000038952470005000000000818002
00600015000000000000000125340000000019008270005000000000399174
00600015000000000000000125350000000005123970005000000000107603
00600015000000000000000125360000000033264510005000000000698555
00600015000000000000000125370000000008553720005000000000179628
00600015000000000000000125380000000002603310005000000000054670
00600015000000000000000125390000000024380170005000000000511983
00600015000000000000000125400000000012293380005000000000258161
00600015000000000000000125410000000025363690005000000000532638
00600015000000000000000125420000000002520660005000000000052934
00600015000000000000000125430000000017033060005000000000357694
00600015000000000000000125440000000013090950005000000000274910
00600015000000000000000125450000000008033060005000000000168694
00600015000000000000000125460000000043475240005000000000912980
00600015000000000000000125470000000015291320005000000000321118
00600015000000000000000125480000000022983470005000000000482653
00600015000000000000000125490000000017739670005000000000372533
00600015000000000000000125500000000005785120005000000000121488
00600015000000000000000125510000000012454550005000000000261546
00600015000000000000000125520000000002520660005000000000052934
00600015000000000000000125530000000006190080005000000000129992
00600015000000000000000125540000000005785120005000000000121488
00600015000000000000000125550000000000014880005000000000000312
00600015000000000000000125560000000020371910005000000000427810
00600015000000000000000125570000000011405000005000000000239505
00600015000000000000000125580000000004462810005000000000093719
00600015000000000000000125590000000011405000005000000000239505
00600015000000000000000125600000000004462810005000000000093719
00600015000000000000000125610000000003305790005000000000069421
00600015000000000000000125620000000004462810005000000000093719
00600015000000000000000125630000000017351240005000000000364376
00600015000000000000000125640000000002024790005000000000042521
00600015000000000000000125650000000014876030005000000000312397
00600015000000000000000125660000000019933900005000000000418612
00600015000000000000000125670000000026518620005000000000556891
00600015000000000000000125680000000007024790005000000000147521
00600015000000000000000125690000000022847100005000000000479789
00600015000000000000000125700000000066068200005000000001387432
00600015000000000000000125710000000023925620005000000000502438
00600015000000000000000125720000000004946290005000000000103872
00600015000000000000000125730000000013057900005000000000274216
00600015000000000000000125740000000027993800005000000000587870
00600015000000000000000125750000000021867800005000000000459224
00600015000000000000000125760000000020512400005000000000430760
00600015000000000000000125770000000020231400005000000000424860
00600015000000000000000125780000000030227240005000000000634772
00600015000000000000000125790000000013115670005000000000275429
00600015000000000000000125800000000028274840005000000000593772
00600015000000000000000125810000000017105370005000000000359213
00600015000000000000000125820000000004462810005000000000093719
00600015000000000000000125830000000042008270005000000000882174
00600015000000000000000125840000000015595040005000000000327496
00600015000000000000000125850000000027636360005000000000580364
00600015000000000000000125860000000020547510005000000000431498
00600015000000000000000125870000000050402920005000000001058461
00600015000000000000000125880000000004462810005000000000093719
00600015000000000000000125890000000017355380005000000000364463
00600015000000000000000125900000000014541320005000000000305368
00600015000000000000000125910000000011570250005000000000242975
00600015000000000000000125920000000030989700005000000000650784
00600015000000000000000125930000000050402950005000000001058462
00600015000000000000000125940000000004462810005000000000093719
00600015000000000000000125950000000005826450005000000000122356
00600015000000000000000125960000000001545450005000000000032454
00600015000000000000000125970000000022188010005000000000465948
00600015000000000000000125980000000046677640005000000000980230
00600015000000000000000125990000000046882180005000000000984526
00600015000000000000000126000000000021355350005000000000448462
00600015000000000000000126010000000027256210005000000000572380
00600015000000000000000126020000000007165290005000000000150471
00600015000000000000000126030000000039382420005000000000827031
00600015000000000000000126040000000019142530005000000000401993
00600015000000000000000126050000000026097090005000000000548039
00600015000000000000000126060000000018650810005000000000391667
00600015000000000000000126070000000004462810005000000000093719
00600015000000000000000126080000000043518570005000000000913890
00600015000000000000000126090000000017948340005000000000376915
00600015000000000000000126100000000004462810005000000000093719
00600015000000000000000126110000000013663220005000000000286928
00600015000000000000000126120000000030487650005000000000640241
00600015000000000000000126130000000038179750005000000000801775
00600015000000000000000126140000000007272730005000000000152727
00600015000000000000000126150000000004462810005000000000093719
00600015000000000000000126160000000006198350005000000000130165
00600015000000000000000126170000000042842980005000000000899702
00600015000000000000000126180000000036107370005000000000758255
00600015000000000000000126190000000032208750005000000000676384
00600015000000000000000126200000000047031140005000000000987654
00600015000000000000000126210000000061347100005000000001288289
00600015000000000000000126220000000005785120005000000000121488
00600015000000000000000126230000000020933880005000000000439611
00600015000000000000000126240000000023962820005000000000503219
00600015000000000000000126250000000019739670005000000000414533
00600015000000000000000126260000000036037180005000000000756781
00600015000000000000000126270000000016789250005000000000352574
00600015000000000000000126280000000039334710005000000000826029
00600015000000000000000126290000000014876030005000000000312397
00600015000000000000000126300000000020336780005000000000427072
00600015000000000000000126310000000040826470005000000000857356
00600015000000000000000126320000000030628130005000000000643191
00600015000000000000000126330000000003099170005000000000065083
00600015000000000000000126340000000045485560005000000000955197
00600015000000000000000126350000000039568200005000000000830932
00600015000000000000000126360000000020336780005000000000427072
00600015000000000000000126370000000015735540005000000000330446
00600015000000000000000126380000000028925600005000000000607438
00600015000000000000000126390000000025781000005000000000541401
00600015000000000000000126400000000027014420005000000000567303
00600015000000000000000126410000000019002070005000000000399043
00600015000000000000000126420000000010264500005000000000215554
00600015000000000000000126430000000043097160005000000000905040
00600015000000000000000126440000000023404980005000000000491505
00600015000000000000000126450000000009256200005000000000194380
00600015000000000000000126460000000045847090005000000000962789
00600015000000000000000126470000000009256200005000000000194380
00600015000000000000000126480000000005661160005000000000118884
00600015000000000000000126490000000031225240005000000000655730
00600015000000000000000126500000000377442570005000000007926294
00600015000000000000000126510000000017807890005000000000373966
00600015000000000000000126520000000015770650005000000000331184
00600015000000000000000126530000000004082640005000000000085736
00600015000000000000000126540000000020582640005000000000432235
00600015000000000000000126550000000004462810005000000000093719
00600015000000000000000126560000000015140500005000000000317951
00600015000000000000000126570000000009483470005000000000199153
00600015000000000000000126580000000008394630005000000000176287
00600015000000000000000126590000000022303750005000000000468379
00600015000000000000000126600000000011942160005000000000250785
00600015000000000000000126610000000017210740005000000000361426
00600015000000000000000126620000000033824420005000000000710313
00600015000000000000000126630000000063117920005000000001325476
00600015000000000000000126640000000014876030005000000000312397
00600015000000000000000126650000000020442150005000000000429285
00600015000000000000000126660000000006198350005000000000130165
00600015000000000000000126670000000023533060005000000000494194
00800015000000000000000000910000000009090910005000000000190909
00800015000000000000000000920000000002520660005000000000052934
00800015000000000000000000930000000050402920005000000001058461
