01900002000000000000000015050000000108213670003000000000000000
01900002000000000000000015060000000321140350003000000000000000
01900002000000000000000015070000000417261660003000000000000000
01900002000000000000000015080000000135719310003000000000000000
01900002000000000000000015090000000023801640003000000000000000
01900002000000000000000015110000000038429730003000000000000000
01900002000000000000000015120000000481700520003000000000000000
00100010000000000000000106660000000745962810005000000015665219
00100010000000000000000106670000000094904960005000000001993004
00100010000000000000000106680000000149000830005000000003129017
00100010000000000000000106690000000507111570005000000010649343
00100010000000000000000106700000000537574380005000000011289062
00100010000000000000000106710000000465971070005000000009785393
00100010000000000000000106720000000202561980005000000004253802
00100010000000000000000106730000000018057850005000000000379215
00100010000000000000000106740000000695904130005000000014613987
00100010000000000000000106750000000191553720005000000004022628
00100010000000000000000106760000002204628100005000000046297190
00100010000000000000000106770000000779892560005000000016377744
00100010000000000000000106780000000098628100005000000002071190
00100010000000000000000106790000000221280990005000000004646901
00100010000000000000000106800000000256013220005000000005376278
00100010000000000000000106810000000013429750005000000000282025
00100010000000000000000106820000000146578510005000000003078149
00100010000000000000000106830000000131735540005000000002766446
00100010000000000000000106840000000176628100005000000003709190
00100010000000000000000106850000000168148760005000000003531124
00100010000000000000000106860000000084945450005000000001783855
00100010000000000000000106870000000386590910005000000008118409
00100010000000000000000106880000000025785120005000000000541488
00100010000000000000000106890000000034623970005000000000727103
00100010000000000000000106900000000149040080005000000003129842
00100010000000000000000106910000000312006200005000000006552130
00100010000000000000000106920000000033867770005000000000711223
00100010000000000000000106930000000282116860005000000005924454
00100010000000000000000106940000000268545450005000000005639455
00100010000000000000000106950000000010743800005000000000225620
00100010000000000000000106960000000129768600005000000002725140
00100010000000000000000106970000000262725620005000000005517238
00100010000000000000000106980000000026280990005000000000551901
00100010000000000000000106990000000012979340005000000000272566
00100010000000000000000107000000000069843020005000000001466703
00100010000000000000000107010000000175380170005000000003682983
00100010000000000000000107020000000057975210005000000001217479
00100010000000000000000107030000000132143800005000000002775020
00100010000000000000000107040000000047727270005000000001002273
00100010000000000000000107050000000135611570005000000002847843
00100010000000000000000107060000000040504130005000000000850587
00100010000000000000000107070000000008264460005000000000173554
00100010000000000000000107080000000132143800005000000002775020
00100010000000000000000107090000000022485950005000000000472205
00100010000000000000000107100000000065289260005000000001371074
00100010000000000000000107110000000020247930005000000000425207
00100010000000000000000107120000000019056200005000000000400180
00100010000000000000000107130000000019041320005000000000399868
00100010000000000000000107140000000151200000005000000003175200
00100010000000000000000107150000000066694210005000000001400579
00100010000000000000000107160000000066694210005000000001400579
00100010000000000000000107170000000053842980005000000001130702
00100010000000000000000107180000000299022220005000000006279467
00100010000000000000000107190000000250370100005000000005257772
00100010000000000000000107200000000270013070005000000005670274
00100010000000000000000107210000000115723170005000000002430186
00100010000000000000000107220000000139728100005000000002934290
00100010000000000000000107230000001079910740005000000022678126
00100010000000000000000107240000001401262810005000000029426519
00100010000000000000000107250000001334067770005000000028015423
00100010000000000000000107260000000656690910005000000013790509
00100010000000000000000107270000000111074380005000000002332562
00100010000000000000000107280000000380557850005000000007991715
00100010000000000000000107290000000557190080005000000011700992
00100010000000000000000107300000000013884300005000000000291570
00100010000000000000000107310000000056043640005000000001176916
00100010000000000000000107320000000094623970005000000001987103
00100010000000000000000107330000000041600830005000000000873617
00100010000000000000000107340000000050095040005000000001051996
00100010000000000000000107350000000097188020005000000002040948
00100010000000000000000107360000000063818180005000000001340182
00100010000000000000000107370000000021123970005000000000443603
00100010000000000000000107380000000083305790005000000001749422
00100010000000000000000107390000000007586780005000000000159322
00100010000000000000000107400000000023342970005000000000490202
00100010000000000000000107410000000003830580005000000000080442
00100010000000000000000107420000000024008260005000000000504174
00100010000000000000000107430000000136363640005000000002863636
00100010000000000000000107440000000021607440005000000000453756
00100010000000000000000107450000000055280990005000000001160901
00100010000000000000000107460000000200413220005000000004208678
00100010000000000000000107470000000070247930005000000001475207
00100010000000000000000107480000000005355370005000000000112463
00100010000000000000000107490000000195867770005000000004113223
00100010000000000000000107500000000126929750005000000002665525
00100010000000000000000107510000000012793390005000000000268661
00100010000000000000000107520000000023206610005000000000487339
00100010000000000000000107530000000020008260005000000000420174
00100010000000000000000107540000000002066120005000000000043388
00100010000000000000000107550000000053107430005000000001115256
00100010000000000000000107560000000037586800005000000000789323
00100010000000000000000107570000000297520660005000000006247934
00100010000000000000000107580000000306297520005000000006432248
00100010000000000000000107590000000375024790005000000007875521
00100010000000000000000107600000000225725430005000000004740234
00100010000000000000000107610000000091115740005000000001913431
00100010000000000000000107620000000031041320005000000000651868
00100010000000000000000107630000000072334710005000000001519029
00100010000000000000000107640000000554376860005000000011641914
00100010000000000000000107650000000195024790005000000004095521
00100010000000000000000107660000000091922310005000000001930369
00100010000000000000000107670000000151355370005000000003178463
00100010000000000000000107680000000164413390005000000003452681
00100010000000000000000107690000000189634520005000000003982325
00100010000000000000000107700000000125708830005000000002639885
00100010000000000000000107710000000034035160005000000000714738
00100010000000000000000107720000000036859500005000000000774050
00100010000000000000000107730000000054214880005000000001138512
00100010000000000000000107740000000079082640005000000001660736
00100010000000000000000107750000000011871070005000000000249293
00100010000000000000000107760000000012768600005000000000268140
00100010000000000000000107770000000851306860005000000017877444
00100010000000000000000107780000000077553720005000000001628628
00100010000000000000000107790000000021198350005000000000445165
00100010000000000000000107800000000131652890005000000002764711
00100010000000000000000107810000000185950410005000000003904959
00100010000000000000000107820000000020297520005000000000426248
00100010000000000000000107830000000006363640005000000000133636
00100010000000000000000107840000000210243800005000000004415120
00100010000000000000000107850000000209514710005000000004399809
00100010000000000000000107860000000047355400005000000000994463
00100010000000000000000107870000000013487610005000000000283240
00100010000000000000000107880000000034983510005000000000734654
00100010000000000000000107890000000101826450005000000002138355
00100010000000000000000107900000000062851240005000000001319876
00100010000000000000000107910000000033009920005000000000693208
00100010000000000000000107920000000177917360005000000003736264
00100010000000000000000107930000000017975210005000000000377479
00100010000000000000000107940000001110743800005000000023325620
00100010000000000000000107950000000392561980005000000008243802
00100010000000000000000107960000000961983470005000000020201653
00100010000000000000000107970000000992975210005000000020852479
00100010000000000000000107980000000352933880005000000007411612
00100010000000000000000107990000000309917360005000000006508264
00100010000000000000000108000000000093553720005000000001964628
00100010000000000000000108010000000205229580005000000004309821
00100010000000000000000108020000000186087000005000000003907827
00100010000000000000000108030000000216293650005000000004542167
00100010000000000000000108040000000060164110005000000001263446
00100010000000000000000108050000000045204550005000000000949295
00100010000000000000000108060000000011867770005000000000249223
00100010000000000000000108070000000190528930005000000004001107
00100010000000000000000108080000000031646730005000000000664581
00100010000000000000000108090000000523614880005000000010995912
00100010000000000000000108100000000563153720005000000011826228
00100010000000000000000108110000000622905790005000000013081021
00300010000000000000000007050000000674661940005000000014167901
00300010000000000000000007060000000033009920005000000000693208
00300010000000000000000007070000000008677690005000000000182231
00300010000000000000000007080000000136363640005000000002863636
00300010000000000000000007090000000024008260005000000000504174
00300010000000000000000007100000000022160380005000000000465368
00300010000000000000000007110000000011871070005000000000249293
00300010000000000000000007120000000023016530005000000000483347
00300010000000000000000007130000000021198350005000000000445165
00600010000000000000000489720000000053421490005000000001121851
00600010000000000000000489730000000073099170005000000001535083
00600010000000000000000489740000000007190080005000000000150992
00600010000000000000000489750000000002863640005000000000060136
00600010000000000000000489760000000026045450005000000000546955
00600010000000000000000489770000000027946280005000000000586872
00600010000000000000000489780000000012272730005000000000257727
00600010000000000000000489790000000024954540005000000000524045
00600010000000000000000489800000000015471070005000000000324893
00600010000000000000000489810000000003049590005000000000064041
00600010000000000000000489820000000002314050005000000000048595
00600010000000000000000489830000000004132230005000000000086777
00600010000000000000000489840000000013347110005000000000280289
00600010000000000000000489850000000018016530005000000000378347
00600010000000000000000489860000000035727270005000000000750273
00600010000000000000000489870000000016528930005000000000347107
00600010000000000000000489880000000005619830005000000000118017
00600010000000000000000489890000000014462810005000000000303719
00600010000000000000000489900000000059380170005000000001246983
00600010000000000000000489910000000016198350005000000000340165
00600010000000000000000489920000000014876030005000000000312397
00600010000000000000000489930000000004090910005000000000085909
00600010000000000000000489940000000009917360005000000000208264
00600010000000000000000489950000000008330580005000000000174942
00600010000000000000000489960000000009917360005000000000208264
00600010000000000000000489970000000008264460005000000000173554
00600010000000000000000489980000000006253140005000000000131316
00600010000000000000000489990000000008264460005000000000173554
00600010000000000000000490000000000010524790005000000000221021
00600010000000000000000490010000000026363640005000000000553636
00600010000000000000000490020000000011045450005000000000231955
00600010000000000000000490030000000065086780005000000001366822
00600010000000000000000490040000000109355370005000000002296463
00600010000000000000000490050000000203589260005000000004275374
00600010000000000000000490060000000163852070005000000003440893
00600010000000000000000490070000000040289260005000000000846074
00600010000000000000000490080000000056191320005000000001180018
00600010000000000000000490090000000020433880005000000000429112
00600010000000000000000490100000000126185120005000000002649888
00600010000000000000000490110000000008264460005000000000173554
00600010000000000000000490120000000002809920005000000000059008
00600010000000000000000490130000000073487600005000000001543240
00600010000000000000000490140000000000826450005000000000017355
00600010000000000000000490150000000008264460005000000000173554
00600010000000000000000490160000000013512400005000000000283760
00600010000000000000000490170000000070735540005000000001485446
00600010000000000000000490180000000037685950005000000000791405
00600010000000000000000490190000000009049590005000000000190041
00600010000000000000000490200000000184209920005000000003868408
00600010000000000000000490210000000003917360005000000000082264
00600010000000000000000490220000000007611570005000000000159843
00600010000000000000000490230000000005913220005000000000124178
00600010000000000000000490240000000016900830005000000000354917
00600010000000000000000490250000000081307440005000000001707456
00600010000000000000000490260000000036070250005000000000757475
00600010000000000000000490270000000009206610005000000000193339
00600010000000000000000490280000000025082640005000000000526736
00600010000000000000000490290000000007727270005000000000162273
00600010000000000000000490300000000006033060005000000000126694
00600010000000000000000490310000000060925620005000000001279438
00600010000000000000000490320000000588549590005000000012359541
00600010000000000000000490330000000008264460005000000000173554
00600010000000000000000490340000000000764460005000000000016054
00600010000000000000000490350000000002892560005000000000060744
00600010000000000000000490360000000086293390005000000001812161
00600010000000000000000490370000000096033060005000000002016694
00600010000000000000000490380000000004380170005000000000091983
00600010000000000000000490390000000110655370005000000002323763
00600010000000000000000490400000000008264460005000000000173554
00600010000000000000000490410000000054553780005000000001145629
00600010000000000000000490420000000004132230005000000000086777
00600010000000000000000490430000000020082640005000000000421736
00600010000000000000000490440000000035404960005000000000743504
00600010000000000000000490450000000055367770005000000001162723
00600010000000000000000490460000000004276860005000000000089814
00600010000000000000000490470000000102363640005000000002149636
00600010000000000000000490480000000074166120005000000001557488
00600010000000000000000490490000000019669420005000000000413058
00600010000000000000000490500000000012396690005000000000260331
00600010000000000000000490510000000012235540005000000000256946
00600010000000000000000490520000000208582640005000000004380236
00600010000000000000000490530000000015000000005000000000315000
00600010000000000000000490540000000007479340005000000000157066
00600010000000000000000490550000000042888430005000000000900657
00600010000000000000000490560000000020000000005000000000420000
00600010000000000000000490570000000015995870005000000000335913
00600010000000000000000490580000000057851240005000000001214876
00600010000000000000000490590000000047752070005000000001002793
00600010000000000000000490600000000020661160005000000000433884
00600010000000000000000490610000000005177690005000000000108731
00600010000000000000000490620000000012495870005000000000262413
00600010000000000000000490630000000045725620005000000000960238
00600010000000000000000490640000000015702480005000000000329752
00600010000000000000000490650000000020099170005000000000422083
00600010000000000000000490660000000043158260005000000000906324
00600010000000000000000490670000000018727270005000000000393273
00600010000000000000000490680000000092104960005000000001934204
00600010000000000000000490690000000003966940005000000000083306
00600010000000000000000490700000000002396690005000000000050331
00600010000000000000000490710000000018223140005000000000382686
00600010000000000000000490720000000011342970005000000000238202
00600010000000000000000490730000000014859500005000000000312050
00600010000000000000000490740000000002892560005000000000060744
00600010000000000000000490750000000002892560005000000000060744
00600010000000000000000490760000000014628100005000000000307190
00600010000000000000000490770000000134495870005000000002824413
00600010000000000000000490780000000094669420005000000001988058
00600010000000000000000490790000000132143800005000000002775020
00600010000000000000000490800000000010570250005000000000221975
00600010000000000000000490810000000014090910005000000000295909
00600010000000000000000490820000000019805790005000000000415921
00600010000000000000000490830000000019008260005000000000399174
00600010000000000000000490840000000010900830005000000000228917
00600010000000000000000490850000000010727270005000000000225273
00600010000000000000000490860000000000750910005000000000015769
00600010000000000000000490870000000010330580005000000000216942
00600010000000000000000490880000000010330580005000000000216942
00600010000000000000000490890000000015247930005000000000320207
00600010000000000000000490900000000067425620005000000001415938
00600010000000000000000490910000000002892560005000000000060744
00600010000000000000000490920000000008264460005000000000173554
00600010000000000000000490930000000018780990005000000000394401
00600010000000000000000490940000000009834710005000000000206529
00600010000000000000000490950000000018685950005000000000392405
00600010000000000000000490960000000064285950005000000001350005
00600010000000000000000490970000000056937190005000000001195681
00600010000000000000000490980000000011142150005000000000233985
00600010000000000000000490990000000003801650005000000000079835
00600010000000000000000491000000000005785120005000000000121488
00600010000000000000000491010000000003677690005000000000077231
00600010000000000000000491020000000095950410005000000002014959
00600010000000000000000491030000000013181820005000000000276818
00600010000000000000000491040000000052118180005000000001094482
00600010000000000000000491050000000012462810005000000000261719
00600010000000000000000491060000000025495870005000000000535413
00600010000000000000000491070000000007231400005000000000151860
00600010000000000000000491080000000005838840005000000000122616
00600010000000000000000491090000000040822310005000000000857269
00600010000000000000000491100000000012086780005000000000253822
00600010000000000000000491110000000076239670005000000001601033
00600010000000000000000491120000000008264460005000000000173554
00600010000000000000000491130000000002892560005000000000060744
00600010000000000000000491140000000002892560005000000000060744
00600010000000000000000491150000000002892560005000000000060744
00600010000000000000000491160000000027553720005000000000578628
00600010000000000000000491170000000066436360005000000001395164
00600010000000000000000491180000000132143800005000000002775020
00600010000000000000000491190000000122225620005000000002566738
00600010000000000000000491200000000132143800005000000002775020
00600010000000000000000491210000000037264460005000000000782554
00600010000000000000000491220000000008264460005000000000173554
00600010000000000000000491230000000009917360005000000000208264
00600010000000000000000491240000000008264460005000000000173554
00600010000000000000000491250000000027892560005000000000585744
00600010000000000000000491260000000046561350005000000000977788
00600010000000000000000491270000000012287600005000000000258040
00600010000000000000000491280000000003388430005000000000071157
00600010000000000000000491290000000015041320005000000000315868
00600010000000000000000491300000000004132230005000000000086777
00600010000000000000000491310000000019041320005000000000399868
00600010000000000000000491320000000009520660005000000000199934
00600010000000000000000491330000000004987600005000000000104740
00600010000000000000000491340000000002809920005000000000059008
00600010000000000000000491350000000010247930005000000000215207
00600010000000000000000491360000000017842980005000000000374702
00600010000000000000000491370000000049256200005000000001034380
00600010000000000000000491380000000003305790005000000000069421
00600010000000000000000491390000000008264460005000000000173554
00600010000000000000000491400000000031462810005000000000660719
00600010000000000000000491410000000021115700005000000000443430
00600010000000000000000491420000000027107440005000000000569256
00600010000000000000000491430000000007272730005000000000152727
00600010000000000000000491440000000050785120005000000001066488
00600010000000000000000491450000000061652890005000000001294711
00600010000000000000000491460000000044590910005000000000936409
00600010000000000000000491470000000010681820005000000000224318
00600010000000000000000491480000000003152890005000000000066211
00600010000000000000000491490000000009586780005000000000201322
00600010000000000000000491500000000013070250005000000000274475
00600010000000000000000491510000000012495870005000000000262413
00600010000000000000000491520000000022685950005000000000476405
00600010000000000000000491530000000019041320005000000000399868
00600010000000000000000491540000000008264460005000000000173554
00600010000000000000000491550000000008264460005000000000173554
00600010000000000000000491560000000048388430005000000001016157
00600010000000000000000491570000000008264460005000000000173554
00600010000000000000000491580000000003309920005000000000069508
00600010000000000000000491590000000022644630005000000000475537
00600010000000000000000491600000000014049590005000000000295041
00600010000000000000000491610000000002892560005000000000060744
00600010000000000000000491620000000024433880005000000000513112
00600010000000000000000491630000000009917360005000000000208264
00600010000000000000000491640000000008264460005000000000173554
00600010000000000000000491650000000003884300005000000000081570
00600010000000000000000491660000000017665290005000000000370971
00600010000000000000000491670000000014210740005000000000298426
00600010000000000000000491680000000008264460005000000000173554
00600010000000000000000491690000000008264460005000000000173554
00600010000000000000000491700000000008264460005000000000173554
00600010000000000000000491710000000008243800005000000000173120
00600010000000000000000491720000000003793390005000000000079661
00600010000000000000000491730000000008264460005000000000173554
00600010000000000000000491740000000002975210005000000000062479
00600010000000000000000491750000000011628100005000000000244190
00600010000000000000000491760000000009917360005000000000208264
00600010000000000000000491770000000002574380005000000000054062
00600010000000000000000491780000000006099170005000000000128083
00600010000000000000000491790000000008264460005000000000173554
00600010000000000000000491800000000015024790005000000000315521
00600010000000000000000491810000000000826450005000000000017355
00600010000000000000000491820000000022975210005000000000482479
00600010000000000000000491830000000005289260005000000000111074
00600010000000000000000491840000000006942150005000000000145785
00600010000000000000000491850000000008264460005000000000173554
00600010000000000000000491860000000049979340005000000001049566
00600010000000000000000491870000000004132230005000000000086777
00600010000000000000000491880000000010611570005000000000222843
00600010000000000000000491890000000014690080005000000000308492
00600010000000000000000491900000000015879680005000000000333473
00600010000000000000000491910000000015247930005000000000320207
00600010000000000000000491920000000015413220005000000000323678
00600010000000000000000491930000000002892560005000000000060744
00600010000000000000000491940000000008264460005000000000173554
00600010000000000000000491950000000004276860005000000000089814
00600010000000000000000491960000000005516530005000000000115847
00600010000000000000000491970000000013990910005000000000293809
00600010000000000000000491980000000008264460005000000000173554
00600010000000000000000491990000000041161980005000000000864402
00600010000000000000000492000000000015123970005000000000317603
00600010000000000000000492010000000021123970005000000000443603
00600010000000000000000492020000000008264460005000000000173554
00600010000000000000000492030000000018636360005000000000391364
00600010000000000000000492040000000076487600005000000001606240
00600010000000000000000492050000000055884300005000000001173570
00600010000000000000000492060000000006694210005000000000140579
00600010000000000000000492070000000031462810005000000000660719
00600010000000000000000492080000000007400830005000000000155417
00600010000000000000000492090000000049355370005000000001036463
00600010000000000000000492100000000053487600005000000001123240
00600010000000000000000492110000000013223140005000000000277686
00600010000000000000000492120000000042458680005000000000891632
00600010000000000000000492130000000049669420005000000001043058
00600010000000000000000492140000000018983480005000000000398653
00600010000000000000000492150000000002892560005000000000060744
00600010000000000000000492160000000002743800005000000000057620
00600010000000000000000492170000000008264460005000000000173554
00600010000000000000000492180000000002892560005000000000060744
00600010000000000000000492190000000019545450005000000000410455
00600010000000000000000492200000000007396690005000000000155331
00600010000000000000000492210000000008462560005000000000177714
00600010000000000000000492220000000008099170005000000000170083
00600010000000000000000492230000000004132230005000000000086777
00600010000000000000000492240000000007446280005000000000156372
00600010000000000000000492250000000003617770005000000000075973
00600010000000000000000492260000000002066120005000000000043388
00600010000000000000000492270000000002479340005000000000052066
00600010000000000000000492280000000003966940005000000000083306
00600010000000000000000492290000000002066120005000000000043388
00600010000000000000000492300000000008264460005000000000173554
00600010000000000000000492310000000002066120005000000000043388
00600010000000000000000492320000000002892560005000000000060744
00600010000000000000000492330000000002066120005000000000043388
00600010000000000000000492340000000011157020005000000000234298
00600010000000000000000492350000000002892560005000000000060744
00600010000000000000000492360000000016904960005000000000355004
00600010000000000000000492370000000002066120005000000000043388
00600010000000000000000492380000000022479340005000000000472066
00600010000000000000000492390000000017933880005000000000376612
00600010000000000000000492400000000001735540005000000000036446
00600010000000000000000492410000000007099170005000000000149083
00600010000000000000000492420000000002066120005000000000043388
00600010000000000000000492430000000004793390005000000000100661
00600010000000000000000492440000000002892560005000000000060744
00600010000000000000000492450000000002066120005000000000043388
00600010000000000000000492460000000006363640005000000000133636
00600010000000000000000492470000000005950410005000000000124959
00600010000000000000000492480000000005454550005000000000114545
00600010000000000000000492490000000010743800005000000000225620
00600010000000000000000492500000000002892560005000000000060744
00600010000000000000000492510000000038561980005000000000809802
00600010000000000000000492520000000002066120005000000000043388
00600010000000000000000492530000000022352220005000000000469397
00600010000000000000000492540000000011404960005000000000239504
00600010000000000000000492550000000014014880005000000000294312
00600010000000000000000492560000000010743800005000000000225620
00600010000000000000000492570000000007396690005000000000155331
00600010000000000000000492580000000007520660005000000000157934
00600010000000000000000492590000000011239680005000000000236033
00600010000000000000000492600000000092454550005000000001941545
00600010000000000000000492610000000002066120005000000000043388
00600010000000000000000492620000000026900830005000000000564917
00600010000000000000000492630000000044502170005000000000934546
00600010000000000000000492640000000001048670005000000000022022
00600010000000000000000492650000000009876030005000000000207397
00600010000000000000000492660000000105578510005000000002217149
00600010000000000000000492670000000046942150005000000000985785
00600010000000000000000492680000000006076450005000000000127605
00600010000000000000000492690000000022971070005000000000482393
00600010000000000000000492700000000024579050005000000000516160
00600010000000000000000492710000000007235540005000000000151946
00600010000000000000000492720000000091035130005000000001911738
00600010000000000000000492730000000013057850005000000000274215
00600010000000000000000492740000000008264460005000000000173554
00600010000000000000000492750000000056714880005000000001191012
00600010000000000000000492760000000052400830005000000001100417
00600010000000000000000492770000000018037190005000000000378781
00600010000000000000000492780000000026446280005000000000555372
00600010000000000000000492790000000012809920005000000000269008
00600010000000000000000492800000000004760330005000000000099967
00600010000000000000000492810000000066524790005000000001397021
00600010000000000000000492820000000011239670005000000000236033
00600010000000000000000492830000000037929750005000000000796525
00600010000000000000000492840000000002892560005000000000060744
00600010000000000000000492850000000007438020005000000000156198
00600010000000000000000492860000000021454560005000000000450546
00600010000000000000000492870000000014462810005000000000303719
00600010000000000000000492880000000055338840005000000001162116
00600010000000000000000492890000000027322310005000000000573769
00600010000000000000000492900000000035516530005000000000745847
00600010000000000000000492910000000066157020005000000001389298
00600010000000000000000492920000000002892560005000000000060744
00600010000000000000000492930000000008367770005000000000175723
00600010000000000000000492940000000024481430005000000000514110
00600010000000000000000492950000000019702500005000000000413752
00600010000000000000000492960000000006900830005000000000144917
00600010000000000000000492970000000013053720005000000000274128
00600010000000000000000492980000000006396690005000000000134331
00600010000000000000000492990000000002892560005000000000060744
00600010000000000000000493000000000008264460005000000000173554
00600010000000000000000493010000000008264460005000000000173554
00600010000000000000000493020000000048681840005000000001022319
00600010000000000000000493030000000005785120005000000000121488
00600010000000000000000493040000000013983470005000000000293653
00600010000000000000000493050000000017148760005000000000360124
00600010000000000000000493060000000001636360005000000000034364
00600010000000000000000493070000000170895870005000000003588813
00600010000000000000000493080000000025454550005000000000534545
00600010000000000000000493090000000019186780005000000000402922
00600010000000000000000493100000000002892560005000000000060744
00600010000000000000000493110000000008264460005000000000173554
00600010000000000000000493120000000008264460005000000000173554
00600010000000000000000493130000000001752070005000000000036793
00600010000000000000000493140000000044479340005000000000934066
00600010000000000000000493150000000069520660005000000001459934
00600010000000000000000493160000000008595040005000000000180496
00600010000000000000000493170000000003239670005000000000068033
00600010000000000000000493180000000002429750005000000000051025
00600010000000000000000493190000000018347110005000000000385289
00600010000000000000000493200000000006760330005000000000141967
00600010000000000000000493210000000007586780005000000000159322
00600010000000000000000493220000000003793390005000000000079661
00600010000000000000000493230000000005289260005000000000111074
00600010000000000000000493240000000010115700005000000000212430
00600010000000000000000493250000000026033060005000000000546694
00600010000000000000000493260000000024481410005000000000514110
00600010000000000000000493270000000010413220005000000000218678
00600010000000000000000493280000000011404960005000000000239504
00600010000000000000000493290000000037041320005000000000777868
00600010000000000000000493300000000003669420005000000000077058
00600010000000000000000493310000000049421490005000000001037851
00600010000000000000000493320000000012396690005000000000260331
00600010000000000000000493330000000024917360005000000000523264
00600010000000000000000493340000000014992900005000000000314851
00600010000000000000000493350000000019669420005000000000413058
00600010000000000000000493360000000041388430005000000000869157
00600010000000000000000493370000000018247930005000000000383207
00600010000000000000000493380000000010842980005000000000227702
00600010000000000000000493390000000072495870005000000001522413
00600010000000000000000493400000000014876030005000000000312397
00600010000000000000000493410000000012004130005000000000252087
00600010000000000000000493420000000002979340005000000000062566
00600010000000000000000493430000000003181820005000000000066818
00600010000000000000000493440000000023041320005000000000483868
00600010000000000000000493450000000029338840005000000000616116
00600010000000000000000493460000000002892560005000000000060744
00600010000000000000000493470000000015764460005000000000331054
00600010000000000000000493480000000013057850005000000000274215
00600010000000000000000493490000000024132230005000000000506777
00600010000000000000000493500000000026322310005000000000552769
00600010000000000000000493510000000012793390005000000000268661
00600010000000000000000493520000000000644630005000000000013537
00600010000000000000000493530000000000644630005000000000013537
00600010000000000000000493540000000002148760005000000000045124
00600010000000000000000493550000000014487600005000000000304240
00600010000000000000000493560000000017024790005000000000357521
00600010000000000000000493570000000019049590005000000000400041
00600010000000000000000493580000000044082640005000000000925736
00600010000000000000000493590000000009917360005000000000208264
00600010000000000000000493600000000008264460005000000000173554
00600010000000000000000493610000000008264460005000000000173554
00600010000000000000000493620000000006404960005000000000134504
00600010000000000000000493630000000033859540005000000000711050
00600010000000000000000493640000000018553720005000000000389628
00600010000000000000000493650000000002066120005000000000043388
00600010000000000000000493660000000008264460005000000000173554
00600010000000000000000493670000000008264460005000000000173554
00600010000000000000000493680000000008264460005000000000173554
00600010000000000000000493690000000008264460005000000000173554
00600010000000000000000493700000000002892560005000000000060744
00600010000000000000000493710000000014615700005000000000306930
00600010000000000000000493720000000008264460005000000000173554
00600010000000000000000493730000000008264460005000000000173554
00600010000000000000000493740000000008264460005000000000173554
00600010000000000000000493750000000002892560005000000000060744
00600010000000000000000493760000000009917360005000000000208264
00600010000000000000000493770000000004628100005000000000097190
00600010000000000000000493780000000010888470005000000000228658
00600010000000000000000493790000000002371900005000000000049810
00600010000000000000000493800000000004743800005000000000099620
00600010000000000000000493810000000002892560005000000000060744
00600010000000000000000493820000000002066120005000000000043388
00600010000000000000000493830000000010247930005000000000215207
00600010000000000000000493840000000008925620005000000000187438
00600010000000000000000493850000000076723140005000000001611186
00600010000000000000000493860000000004628100005000000000097190
00600010000000000000000493870000000024132230005000000000506777
00600010000000000000000493880000000012396690005000000000260331
00600010000000000000000493890000000008181820005000000000171818
00600010000000000000000493900000000159768600005000000003355140
00600010000000000000000493910000000111830580005000000002348442
00600010000000000000000493920000000017272730005000000000362727
00600010000000000000000493930000000021198350005000000000445165
00600010000000000000000493940000000017843000005000000000374703
00600010000000000000000493950000000057989740005000000001217784
00600010000000000000000493960000000007200420005000000000151209
00600010000000000000000493970000000022574380005000000000474062
00600010000000000000000493980000000010677690005000000000224231
00600010000000000000000493990000000040537190005000000000851281
00600010000000000000000494000000000011115700005000000000233430
00600010000000000000000494010000000020898780005000000000438874
00600010000000000000000494020000000004049590005000000000085041
00600010000000000000000494030000000021239670005000000000446033
00600010000000000000000494040000000013388430005000000000281157
00600010000000000000000494050000000003471070005000000000072893
00600010000000000000000494060000000016033060005000000000336694
00600010000000000000000494070000000017297520005000000000363248
00600010000000000000000494080000000005495870005000000000115413
00600010000000000000000494090000000074157020005000000001557298
00600010000000000000000494100000000018037190005000000000378781
00600010000000000000000494110000000005785120005000000000121488
00600010000000000000000494120000000008264460005000000000173554
00600010000000000000000494130000000036373990005000000000763854
00600010000000000000000494140000000021607440005000000000453756
00600010000000000000000494150000000085632330005000000001798279
00600010000000000000000494160000000020828540005000000000437399
00600010000000000000000494170000000013262400005000000000278510
00600010000000000000000494180000000019378100005000000000406940
00600010000000000000000494190000000030768620005000000000646141
00600010000000000000000494200000000042880170005000000000900483
00600010000000000000000494210000000003389460005000000000071179
00600010000000000000000494220000000028871940005000000000606311
00600010000000000000000494230000000021952510005000000000461003
00600010000000000000000494240000000027357450005000000000574507
00600010000000000000000494250000000161285290005000000003386991
00600010000000000000000494260000000145202650005000000003049256
00600010000000000000000494270000000179975420005000000003779484
00600010000000000000000494280000000053644650005000000001126538
00600010000000000000000494290000000017553720005000000000368628
00600010000000000000000494300000000009586790005000000000201323
00600010000000000000000494310000000013471070005000000000282893
00600010000000000000000494320000000027942150005000000000586785
00600010000000000000000494330000000024561980005000000000515802
00600010000000000000000494340000000007809920005000000000164008
00600010000000000000000494350000000014710740005000000000308926
00600010000000000000000494360000000020909090005000000000439091
00600010000000000000000494370000000011495870005000000000241413
00600010000000000000000494380000000007231400005000000000151860
00600010000000000000000494390000000011355370005000000000238463
00600010000000000000000494400000000008739670005000000000183533
00600010000000000000000494410000000003586780005000000000075322
00600010000000000000000494420000000008264460005000000000173554
00600010000000000000000494430000000039074400005000000000820562
00600010000000000000000494440000000007726110005000000000162248
00600010000000000000000494450000000013752070005000000000288793
00600010000000000000000494460000000008272730005000000000173727
00600010000000000000000494470000000001322310005000000000027769
00600010000000000000000494480000000006942150005000000000145785
00600010000000000000000494490000000005785120005000000000121488
00600010000000000000000494500000000002892560005000000000060744
00600010000000000000000494510000000002417360005000000000050764
00600010000000000000000494520000000002454550005000000000051545
00600010000000000000000494530000000008264460005000000000173554
00600010000000000000000494540000000002892560005000000000060744
00600010000000000000000494550000000002892560005000000000060744
00600010000000000000000494560000000002892560005000000000060744
00600010000000000000000494570000000008264460005000000000173554
00600010000000000000000494580000000002892560005000000000060744
00600010000000000000000494590000000002892560005000000000060744
00600010000000000000000494600000000006657020005000000000139798
00600010000000000000000494610000000005950410005000000000124959
00600010000000000000000494620000000009173550005000000000192645
00600010000000000000000494630000000001859500005000000000039050
00600010000000000000000494640000000008743800005000000000183620
00600010000000000000000494650000000019669420005000000000413058
00600010000000000000000494660000000003049590005000000000064041
00600010000000000000000494670000000009380170005000000000196983
00600010000000000000000494680000000007884300005000000000165570
00600010000000000000000494690000000031004130005000000000651087
00600010000000000000000494700000000038669420005000000000812058
00600010000000000000000494710000000007231400005000000000151860
00600010000000000000000494720000000022314050005000000000468595
00600010000000000000000494730000000039444260005000000000828329
00600010000000000000000494740000000047045450005000000000987955
00600010000000000000000494750000000067894710005000000001425789
00600010000000000000000494760000000014084730005000000000295779
00600010000000000000000494770000000015917360005000000000334264
00600010000000000000000494780000000009049590005000000000190041
00600010000000000000000494790000000043202580005000000000907254
00600010000000000000000494800000000004132230005000000000086777
00600010000000000000000494810000000008264460005000000000173554
00600010000000000000000494820000000008264460005000000000173554
00600010000000000000000494830000000002892560005000000000060744
00600010000000000000000494840000000008264460005000000000173554
00600010000000000000000494850000000008264460005000000000173554
00600010000000000000000494860000000008264460005000000000173554
00600010000000000000000494870000000002892560005000000000060744
00600010000000000000000494880000000002892560005000000000060744
00600010000000000000000494890000000003327170005000000000069871
00600010000000000000000494900000000008264460005000000000173554
00600010000000000000000494910000000002892560005000000000060744
00600010000000000000000494920000000028974620005000000000608467
00600010000000000000000494930000000003305790005000000000069421
00600010000000000000000494940000000024002070005000000000504043
00600010000000000000000494950000000040136360005000000000842864
00600010000000000000000494960000000005935960005000000000124655
00600010000000000000000494970000000018721070005000000000393143
00600010000000000000000494980000000018264510005000000000383555
00600010000000000000000494990000000038677690005000000000812231
00600010000000000000000495000000000010483470005000000000220153
00600010000000000000000495010000000016500020005000000000346500
00600010000000000000000495020000000024762420005000000000520011
00600010000000000000000495030000000011239680005000000000236033
00600010000000000000000495040000000018088840005000000000379866
00600010000000000000000495050000000006917360005000000000145264
00600010000000000000000495060000000043272780005000000000908728
00600010000000000000000495070000000016648780005000000000349624
00600010000000000000000495080000000008570290005000000000179976
00600010000000000000000495090000000016824380005000000000353312
00600010000000000000000495100000000020632230005000000000433277
00600010000000000000000495110000000009917360005000000000208264
00600010000000000000000495120000000006421490005000000000134851
00600010000000000000000495130000000018696280005000000000392622
00600010000000000000000495140000000011871900005000000000249310
00600010000000000000000495150000000028725210005000000000603229
00600010000000000000000495160000000038882250005000000000816527
00600010000000000000000495170000000012539260005000000000263324
00600010000000000000000495180000000015770660005000000000331184
00600010000000000000000495190000000011462360005000000000240710
00600010000000000000000495200000000009917360005000000000208264
00600010000000000000000495210000000019950430005000000000418959
00600010000000000000000495220000000024270660005000000000509684
00600010000000000000000495230000000017772760005000000000373228
00600010000000000000000495240000000052231400005000000001096860
00600010000000000000000495250000000002892560005000000000060744
00600010000000000000000495260000000007396690005000000000155331
00600010000000000000000495270000000006497930005000000000136457
00600010000000000000000495280000000085330580005000000001791942
00600010000000000000000495290000000008264460005000000000173554
00600010000000000000000495300000000015946300005000000000334872
00600010000000000000000495310000000027580580005000000000579192
00600010000000000000000495320000000016157030005000000000339298
00600010000000000000000495330000000035826490005000000000752356
00600010000000000000000495340000000014495190005000000000304399
00600010000000000000000495350000000064311980005000000001350552
00600010000000000000000495360000000038706610005000000000812839
00600010000000000000000495370000000033492560005000000000703344
00600010000000000000000495380000000004636360005000000000097364
00600010000000000000000495390000000024183880005000000000507862
00600010000000000000000495400000000010508280005000000000220674
00600010000000000000000495410000000009553720005000000000200628
00600010000000000000000495420000000029363640005000000000616636
00600010000000000000000495430000000009917360005000000000208264
00600010000000000000000495440000000017456610005000000000366589
00600010000000000000000495450000000014289260005000000000300074
00600010000000000000000495460000000002479340005000000000052066
00600010000000000000000495470000000087285120005000000001832988
00600010000000000000000495480000000041024790005000000000861521
00600010000000000000000495490000000008214880005000000000172512
00600010000000000000000495500000000009917360005000000000208264
00600010000000000000000495510000000025886360005000000000543614
00600010000000000000000495520000000186731400005000000003921360
00600010000000000000000495530000000122271070005000000002567693
00600010000000000000000495540000000022834710005000000000479529
00600010000000000000000495550000000023783640005000000000499456
00600010000000000000000495560000000134031400005000000002814660
00600010000000000000000495570000000034562020005000000000725802
00600010000000000000000495580000000008043410005000000000168912
00600010000000000000000495590000000001785120005000000000037488
00600010000000000000000495600000000008264460005000000000173554
00600010000000000000000495610000000047986780005000000001007722
00600010000000000000000495620000000020336780005000000000427072
00600010000000000000000495630000000000495870005000000000010413
00600010000000000000000495640000000028274890005000000000593773
00600010000000000000000495650000000036665390005000000000769973
00600010000000000000000495660000000015349170005000000000322333
00600010000000000000000495670000000004847120005000000000101789
00600010000000000000000495680000000036363640005000000000763636
00600010000000000000000495690000000013768600005000000000289140
00600010000000000000000495700000000015700450005000000000329709
00600010000000000000000495710000000016347110005000000000343289
00600010000000000000000495720000000006919420005000000000145308
00600010000000000000000495730000000006252070005000000000131293
00600010000000000000000495740000000023632230005000000000496277
00600010000000000000000495750000000025785120005000000000541488
00600010000000000000000495760000000011140500005000000000233950
00600010000000000000000495770000000001864460005000000000039154
00600010000000000000000495780000000022747930005000000000477707
00600010000000000000000495790000000003192150005000000000067035
00600010000000000000000495800000000008367770005000000000175723
00600010000000000000000495810000000008363640005000000000175636
00600010000000000000000495820000000002479340005000000000052066
00600010000000000000000495830000000002710740005000000000056926
00600010000000000000000495840000000005373970005000000000112853
00600010000000000000000495850000000006006200005000000000126130
00600010000000000000000495860000000008264460005000000000173554
00600010000000000000000495870000000009917360005000000000208264
00600010000000000000000495880000000003165290005000000000066471
00600010000000000000000495890000000009917360005000000000208264
00600010000000000000000495900000000031867770005000000000669223
00600010000000000000000495910000000005233470005000000000109903
00600010000000000000000495920000000021917410005000000000460266
00600010000000000000000495930000000025429750005000000000534025
00600010000000000000000495940000000056725270005000000001191231
00600010000000000000000495950000000002880170005000000000060483
00600010000000000000000495960000000020969010005000000000440349
00600010000000000000000495970000000021179780005000000000444775
00600010000000000000000495980000000036363640005000000000763636
00600010000000000000000495990000000002669420005000000000056058
00600010000000000000000496000000000002462810005000000000051719
00600010000000000000000496010000000002892560005000000000060744
00600010000000000000000496020000000012574380005000000000264062
00600010000000000000000496030000000005148760005000000000108124
00600010000000000000000496040000000002892560005000000000060744
00600010000000000000000496050000000002024790005000000000042521
00600010000000000000000496060000000029115700005000000000611430
00600010000000000000000496070000000018510330005000000000388717
00600010000000000000000496080000000043132300005000000000905778
00600010000000000000000496090000000014314070005000000000300595
00600010000000000000000496100000000037190080005000000000780992
00600010000000000000000496110000000023392580005000000000491244
00600010000000000000000496120000000033578520005000000000705149
00600010000000000000000496130000000011942150005000000000250785
00600010000000000000000496140000000002892560005000000000060744
00600010000000000000000496150000000027712810005000000000581969
00600010000000000000000496160000000012574380005000000000264062
00600010000000000000000496170000000029274790005000000000614771
00600010000000000000000496180000000002743800005000000000057620
00600010000000000000000496190000000008214880005000000000172512
00600010000000000000000496200000000013913220005000000000292178
00600010000000000000000496210000000018475230005000000000387980
00600010000000000000000496220000000074975210005000000001574479
00600010000000000000000496230000000002892560005000000000060744
00600010000000000000000496240000000002892560005000000000060744
00600010000000000000000496250000000002892560005000000000060744
00600010000000000000000496260000000002892560005000000000060744
00600010000000000000000496270000000002892560005000000000060744
00600010000000000000000496280000000002892560005000000000060744
00600010000000000000000496290000000058611570005000000001230843
00600010000000000000000496300000000066190080005000000001389992
00600010000000000000000496310000000009588860005000000000201366
00600010000000000000000496320000000011555790005000000000242671
00600010000000000000000496330000000004425620005000000000092938
00600010000000000000000496340000000018861570005000000000396093
00600010000000000000000496350000000011107440005000000000233256
00600010000000000000000496360000000005619830005000000000118017
00600010000000000000000496370000000003863640005000000000081136
00800010000000000000000015260000000004380170005000000000091983
00800010000000000000000015270000000025454550005000000000534545
00800010000000000000000015280000000024481430005000000000514110
00800010000000000000000015290000000004628100005000000000097190
00800010000000000000000015300000000010888470005000000000228658
00800010000000000000000015310000000009380170005000000000196983
00100011000000000000000018130000000006917360005000000000145264
00100011000000000000000018140000000008925620005000000000187438
00100011000000000000000018150000000064958700005000000001364133
00100011000000000000000018160000000039504130005000000000829587
00100011000000000000000018170000000048843000005000000001025703
00100011000000000000000018180000000004545450005000000000095455
00100011000000000000000018190000000002892560005000000000060744
00100011000000000000000018200000000003719010005000000000078099
00100011000000000000000018210000000069545450005000000001460455
00100011000000000000000018220000000008925620005000000000187438
00100011000000000000000018230000000046983420005000000000986652
00100011000000000000000018240000000033223140005000000000697686
00100011000000000000000018250000000008078510005000000000169649
00100011000000000000000018260000000011380200005000000000238984
00100011000000000000000018270000000051074330005000000001072561
00600011000000000000000340020000000002057850005000000000043215
00600011000000000000000340030000000004545450005000000000095454
00600011000000000000000340040000000004132230005000000000086777
00600011000000000000000340050000000012299590005000000000258291
00600011000000000000000340060000000009904960005000000000208004
00600011000000000000000340070000000008264460005000000000173554
00600011000000000000000340080000000008264460005000000000173554
00600011000000000000000340090000000006363630005000000000133636
00600011000000000000000340100000000004958680005000000000104132
00600011000000000000000340110000000043210750005000000000907426
00600011000000000000000340120000000008264460005000000000173554
00600011000000000000000340130000000025578500005000000000537149
00600011000000000000000340140000000001917350005000000000040264
00600011000000000000000340150000000002892560005000000000060744
00600011000000000000000340160000000008431240005000000000177056
00600011000000000000000340170000000029256190005000000000614380
00600011000000000000000340180000000014462790005000000000303718
00600011000000000000000340190000000024690080005000000000518492
00600011000000000000000340200000000030528930005000000000641107
00600011000000000000000340210000000015991750005000000000335827
00600011000000000000000340220000000003570250005000000000074975
00600011000000000000000340230000000002491730005000000000052326
00600011000000000000000340240000000026263610005000000000551536
00600011000000000000000340250000000003262510005000000000068513
00600011000000000000000340260000000030725220005000000000645230
00600011000000000000000340270000000004128100005000000000086690
00600011000000000000000340280000000005371880005000000000112810
00600011000000000000000340290000000040123980005000000000842603
00600011000000000000000340300000000007727250005000000000162272
00600011000000000000000340310000000025785110005000000000541487
00600011000000000000000340320000000003471070005000000000072892
00600011000000000000000340330000000008264460005000000000173554
00600011000000000000000340340000000008264460005000000000173554
00600011000000000000000340350000000012188020005000000000255948
00600011000000000000000340360000000005619830005000000000118016
00600011000000000000000340370000000005128100005000000000107690
00600011000000000000000340380000000016528930005000000000347107
00600011000000000000000340390000000010024790005000000000210521
00600011000000000000000340400000000012355360005000000000259462
00600011000000000000000340410000000001157020005000000000024297
00600011000000000000000340420000000006132220005000000000128777
00600011000000000000000340430000000020909090005000000000439091
00600011000000000000000340440000000000330580005000000000006942
00600011000000000000000340450000000004588570005000000000096360
00600011000000000000000340460000000012231400005000000000256860
00600011000000000000000340470000000017962790005000000000377219
00600011000000000000000340480000000001907350005000000000040054
00600011000000000000000340490000000007851240005000000000164876
00600011000000000000000340500000000005619830005000000000118016
00600011000000000000000340510000000002752070005000000000057794
00600011000000000000000340520000000003925620005000000000082438
00600011000000000000000340530000000018082650005000000000379736
00600011000000000000000340540000000007867770005000000000165223
00600011000000000000000340550000000061243790005000000001286120
00600011000000000000000340560000000021322300005000000000447768
00600011000000000000000340570000000008264460005000000000173554
00600011000000000000000340580000000008264460005000000000173554
00600011000000000000000340590000000002933880005000000000061611
00600011000000000000000340600000000022066100005000000000463388
00600011000000000000000340610000000014672930005000000000308131
00600011000000000000000340620000000000826450005000000000017355
00600011000000000000000340630000000034842980005000000000731703
00600011000000000000000340640000000008264460005000000000173554
00600011000000000000000340650000000008264460005000000000173554
00600011000000000000000340660000000002491730005000000000052326
00600011000000000000000340670000000008871890005000000000186310
00600011000000000000000340680000000002975200005000000000062479
00600011000000000000000340690000000008264460005000000000173554
00600011000000000000000340700000000020688010005000000000434448
00600011000000000000000340710000000002892560005000000000060744
00600011000000000000000340720000000006115700005000000000128430
00600011000000000000000340730000000008264460005000000000173554
00600011000000000000000340740000000002892560005000000000060744
00600011000000000000000340750000000008710740005000000000182926
00600011000000000000000340760000000016520650005000000000346934
00600011000000000000000340770000000008264460005000000000173554
00600011000000000000000340780000000020041310005000000000420867
00600011000000000000000340790000000006140500005000000000128950
00600011000000000000000340800000000047727270005000000001002273
00600011000000000000000340810000000013553730005000000000284628
00600011000000000000000340820000000001123970005000000000023603
00600011000000000000000340830000000020413220005000000000428678
00600011000000000000000340840000000017190080005000000000360992
00600011000000000000000340850000000003371900005000000000070810
00600011000000000000000340860000000004628100005000000000097190
00600011000000000000000340870000000005206610005000000000109339
00600011000000000000000340880000000002892560005000000000060744
00600011000000000000000340890000000010661150005000000000223884
00600011000000000000000340900000000007107440005000000000149256
00600011000000000000000340910000000002727260005000000000057273
00600011000000000000000340920000000008264460005000000000173554
00600011000000000000000340930000000007411160005000000000155634
00600011000000000000000340940000000006144630005000000000129037
00600011000000000000000340950000000005752050005000000000120793
00600011000000000000000340960000000016842970005000000000353702
00600011000000000000000340970000000018756190005000000000393880
00600011000000000000000340980000000039198340005000000000823165
00600011000000000000000340990000000004162220005000000000087407
00600011000000000000000341000000000023471060005000000000492892
00600011000000000000000341010000000022024790005000000000462521
00600011000000000000000341020000000048541330005000000001019368
00600011000000000000000341030000000008181810005000000000171818
00600011000000000000000341040000000017892560005000000000375744
00600011000000000000000341050000000030198350005000000000634165
00600011000000000000000341060000000024280980005000000000509900
00600011000000000000000341070000000010578510005000000000222149
00600011000000000000000341080000000007438020005000000000156198
00600011000000000000000341090000000013842980005000000000290702
00600011000000000000000341100000000015132240005000000000317777
00600011000000000000000341110000000001606790005000000000033743
00600011000000000000000341120000000002528930005000000000053107
00600011000000000000000341130000000019090900005000000000400909
00600011000000000000000341140000000010785120005000000000226488
00600011000000000000000341150000000004793370005000000000100661
00600011000000000000000341160000000011983450005000000000251653
00600011000000000000000341170000000024388440005000000000512157
00600011000000000000000341180000000008264460005000000000173554
00600011000000000000000341190000000002743800005000000000057620
00600011000000000000000341200000000031818170005000000000668182
00600011000000000000000341210000000002528930005000000000053107
00600011000000000000000341220000000007995870005000000000167913
00600011000000000000000341230000000024669420005000000000518058
00600011000000000000000341240000000027793400005000000000583661
00600011000000000000000341250000000006099350005000000000128086
00600011000000000000000341260000000008264460005000000000173554
00600011000000000000000341270000000029539250005000000000620324
00600011000000000000000341280000000011311830005000000000237548
00600011000000000000000341290000000040743790005000000000855620
00600011000000000000000341300000000007165290005000000000150471
00600011000000000000000341310000000016894630005000000000354787
00600011000000000000000341320000000019008300005000000000399174
00600011000000000000000341330000000008099170005000000000170083
00600011000000000000000341340000000016437990005000000000345198
00600011000000000000000341350000000018814050005000000000395095
00600011000000000000000341360000000019518600005000000000409890
00600011000000000000000341370000000006814040005000000000143095
00600011000000000000000341380000000007446280005000000000156372
00600011000000000000000341390000000008264460005000000000173554
00600011000000000000000341400000000008264460005000000000173554
00600011000000000000000341410000000016528900005000000000347107
00600011000000000000000341420000000012644630005000000000265537
00600011000000000000000341430000000001540980005000000000032361
00600011000000000000000341440000000014512400005000000000304760
00600011000000000000000341450000000008264460005000000000173554
00600011000000000000000341460000000003305780005000000000069421
00600011000000000000000341470000000021144620005000000000444037
00600011000000000000000341480000000008264460005000000000173554
00600011000000000000000341490000000003388430005000000000071157
00600011000000000000000341500000000000743800005000000000015620
00600011000000000000000341510000000011836780005000000000248572
00600011000000000000000341520000000008264460005000000000173554
00600011000000000000000341530000000013347110005000000000280289
00600011000000000000000341540000000010826450005000000000227355
00600011000000000000000341550000000041735540005000000000876446
00600011000000000000000341560000000046636350005000000000979363
00600011000000000000000341570000000038607430005000000000810756
00600011000000000000000341580000000008264460005000000000173554
00600011000000000000000341590000000011404960005000000000239504
00600011000000000000000341600000000008264460005000000000173554
00600011000000000000000341610000000020082640005000000000421736
00600011000000000000000341620000000008264460005000000000173554
00600011000000000000000341630000000003305790005000000000069421
00600011000000000000000341640000000002892560005000000000060744
00600011000000000000000341650000000005454540005000000000114545
00600011000000000000000341660000000008264460005000000000173554
00600011000000000000000341670000000008264460005000000000173554
00600011000000000000000341680000000002677400005000000000056226
00600011000000000000000341690000000025214870005000000000529512
00600011000000000000000341700000000008264460005000000000173554
00600011000000000000000341710000000003471070005000000000072892
00600011000000000000000341720000000017190080005000000000360992
00600011000000000000000341730000000007832640005000000000164485
00600011000000000000000341740000000008264460005000000000173554
00600011000000000000000341750000000000495870005000000000010413
00600011000000000000000341760000000032644630005000000000685537
00600011000000000000000341770000000008264460005000000000173554
00600011000000000000000341780000000010944220005000000000229829
00600011000000000000000341790000000006053720005000000000127128
00600011000000000000000341800000000008264460005000000000173554
00600011000000000000000341810000000005842980005000000000122702
00600011000000000000000341820000000008264460005000000000173554
00600011000000000000000341830000000003272730005000000000068727
00600011000000000000000341840000000003371900005000000000070810
00600011000000000000000341850000000021280990005000000000446901
00600011000000000000000341860000000009454550005000000000198545
00600011000000000000000341870000000003305790005000000000069421
00600011000000000000000341880000000008264460005000000000173554
00600011000000000000000341890000000000966940005000000000020306
00600011000000000000000341900000000000619830005000000000013017
00600011000000000000000341910000000006076450005000000000127605
00600011000000000000000341920000000017702500005000000000371753
00600011000000000000000341930000000030335120005000000000637038
00600011000000000000000341940000000015851250005000000000332876
00600011000000000000000341950000000008264460005000000000173554
00600011000000000000000341960000000008264460005000000000173554
00600011000000000000000341970000000006954540005000000000146045
00600011000000000000000341980000000008264460005000000000173554
00600011000000000000000341990000000010413220005000000000218678
00600011000000000000000342000000000008264460005000000000173554
00600011000000000000000342010000000008553720005000000000179628
00600011000000000000000342020000000012272720005000000000257727
00600011000000000000000342030000000005793390005000000000121661
00600011000000000000000342040000000008264460005000000000173554
00600011000000000000000342050000000008264460005000000000173554
00600011000000000000000342060000000002809920005000000000059008
00600011000000000000000342070000000015123960005000000000317603
00600011000000000000000342080000000000595870005000000000012513
00600011000000000000000342090000000004876030005000000000102397
00600011000000000000000342100000000003760330005000000000078967
00600011000000000000000342110000000008016530005000000000168347
00600011000000000000000342120000000007832640005000000000164485
00600011000000000000000342130000000019128100005000000000401690
00600011000000000000000342140000000030245870005000000000635163
00600011000000000000000342150000000008264460005000000000173554
00600011000000000000000342160000000027272730005000000000572727
00600011000000000000000342170000000009380170005000000000196983
00600011000000000000000342180000000004132250005000000000086777
00600011000000000000000342190000000008264460005000000000173554
00600011000000000000000342200000000007938030005000000000166699
00600011000000000000000342210000000002644630005000000000055537
00600011000000000000000342220000000005371900005000000000112810
00600011000000000000000342230000000003305790005000000000069421
00600011000000000000000342240000000002892560005000000000060744
00600011000000000000000342250000000019669410005000000000413058
00600011000000000000000342260000000010227270005000000000214773
00600011000000000000000342270000000012203310005000000000256269
00600011000000000000000342280000000007623640005000000000160096
00600011000000000000000342290000000072033030005000000001512694
00600011000000000000000342300000000036876030005000000000774397
00600011000000000000000342310000000006260330005000000000131467
00600011000000000000000342320000000011859500005000000000249050
00600011000000000000000342330000000002892560005000000000060744
00600011000000000000000342340000000002892560005000000000060744
00600011000000000000000342350000000002892560005000000000060744
00600011000000000000000342360000000050082630005000000001051735
00600011000000000000000342370000000122355330005000000002569462
00600011000000000000000342380000000003057850005000000000064215
00600011000000000000000342390000000007438020005000000000156198
00600011000000000000000342400000000002892560005000000000060744
00600011000000000000000342410000000007776860005000000000163314
00600011000000000000000342420000000034276850005000000000719814
00600011000000000000000342430000000002066120005000000000043388
00600011000000000000000342440000000009363640005000000000196636
00600011000000000000000342450000000002892560005000000000060744
00600011000000000000000342460000000002892560005000000000060744
00600011000000000000000342470000000002892560005000000000060744
00600011000000000000000342480000000024834720005000000000521529
00600011000000000000000342490000000002066120005000000000043388
00600011000000000000000342500000000002066120005000000000043388
00600011000000000000000342510000000002066120005000000000043388
00600011000000000000000342520000000002892560005000000000060744
00600011000000000000000342530000000002892560005000000000060744
00600011000000000000000342540000000002892560005000000000060744
00600011000000000000000342550000000010322330005000000000216769
00600011000000000000000342560000000011617210005000000000243961
00600011000000000000000342570000000010785120005000000000226487
00600011000000000000000342580000000003863640005000000000081136
00600011000000000000000342590000000002892560005000000000060744
00600011000000000000000342600000000005867770005000000000123223
00600011000000000000000342610000000005169420005000000000108558
00600011000000000000000342620000000010786210005000000000226510
00600011000000000000000342630000000001289260005000000000027074
00600011000000000000000342640000000020878090005000000000438440
00600011000000000000000342650000000034305770005000000000720421
00600011000000000000000342660000000008851230005000000000185876
00600011000000000000000342670000000012223130005000000000256686
00600011000000000000000342680000000002528930005000000000053107
00600011000000000000000342690000000003305790005000000000069421
00600011000000000000000342700000000026611550005000000000558843
00600011000000000000000342710000000025865700005000000000543180
00600011000000000000000342720000000002272730005000000000047727
00600011000000000000000342730000000007762400005000000000163010
00600011000000000000000342740000000003305780005000000000069421
00600011000000000000000342750000000006942130005000000000145785
00600011000000000000000342760000000039458680005000000000828632
00600011000000000000000342770000000003388430005000000000071157
00600011000000000000000342780000000007214880005000000000151512
00600011000000000000000342790000000014421490005000000000302851
00600011000000000000000342800000000003388430005000000000071157
00600011000000000000000342810000000007679290005000000000161265
00600011000000000000000342820000000008264460005000000000173554
00600011000000000000000342830000000003818180005000000000080182
00600011000000000000000342840000000008925620005000000000187438
00600011000000000000000342850000000017797530005000000000373748
00600011000000000000000342860000000012363610005000000000259636
00600011000000000000000342870000000008264460005000000000173554
00600011000000000000000342880000000009917360005000000000208265
00600011000000000000000342890000000005727270005000000000120273
00600011000000000000000342900000000011570250005000000000242975
00600011000000000000000342910000000003388430005000000000071157
00600011000000000000000342920000000008264460005000000000173554
00600011000000000000000342930000000002892560005000000000060744
00600011000000000000000342940000000003305790005000000000069421
00600011000000000000000342950000000003388430005000000000071157
00600011000000000000000342960000000008264460005000000000173554
00600011000000000000000342970000000014628100005000000000307190
00600011000000000000000342980000000008264460005000000000173554
00600011000000000000000342990000000003305790005000000000069421
00600011000000000000000343000000000002314050005000000000048595
00600011000000000000000343010000000008254130005000000000173337
00600011000000000000000343020000000001165290005000000000024471
00600011000000000000000343030000000008925620005000000000187438
00600011000000000000000343040000000004214880005000000000088512
00600011000000000000000343050000000048760310005000000001023966
00600011000000000000000343060000000017296860005000000000363234
00600011000000000000000343070000000003305790005000000000069421
00600011000000000000000343080000000007235530005000000000151946
00600011000000000000000343090000000018018670005000000000378392
00600011000000000000000343100000000002752070005000000000057793
00600011000000000000000343110000000008264460005000000000173554
00600011000000000000000343120000000010413220005000000000218678
00600011000000000000000343130000000022629170005000000000475213
00600011000000000000000343140000000003719010005000000000078099
00600011000000000000000343150000000002809920005000000000059008
00600011000000000000000343160000000003388430005000000000071157
00600011000000000000000343170000000003305790005000000000069421
00600011000000000000000343180000000015590900005000000000327409
00600011000000000000000343190000000018016520005000000000378347
00600011000000000000000343200000000010000000005000000000210000
00600011000000000000000343210000000002553720005000000000053628
00600011000000000000000343220000000009142010005000000000191982
00600011000000000000000343230000000009322310005000000000195769
00600011000000000000000343240000000015661150005000000000328884
00600011000000000000000343250000000012066120005000000000253388
00600011000000000000000343260000000006157020005000000000129298
00600011000000000000000343270000000015495860005000000000325413
00600011000000000000000343280000000006979340005000000000146566
00600011000000000000000343290000000004132230005000000000086777
00600011000000000000000343300000000006157020005000000000129298
00600011000000000000000343310000000002809920005000000000059008
00600011000000000000000343320000000014214890005000000000298513
00600011000000000000000343330000000073628080005000000001546190
00600011000000000000000343340000000005057850005000000000106215
00600011000000000000000343350000000008264460005000000000173554
00600011000000000000000343360000000008264460005000000000173554
00600011000000000000000343370000000036448320005000000000765415
00600011000000000000000343380000000003870210005000000000081274
00600011000000000000000343390000000001239670005000000000026033
00600011000000000000000343400000000003442150005000000000072285
00600011000000000000000343410000000005303720005000000000111378
00600011000000000000000343420000000017504130005000000000367587
00600011000000000000000343430000000006363640005000000000133636
00600011000000000000000343440000000003421490005000000000071851
00600011000000000000000343450000000014710750005000000000308926
00600011000000000000000343460000000001090910005000000000022909
00600011000000000000000343470000000020615240005000000000432920
00600011000000000000000343480000000014049590005000000000295041
00600011000000000000000343490000000004793370005000000000100661
00600011000000000000000343500000000002892560005000000000060744
00600011000000000000000343510000000004586780005000000000096322
00600011000000000000000343520000000003388430005000000000071157
00600011000000000000000343530000000003305790005000000000069421
00600011000000000000000343540000000008264470005000000000173554
00600011000000000000000343550000000002809920005000000000059008
00600011000000000000000343560000000006954540005000000000146045
00600011000000000000000343570000000021735500005000000000456446
00600011000000000000000343580000000007851240005000000000164876
00600011000000000000000343590000000002561980005000000000053802
00600011000000000000000343600000000003834710005000000000080529
00600011000000000000000343610000000025966940005000000000545306
00600011000000000000000343620000000020090920005000000000421909
00600011000000000000000343630000000003041320005000000000063868
00600011000000000000000343640000000008264460005000000000173554
00600011000000000000000343650000000008264460005000000000173554
00600011000000000000000343660000000007318180005000000000153682
00600011000000000000000343670000000004636370005000000000097364
00600011000000000000000343680000000009917360005000000000208264
00600011000000000000000343690000000022545450005000000000473455
00600011000000000000000343700000000008925620005000000000187438
00600011000000000000000343710000000004561980005000000000095802
00600011000000000000000343720000000008264460005000000000173554
00600011000000000000000343730000000008264460005000000000173554
00600011000000000000000343740000000034090870005000000000715908
00600011000000000000000343750000000063132210005000000001325776
00600011000000000000000343760000000011404960005000000000239504
00600011000000000000000343770000000007140500005000000000149951
00600011000000000000000343780000000008264460005000000000173554
00600011000000000000000343790000000058857430005000000001236006
00600011000000000000000343800000000002892560005000000000060744
00600011000000000000000343810000000006260330005000000000131467
00600011000000000000000343820000000004132230005000000000086777
00600011000000000000000343830000000032438010005000000000681198
00600011000000000000000343840000000001735540005000000000036446
00600011000000000000000343850000000008264460005000000000173554
00600011000000000000000343860000000008264460005000000000173554
00600011000000000000000343870000000003388430005000000000071157
00600011000000000000000343880000000005454550005000000000114546
00600011000000000000000343890000000007661160005000000000160884
00600011000000000000000343900000000011911150005000000000250134
00600011000000000000000343910000000007561980005000000000158802
00600011000000000000000343920000000008179750005000000000171775
00600011000000000000000343930000000008264460005000000000173554
00600011000000000000000343940000000008264460005000000000173554
00600011000000000000000343950000000003388430005000000000071157
00600011000000000000000343960000000054204490005000000001138294
00600011000000000000000343970000000018522720005000000000388977
00600011000000000000000343980000000026975210005000000000566479
00600011000000000000000343990000000002880170005000000000060483
00600011000000000000000344000000000010045450005000000000210955
00600011000000000000000344010000000002809910005000000000059008
00600011000000000000000344020000000006041320005000000000126868
00600011000000000000000344030000000048374980005000000001015875
00600011000000000000000344040000000000991740005000000000020826
00600011000000000000000344050000000025842980005000000000542702
00600011000000000000000344060000000008264460005000000000173554
00600011000000000000000344070000000010115700005000000000212430
00600011000000000000000344080000000018475190005000000000387979
00600011000000000000000344090000000014958620005000000000314131
00600011000000000000000344100000000008705590005000000000182817
00600011000000000000000344110000000017495870005000000000367413
00600011000000000000000344120000000013291320005000000000279118
00600011000000000000000344130000000003617770005000000000075973
00600011000000000000000344140000000017070240005000000000358475
00600011000000000000000344150000000005830590005000000000122442
00600011000000000000000344160000000004958680005000000000104132
00600011000000000000000344170000000038530980005000000000809151
00600011000000000000000344180000000020933880005000000000439612
00600011000000000000000344190000000003758260005000000000078924
00600011000000000000000344200000000017516520005000000000367847
00600011000000000000000344210000000003617770005000000000075973
00600011000000000000000344220000000022206610005000000000466339
00600011000000000000000344230000000028202480005000000000592252
00600011000000000000000344240000000050176450005000000001053706
00600011000000000000000344250000000048880160005000000001026483
00600011000000000000000344260000000012020660005000000000252434
00600011000000000000000344270000000046909100005000000000985091
00600011000000000000000344280000000017878090005000000000375440
00600011000000000000000344290000000025105370005000000000527213
00600011000000000000000344300000000003336780005000000000070072
00600011000000000000000344310000000008264460005000000000173554
00600011000000000000000344320000000019694210005000000000413579
00600011000000000000000344330000000009545990005000000000200466
00600011000000000000000344340000000002599170005000000000054583
00600011000000000000000344350000000009710740005000000000203926
00600011000000000000000344360000000004285120005000000000089988
00600011000000000000000344370000000003690080005000000000077492
00600011000000000000000344380000000008264460005000000000173554
00600011000000000000000344390000000011731420005000000000246360
00600011000000000000000344400000000005057850005000000000106215
00600011000000000000000344410000000003247930005000000000068207
00600011000000000000000344420000000002880170005000000000060483
00600011000000000000000344430000000008264460005000000000173554
00600011000000000000000344440000000036363600005000000000763636
00600011000000000000000344450000000007438020005000000000156198
00600011000000000000000344460000000002698350005000000000056665
00600011000000000000000344470000000008264460005000000000173554
00600011000000000000000344480000000009586770005000000000201322
00600011000000000000000344490000000002892560005000000000060744
00600011000000000000000344500000000027537180005000000000578281
00600011000000000000000344510000000004919420005000000000103308
00600011000000000000000344520000000020933880005000000000439611
00600011000000000000000344530000000016121910005000000000338560
00600011000000000000000344540000000008768600005000000000184140
00600011000000000000000344550000000003863640005000000000081136
00600011000000000000000344560000000011731410005000000000246360
00600011000000000000000344570000000006814060005000000000143095
00600011000000000000000344580000000002880170005000000000060483
00600011000000000000000344590000000028803720005000000000604878
00600011000000000000000344600000000014892560005000000000312744
00600011000000000000000344610000000022935940005000000000481655
00600011000000000000000344620000000006252060005000000000131293
00600011000000000000000344630000000008148750005000000000171124
00600011000000000000000344640000000009743800005000000000204620
00600011000000000000000344650000000009904960005000000000208004
00600011000000000000000344660000000008264460005000000000173554
00600011000000000000000344670000000009869830005000000000207266
00600011000000000000000344680000000000578510005000000000012149
00600011000000000000000344690000000021566120005000000000452888
00600011000000000000000344700000000001363640005000000000028636
00600011000000000000000344710000000039669400005000000000833057
00600011000000000000000344720000000014787170005000000000310531
00600011000000000000000344730000000002719010005000000000057099
00600011000000000000000344740000000002892560005000000000060744
00600011000000000000000344750000000009975210005000000000209479
00600011000000000000000344760000000009904960005000000000208004
00600011000000000000000344770000000008925620005000000000187438
00600011000000000000000344780000000021735500005000000000456446
00600011000000000000000344790000000002307960005000000000048467
00600011000000000000000344800000000034035100005000000000714737
00600011000000000000000344810000000031830560005000000000668442
00600011000000000000000344820000000002760330005000000000057967
00600011000000000000000344830000000007481400005000000000157109
00600011000000000000000344840000000006919420005000000000145308
00600011000000000000000344850000000041266510005000000000866597
00600011000000000000000344860000000002388430005000000000050157
00600011000000000000000344870000000001157020005000000000024297
00600011000000000000000344880000000002892560005000000000060744
00600011000000000000000344890000000002704550005000000000056795
00600011000000000000000344900000000040043400005000000000840911
00600011000000000000000344910000000032700400005000000000686708
00600011000000000000000344920000000002892560005000000000060744
00600011000000000000000344930000000002950410005000000000061959
00600011000000000000000344940000000010080580005000000000211692
00600011000000000000000344950000000028630160005000000000601233
00600011000000000000000344960000000004987600005000000000104740
00600011000000000000000344970000000033086780005000000000694822
00600011000000000000000344980000000002880170005000000000060483
00600011000000000000000344990000000009764470005000000000205054
00600011000000000000000345000000000047584180005000000000999268
00600011000000000000000345010000000028064050005000000000589345
00600011000000000000000345020000000012516530005000000000262847
00600011000000000000000345030000000016438010005000000000345198
00600011000000000000000345040000000001745450005000000000036654
00600011000000000000000345050000000001619830005000000000034017
00600011000000000000000345060000000008264460005000000000173554
00600011000000000000000345070000000011404960005000000000239504
00600011000000000000000345080000000005762400005000000000121010
00600011000000000000000345090000000009237610005000000000193990
00600011000000000000000345100000000016473160005000000000345936
00600011000000000000000345110000000028345030005000000000595246
00600011000000000000000345120000000019993960005000000000419873
00600011000000000000000345130000000015630170005000000000328234
00600011000000000000000345140000000028788310005000000000604554
00600011000000000000000345150000000012785120005000000000268487
00600011000000000000000345160000000002704550005000000000056795
00600011000000000000000345170000000008264460005000000000173554
00600011000000000000000345180000000015454540005000000000324545
00600011000000000000000345190000000009917360005000000000208264
00600011000000000000000345200000000003768590005000000000079140
00600011000000000000000345210000000008264460005000000000173554
00600011000000000000000345220000000007938020005000000000166698
00600011000000000000000345230000000000330580005000000000006942
00600011000000000000000345240000000017702470005000000000371752
00600011000000000000000345250000000030900000005000000000648900
00600011000000000000000345260000000010045450005000000000210954
00600011000000000000000345270000000017105370005000000000359213
00600011000000000000000345280000000016332640005000000000342986
00600011000000000000000345290000000024621900005000000000517060
00600011000000000000000345300000000004214880005000000000088512
00800011000000000000000009210000000008431230005000000000177056
00800011000000000000000009220000000002892560005000000000060744
00800011000000000000000009230000000022446270005000000000471372
00800011000000000000000009240000000002491730005000000000052326
00800011000000000000000009250000000031818170005000000000668182
00800011000000000000000009260000000046636350005000000000979363
00800011000000000000000009270000000008264460005000000000173554
00800011000000000000000009280000000002892560005000000000060744
00800011000000000000000009290000000004132230005000000000086777
00800011000000000000000009300000000012231400005000000000256860
00800011000000000000000009310000000001694210005000000000035578
00800011000000000000000009320000000005900830005000000000123917
00800011000000000000000009330000000008264460005000000000173554
00800011000000000000000009340000000031404920005000000000659503
00800011000000000000000009350000000048374980005000000001015875
00800011000000000000000009360000000006989670005000000000146783
00800011000000000000000009370000000008264460005000000000173554
00800011000000000000000009380000000003371900005000000000070810
00100012000000000000000013840000000089243800005000000001874120
00100012000000000000000013850000000009476220005000000000199001
00100012000000000000000013860000000002644630005000000000055537
00100012000000000000000013870000000033177670005000000000696731
00100012000000000000000013880000000008264460005000000000173554
00100012000000000000000013890000000031735540005000000000666446
00100012000000000000000013900000000001652890005000000000034711
00100012000000000000000013910000000024628100005000000000517190
00100012000000000000000013920000000023942150005000000000502785
00100012000000000000000013930000000006694210005000000000140579
00100012000000000000000013940000000027904950005000000000586004
00100012000000000000000013950000000017278410005000000000362847
00100012000000000000000013960000000032727320005000000000687274
00100012000000000000000013970000000033206600005000000000697339
00100012000000000000000013980000000003388430005000000000071157
00100012000000000000000013990000000025425620005000000000533938
00100012000000000000000014000000000028590930005000000000600410
00100012000000000000000014010000000043140500005000000000905951
00100012000000000000000014020000000002809920005000000000059008
00100012000000000000000014030000000011134320005000000000233821
00100012000000000000000014040000000015243800005000000000320120
00100012000000000000000014050000000055276860005000000001160814
00100012000000000000000014060000000011483450005000000000241153
00100012000000000000000014070000000002599170005000000000054583
00100012000000000000000014080000000057743800005000000001212620
00100012000000000000000014090000000035615690005000000000747930
00100012000000000000000014100000000003547520005000000000074498
00300012000000000000000000520000000031735540005000000000666446
00600012000000000000000260200000000009476220005000000000199001
00600012000000000000000260210000000001157020005000000000024297
00600012000000000000000260220000000002574380005000000000054062
00600012000000000000000260230000000007103310005000000000149169
00600012000000000000000260240000000014124390005000000000296612
00600012000000000000000260250000000073966930005000000001553306
00600012000000000000000260260000000007107440005000000000149256
00600012000000000000000260270000000008264460005000000000173554
00600012000000000000000260280000000013429770005000000000282025
00600012000000000000000260290000000030454550005000000000639545
00600012000000000000000260300000000006363640005000000000133636
00600012000000000000000260310000000034876030005000000000732397
00600012000000000000000260320000000009289260005000000000195074
00600012000000000000000260330000000027809880005000000000584008
00600012000000000000000260340000000020619830005000000000433017
00600012000000000000000260350000000010785120005000000000226487
00600012000000000000000260360000000003735540005000000000078446
00600012000000000000000260370000000025537180005000000000536281
00600012000000000000000260380000000039586770005000000000831322
00600012000000000000000260390000000010694220005000000000224579
00600012000000000000000260400000000006115700005000000000128430
00600012000000000000000260410000000003471070005000000000072892
00600012000000000000000260420000000005454550005000000000114545
00600012000000000000000260430000000005785120005000000000121488
00600012000000000000000260440000000006611570005000000000138843
00600012000000000000000260450000000010206610005000000000214339
00600012000000000000000260460000000012384290005000000000260070
00600012000000000000000260470000000008429740005000000000177025
00600012000000000000000260480000000013264460005000000000278554
00600012000000000000000260490000000008516530005000000000178847
00600012000000000000000260500000000003793390005000000000079661
00600012000000000000000260510000000036322300005000000000762768
00600012000000000000000260520000000009173550005000000000192645
00600012000000000000000260530000000018743790005000000000393620
00600012000000000000000260540000000011826430005000000000248355
00600012000000000000000260550000000010896690005000000000228830
00600012000000000000000260560000000014504120005000000000304587
00600012000000000000000260570000000044694190005000000000938578
00600012000000000000000260580000000003570250005000000000074975
00600012000000000000000260590000000003801650005000000000079835
00600012000000000000000260600000000009917360005000000000208264
00600012000000000000000260610000000012855370005000000000269963
00600012000000000000000260620000000012033070005000000000252694
00600012000000000000000260630000000005727270005000000000120273
00600012000000000000000260640000000002892560005000000000060744
00600012000000000000000260650000000015702480005000000000329752
00600012000000000000000260660000000026057840005000000000547215
00600012000000000000000260670000000016173550005000000000339644
00600012000000000000000260680000000061107450005000000001283256
00600012000000000000000260690000000006611580005000000000138843
00600012000000000000000260700000000020991740005000000000440826
00600012000000000000000260710000000012528930005000000000263107
00600012000000000000000260720000000034264450005000000000719553
00600012000000000000000260730000000003181820005000000000066818
00600012000000000000000260740000000014710740005000000000308925
00600012000000000000000260750000000025330590005000000000531942
00600012000000000000000260760000000014421490005000000000302851
00600012000000000000000260770000000059826420005000000001256355
00600012000000000000000260780000000066123920005000000001388602
00600012000000000000000260790000000005247950005000000000110207
00600012000000000000000260800000000008595030005000000000180496
00600012000000000000000260810000000023615700005000000000495930
00600012000000000000000260820000000001376040005000000000028897
00600012000000000000000260830000000016793400005000000000352661
00600012000000000000000260840000000026942160005000000000565785
00600012000000000000000260850000000006479330005000000000136066
00600012000000000000000260860000000013140460005000000000275950
00600012000000000000000260870000000016452060005000000000345493
00600012000000000000000260880000000059016540005000000001239347
00600012000000000000000260890000000005330580005000000000111942
00600012000000000000000260900000000038760370005000000000813968
00600012000000000000000260910000000003966940005000000000083306
00600012000000000000000260920000000002892560005000000000060744
00600012000000000000000260930000000000685950005000000000014405
00600012000000000000000260940000000005690090005000000000119492
00600012000000000000000260950000000016793390005000000000352661
00600012000000000000000260960000000002892560005000000000060744
00600012000000000000000260970000000029173550005000000000612644
00600012000000000000000260980000000003223140005000000000067686
00600012000000000000000260990000000009525980005000000000200046
00600012000000000000000261000000000002892560005000000000060744
00600012000000000000000261010000000008264460005000000000173554
00600012000000000000000261020000000004388430005000000000092157
00600012000000000000000261030000000003830580005000000000080442
00600012000000000000000261040000000003305780005000000000069421
00600012000000000000000261050000000006859500005000000000144050
00600012000000000000000261060000000005867770005000000000123223
00600012000000000000000261070000000008264460005000000000173554
00600012000000000000000261080000000005371900005000000000112810
00600012000000000000000261090000000008264460005000000000173554
00600012000000000000000261100000000008264460005000000000173554
00600012000000000000000261110000000074429750005000000001563025
00600012000000000000000261120000000008264460005000000000173554
00600012000000000000000261130000000008264460005000000000173554
00600012000000000000000261140000000002892560005000000000060744
00600012000000000000000261150000000026888430005000000000564657
00600012000000000000000261160000000002710740005000000000056926
00600012000000000000000261170000000006570240005000000000137975
00600012000000000000000261180000000004173550005000000000087645
00600012000000000000000261190000000016446270005000000000345372
00600012000000000000000261200000000008264460005000000000173554
00600012000000000000000261210000000003057850005000000000064215
00600012000000000000000261220000000008264460005000000000173554
00600012000000000000000261230000000008264460005000000000173554
00600012000000000000000261240000000008264460005000000000173554
00600012000000000000000261250000000002892560005000000000060744
00600012000000000000000261260000000002892560005000000000060744
00600012000000000000000261270000000059338840005000000001246116
00600012000000000000000261280000000024917350005000000000523264
00600012000000000000000261290000000011611570005000000000243843
00600012000000000000000261300000000018074370005000000000379562
00600012000000000000000261310000000003471070005000000000072892
00600012000000000000000261320000000014280980005000000000299901
00600012000000000000000261330000000008495860005000000000178413
00600012000000000000000261340000000031239670005000000000656033
00600012000000000000000261350000000009818170005000000000206182
00600012000000000000000261360000000004214880005000000000088512
00600012000000000000000261370000000013834700005000000000290529
00600012000000000000000261380000000011487600005000000000241240
00600012000000000000000261390000000005950410005000000000124959
00600012000000000000000261400000000002892560005000000000060744
00600012000000000000000261410000000010971070005000000000230393
00600012000000000000000261420000000003041320005000000000063868
00600012000000000000000261430000000002396690005000000000050330
00600012000000000000000261440000000002892560005000000000060744
00600012000000000000000261450000000010152890005000000000213211
00600012000000000000000261460000000002157020005000000000045297
00600012000000000000000261470000000000247930005000000000005207
00600012000000000000000261480000000008264460005000000000173554
00600012000000000000000261490000000001652890005000000000034711
00600012000000000000000261500000000002892560005000000000060744
00600012000000000000000261510000000028495910005000000000598414
00600012000000000000000261520000000007214890005000000000151513
00600012000000000000000261530000000001652890005000000000034711
00600012000000000000000261540000000009240920005000000000194059
00600012000000000000000261550000000010247930005000000000215207
00600012000000000000000261560000000027603300005000000000579669
00600012000000000000000261570000000001652890005000000000034711
00600012000000000000000261580000000005702480005000000000119752
00600012000000000000000261590000000009462800005000000000198719
00600012000000000000000261600000000009198350005000000000193165
00600012000000000000000261610000000018123970005000000000380603
00600012000000000000000261620000000016776860005000000000352314
00600012000000000000000261630000000019041320005000000000399868
00600012000000000000000261640000000019834710005000000000416529
00600012000000000000000261650000000002396690005000000000050330
00600012000000000000000261660000000003801650005000000000079835
00600012000000000000000261670000000007363640005000000000154636
00600012000000000000000261680000000072677670005000000001526231
00600012000000000000000261690000000032318180005000000000678682
00600012000000000000000261700000000002892560005000000000060744
00600012000000000000000261710000000002892560005000000000060744
00600012000000000000000261720000000008264460005000000000173554
00600012000000000000000261730000000008264460005000000000173554
00600012000000000000000261740000000017685950005000000000371405
00600012000000000000000261750000000002892560005000000000060744
00600012000000000000000261760000000011148830005000000000234126
00600012000000000000000261770000000002528930005000000000053107
00600012000000000000000261780000000008264460005000000000173554
00600012000000000000000261790000000002892560005000000000060744
00600012000000000000000261800000000002892560005000000000060744
00600012000000000000000261810000000002892560005000000000060744
00600012000000000000000261820000000004214880005000000000088512
00600012000000000000000261830000000010537180005000000000221281
00600012000000000000000261840000000011404960005000000000239504
00600012000000000000000261850000000007066120005000000000148388
00600012000000000000000261860000000039103280005000000000821169
00600012000000000000000261870000000008181820005000000000171818
00600012000000000000000261880000000026859500005000000000564050
00600012000000000000000261890000000004214870005000000000088512
00600012000000000000000261900000000005785120005000000000121488
00600012000000000000000261910000000046322300005000000000972768
00600012000000000000000261920000000002892560005000000000060744
00600012000000000000000261930000000028595040005000000000600496
00600012000000000000000261940000000004767730005000000000100122
00600012000000000000000261950000000044900820005000000000942917
00600012000000000000000261960000000008264460005000000000173554
00600012000000000000000261970000000012814040005000000000269095
00600012000000000000000261980000000000826450005000000000017355
00600012000000000000000261990000000011446260005000000000240371
00600012000000000000000262000000000002892560005000000000060744
00600012000000000000000262010000000025867770005000000000543223
00600012000000000000000262020000000009706600005000000000203839
00600012000000000000000262030000000002892560005000000000060744
00600012000000000000000262040000000003966940005000000000083306
00600012000000000000000262050000000002892560005000000000060744
00600012000000000000000262060000000002892560005000000000060744
00600012000000000000000262070000000002462810005000000000051719
00600012000000000000000262080000000001487600005000000000031240
00600012000000000000000262090000000000909090005000000000019091
00600012000000000000000262100000000005867770005000000000123223
00600012000000000000000262110000000005289260005000000000111074
00600012000000000000000262120000000008264460005000000000173554
00600012000000000000000262130000000000743800005000000000015620
00600012000000000000000262140000000002892560005000000000060744
00600012000000000000000262150000000008161490005000000000171391
00600012000000000000000262160000000008264460005000000000173554
00600012000000000000000262170000000008264460005000000000173554
00600012000000000000000262180000000006359500005000000000133550
00600012000000000000000262190000000011239660005000000000236033
00600012000000000000000262200000000008851240005000000000185876
00600012000000000000000262210000000003793390005000000000079661
00600012000000000000000262220000000023884300005000000000501570
00600012000000000000000262230000000017479340005000000000367066
00600012000000000000000262240000000021528930005000000000452107
00600012000000000000000262250000000026942150005000000000565785
00600012000000000000000262260000000022975190005000000000482479
00600012000000000000000262270000000011404960005000000000239504
00600012000000000000000262280000000041446280005000000000870372
00600012000000000000000262290000000003630860005000000000076248
00600012000000000000000262300000000034194220005000000000718079
00600012000000000000000262310000000019380160005000000000406983
00600012000000000000000262320000000016198300005000000000340164
00600012000000000000000262330000000007933880005000000000166612
00600012000000000000000262340000000014338830005000000000301116
00600012000000000000000262350000000024710750005000000000518926
00600012000000000000000262360000000009588840005000000000201366
00600012000000000000000262370000000010247930005000000000215207
00600012000000000000000262380000000009334710005000000000196029
00600012000000000000000262390000000002892560005000000000060744
00600012000000000000000262400000000008842970005000000000185702
00600012000000000000000262410000000004231400005000000000088860
00600012000000000000000262420000000009096290005000000000191022
00600012000000000000000262430000000006842970005000000000143702
00600012000000000000000262440000000019834700005000000000416529
00600012000000000000000262450000000008264460005000000000173554
00600012000000000000000262460000000034640500005000000000727450
00600012000000000000000262470000000009768600005000000000205140
00600012000000000000000262480000000012396690005000000000260331
00600012000000000000000262490000000002892560005000000000060744
00600012000000000000000262500000000041779000005000000000877359
00600012000000000000000262510000000003223140005000000000067686
00600012000000000000000262520000000008264460005000000000173554
00600012000000000000000262530000000008264460005000000000173554
00600012000000000000000262540000000003830580005000000000080442
00600012000000000000000262550000000019090900005000000000400909
00600012000000000000000262560000000004454550005000000000093545
00600012000000000000000262570000000007214880005000000000151512
00600012000000000000000262580000000009917340005000000000208264
00600012000000000000000262590000000004214880005000000000088512
00600012000000000000000262600000000011297520005000000000237248
00600012000000000000000262610000000024958680005000000000524132
00600012000000000000000262620000000016528930005000000000347107
00600012000000000000000262630000000007355370005000000000154463
00600012000000000000000262640000000011404960005000000000239504
00600012000000000000000262650000000015206610005000000000319339
00600012000000000000000262660000000029297520005000000000615248
00600012000000000000000262670000000011404960005000000000239504
00600012000000000000000262680000000012231400005000000000256860
00600012000000000000000262690000000023669410005000000000497058
00600012000000000000000262700000000008677680005000000000182231
00600012000000000000000262710000000011404960005000000000239504
00600012000000000000000262720000000022809920005000000000479008
00600012000000000000000262730000000002454550005000000000051545
00600012000000000000000262740000000004504130005000000000094587
00600012000000000000000262750000000018884290005000000000396570
00600012000000000000000262760000000003247930005000000000068206
00600012000000000000000262770000000016661150005000000000349884
00600012000000000000000262780000000022066100005000000000463388
00600012000000000000000262790000000002892560005000000000060744
00600012000000000000000262800000000003471070005000000000072892
00600012000000000000000262810000000004876040005000000000102397
00600012000000000000000262820000000003801650005000000000079835
00600012000000000000000262830000000038140500005000000000800950
00600012000000000000000262840000000047768580005000000001003140
00600012000000000000000262850000000003793390005000000000079661
00600012000000000000000262860000000008305780005000000000174421
00600012000000000000000262870000000005537170005000000000116281
00600012000000000000000262880000000010933880005000000000229612
00600012000000000000000262890000000002892560005000000000060744
00600012000000000000000262900000000006566120005000000000137888
00600012000000000000000262910000000008842980005000000000185702
00600012000000000000000262920000000004256200005000000000089380
00600012000000000000000262930000000002892560005000000000060744
00600012000000000000000262940000000011322310005000000000237769
00600012000000000000000262950000000014380170005000000000301983
00600012000000000000000262960000000064065280005000000001345371
00600012000000000000000262970000000009603310005000000000201669
00600012000000000000000262980000000014380170005000000000301983
00600012000000000000000262990000000032657040005000000000685798
00600012000000000000000263000000000006983470005000000000146653
00600012000000000000000263010000000014535800005000000000305252
00600012000000000000000263020000000016570230005000000000347975
00600012000000000000000263030000000026659140005000000000559842
00600012000000000000000263040000000019634370005000000000412322
00600012000000000000000263050000000019462810005000000000408719
00600012000000000000000263060000000024070240005000000000505475
00600012000000000000000263070000000019090910005000000000400909
00600012000000000000000263080000000015852240005000000000332897
00600012000000000000000263090000000023028930005000000000483607
00600012000000000000000263100000000016987600005000000000356740
00600012000000000000000263110000000013995860005000000000293913
00600012000000000000000263120000000004710740005000000000098925
00600012000000000000000263130000000002900830005000000000060917
00600012000000000000000263140000000016652890005000000000349711
00600012000000000000000263150000000022628090005000000000475190
00600012000000000000000263160000000009338830005000000000196116
00600012000000000000000263170000000037438000005000000000786198
00600012000000000000000263180000000008264460005000000000173554
00600012000000000000000263190000000003830580005000000000080442
00600012000000000000000263200000000008264460005000000000173554
00600012000000000000000263210000000005289260005000000000111074
00600012000000000000000263220000000019917350005000000000418264
00600012000000000000000263230000000021390490005000000000449200
00600012000000000000000263240000000010758660005000000000225932
00600012000000000000000263250000000049024810005000000001029521
00600012000000000000000263260000000006880170005000000000144483
00600012000000000000000263270000000009586770005000000000201322
00600012000000000000000263280000000007797520005000000000163748
00600012000000000000000263290000000010078500005000000000211649
00600012000000000000000263300000000008842980005000000000185702
00600012000000000000000263310000000001652890005000000000034711
00600012000000000000000263320000000001983470005000000000041653
00600012000000000000000263330000000009272740005000000000194728
00600012000000000000000263340000000011590910005000000000243409
00600012000000000000000263350000000002037180005000000000042781
00600012000000000000000263360000000010712810005000000000224969
00600012000000000000000263370000000009061980005000000000190302
00600012000000000000000263380000000005654950005000000000118754
00600012000000000000000263390000000008008260005000000000168173
00600012000000000000000263400000000002669420005000000000056058
00600012000000000000000263410000000008429760005000000000177025
00600012000000000000000263420000000001900830005000000000039917
00600012000000000000000263430000000012479340005000000000262066
00600012000000000000000263440000000003309920005000000000069508
00600012000000000000000263450000000003126030005000000000065647
00600012000000000000000263460000000012892580005000000000270744
00600012000000000000000263470000000006287180005000000000132031
00600012000000000000000263480000000051667360005000000001085014
00600012000000000000000263490000000003948970005000000000082928
00600012000000000000000263500000000003547520005000000000074498
00600012000000000000000263510000000008600350005000000000180607
00600012000000000000000263520000000006497930005000000000136457
00600012000000000000000263530000000002066120005000000000043388
00600012000000000000000263540000000003828520005000000000080399
00600012000000000000000263550000000005950410005000000000124959
00600012000000000000000263560000000012483470005000000000262153
00600012000000000000000263570000000023129300005000000000485715
00600012000000000000000263580000000004574670005000000000096068
00600012000000000000000263590000000003305800005000000000069422
00600012000000000000000263600000000018551640005000000000389584
00600012000000000000000263610000000007095040005000000000148996
00600012000000000000000263620000000009736350005000000000204463
00600012000000000000000263630000000000551540005000000000011582
00600012000000000000000263640000000022549580005000000000473541
00600012000000000000000263650000000000644630005000000000013537
00600012000000000000000263660000000014842050005000000000311683
00600012000000000000000263670000000035369830005000000000742766
00600012000000000000000263680000000007407020005000000000155548
00600012000000000000000263690000000029504130005000000000619587
00600012000000000000000263700000000016894630005000000000354787
00600012000000000000000263710000000005163220005000000000108428
00600012000000000000000263720000000010607450005000000000222756
00600012000000000000000263730000000006041320005000000000126868
00600012000000000000000263740000000001157020005000000000024297
00600012000000000000000263750000000024855360005000000000521963
00600012000000000000000263760000000018438030005000000000387199
00600012000000000000000263770000000021601250005000000000453626
00600012000000000000000263780000000008780980005000000000184401
00600012000000000000000263790000000015349180005000000000322333
00600012000000000000000263800000000034491820005000000000724328
00600012000000000000000263810000000049694210005000000001043579
00600012000000000000000263820000000012995910005000000000272914
00600012000000000000000263830000000023041330005000000000483868
00600012000000000000000263840000000044020700005000000000924435
00600012000000000000000263850000000004958700005000000000104133
00600012000000000000000263860000000008219010005000000000172599
00600012000000000000000263870000000004144640005000000000087037
00600012000000000000000263880000000005361790005000000000112598
00600012000000000000000263890000000007900820005000000000165917
00600012000000000000000263900000000018508250005000000000388673
00600012000000000000000263910000000011167340005000000000234514
00600012000000000000000263920000000010816120005000000000227138
00600012000000000000000263930000000017355370005000000000364463
00600012000000000000000263940000000011028930005000000000231608
00600012000000000000000263950000000006371980005000000000133812
00600012000000000000000263960000000011380170005000000000238983
00600012000000000000000263970000000010642560005000000000223494
00600012000000000000000263980000000018843000005000000000395703
00600012000000000000000263990000000014776860005000000000310314
00600012000000000000000264000000000005654960005000000000118754
00600012000000000000000264010000000000330580005000000000006942
00600012000000000000000264020000000011801660005000000000247835
00600012000000000000000264030000000002107440005000000000044256
00600012000000000000000264040000000023778920005000000000499357
00600012000000000000000264050000000011942160005000000000250785
00600012000000000000000264060000000003855370005000000000080963
00600012000000000000000264070000000023778940005000000000499358
00600012000000000000000264080000000012082650005000000000253736
00600012000000000000000264090000000017685950005000000000371405
00600012000000000000000264100000000010466940005000000000219806
00600012000000000000000264110000000016690090005000000000350492
00600012000000000000000264120000000020582650005000000000432236
00600012000000000000000264130000000012960740005000000000272176
00600012000000000000000264140000000020675610005000000000434188
00600012000000000000000264150000000016613640005000000000348886
00600012000000000000000264160000000050677670005000000001064231
00600012000000000000000264170000000002710740005000000000056926
00600012000000000000000264180000000002880170005000000000060483
00600012000000000000000264190000000005584710005000000000117279
00600012000000000000000264200000000021601230005000000000453626
00600012000000000000000264210000000015719010005000000000330099
00600012000000000000000264220000000020688060005000000000434449
00600012000000000000000264230000000017737600005000000000372490
00600012000000000000000264240000000005619830005000000000118016
00600012000000000000000264250000000027326470005000000000573856
00600012000000000000000264260000000006673550005000000000140145
00600012000000000000000264270000000010607440005000000000222756
00600012000000000000000264280000000006849180005000000000143833
00600012000000000000000264290000000029152920005000000000612211
00600012000000000000000264300000000002037180005000000000042781
00600012000000000000000264310000000005128090005000000000107690
00600012000000000000000264320000000002880170005000000000060483
00600012000000000000000264330000000023497950005000000000493457
00600012000000000000000264340000000028324400005000000000594812
00600012000000000000000264350000000004776860005000000000100314
00600012000000000000000264360000000011099150005000000000233082
00600012000000000000000264370000000005163220005000000000108428
00800012000000000000000008240000000009476220005000000000199001
00800012000000000000000008250000000037768540005000000000793139
00800012000000000000000008260000000003305780005000000000069421
00800012000000000000000008270000000002157020005000000000045297
00800012000000000000000008280000000000826450005000000000017355
00800012000000000000000008290000000002892560005000000000060744
00800012000000000000000008300000000005454550005000000000114545
00800012000000000000000008310000000014380170005000000000301983
00800012000000000000000008320000000000644630005000000000013537
00800012000000000000000008330000000023778920005000000000499357
00100013000000000000000011710000000022128100005000000000464690
00100013000000000000000011720000000003801650005000000000079835
00100013000000000000000011730000000014462810005000000000303719
00100013000000000000000011740000000009090910005000000000190909
00100013000000000000000011750000000033466930005000000000702806
00100013000000000000000011760000000083231410005000000001747860
00100013000000000000000011770000000025619830005000000000538017
00100013000000000000000011780000000014297520005000000000300248
00100013000000000000000011790000000003157030005000000000066298
00100013000000000000000011800000000057681780005000000001211317
00100013000000000000000011810000000001983470005000000000041653
00100013000000000000000011820000000052892560005000000001110744
00100013000000000000000011830000000028731540005000000000603362
00100013000000000000000011840000000014516510005000000000304847
00300013000000000000000000590000000008264460005000000000173554
00600013000000000000000297640000000010950410005000000000229959
00600013000000000000000297650000000015619830005000000000328016
00600013000000000000000297660000000009917360005000000000208265
00600013000000000000000297670000000002809920005000000000059008
00600013000000000000000297680000000001487600005000000000031240
00600013000000000000000297690000000001909090005000000000040091
00600013000000000000000297700000000006471070005000000000135892
00600013000000000000000297710000000003471070005000000000072892
00600013000000000000000297720000000013305790005000000000279421
00600013000000000000000297730000000016892580005000000000354744
00600013000000000000000297740000000016909080005000000000355091
00600013000000000000000297750000000011107440005000000000233256
00600013000000000000000297760000000001252190005000000000026296
00600013000000000000000297770000000016491740005000000000346326
00600013000000000000000297780000000002177690005000000000045731
00600013000000000000000297790000000037909060005000000000796090
00600013000000000000000297800000000067385770005000000001415101
00600013000000000000000297810000000010983450005000000000230653
00600013000000000000000297820000000011761160005000000000246984
00600013000000000000000297830000000027361570005000000000574593
00600013000000000000000297840000000010247930005000000000215207
00600013000000000000000297850000000011173550005000000000234645
00600013000000000000000297860000000019838140005000000000416601
00600013000000000000000297870000000015413210005000000000323677
00600013000000000000000297880000000031714860005000000000666012
00600013000000000000000297890000000006446280005000000000135372
00600013000000000000000297900000000006033060005000000000126694
00600013000000000000000297910000000008595040005000000000180496
00600013000000000000000297920000000008264460005000000000173554
00600013000000000000000297930000000004628100005000000000097190
00600013000000000000000297940000000017107430005000000000359256
00600013000000000000000297950000000041425630005000000000869938
00600013000000000000000297960000000002479340005000000000052066
00600013000000000000000297970000000014491740005000000000304326
00600013000000000000000297980000000116743780005000000002451619
00600013000000000000000297990000000010785120005000000000226488
00600013000000000000000298000000000035954540005000000000755045
00600013000000000000000298010000000025907030005000000000544048
00600013000000000000000298020000000009090910005000000000190909
00600013000000000000000298030000000003429750005000000000072025
00600013000000000000000298040000000059735580005000000001254447
00600013000000000000000298050000000044958920005000000000944137
00600013000000000000000298060000000052124180005000000001094608
00600013000000000000000298070000000019297510005000000000405248
00600013000000000000000298080000000003305790005000000000069421
00600013000000000000000298090000000007231410005000000000151860
00600013000000000000000298100000000002892560005000000000060744
00600013000000000000000298110000000034206610005000000000718339
00600013000000000000000298120000000007851240005000000000164876
00600013000000000000000298130000000004504130005000000000094587
00600013000000000000000298140000000036818190005000000000773182
00600013000000000000000298150000000003223130005000000000067686
00600013000000000000000298160000000023008240005000000000483173
00600013000000000000000298170000000010169410005000000000213558
00600013000000000000000298180000000020330570005000000000426942
00600013000000000000000298190000000016611570005000000000348843
00600013000000000000000298200000000013677690005000000000287231
00600013000000000000000298210000000007768570005000000000163140
00600013000000000000000298220000000008677680005000000000182231
00600013000000000000000298230000000004462810005000000000093719
00600013000000000000000298240000000006363630005000000000133636
00600013000000000000000298250000000012433140005000000000261096
00600013000000000000000298260000000017190080005000000000360992
00600013000000000000000298270000000004917360005000000000103264
00600013000000000000000298280000000006008270005000000000126174
00600013000000000000000298290000000002892560005000000000060744
00600013000000000000000298300000000016115690005000000000338429
00600013000000000000000298310000000048946280005000000001027872
00600013000000000000000298320000000008512400005000000000178761
00600013000000000000000298330000000002057850005000000000043215
00600013000000000000000298340000000006280990005000000000131901
00600013000000000000000298350000000005289260005000000000111074
00600013000000000000000298360000000014710740005000000000308926
00600013000000000000000298370000000022090890005000000000463909
00600013000000000000000298380000000027458680005000000000576632
00600013000000000000000298390000000003471070005000000000072892
00600013000000000000000298400000000017190080005000000000360992
00600013000000000000000298410000000011610360005000000000243817
00600013000000000000000298420000000003842980005000000000080702
00600013000000000000000298430000000005516530005000000000115847
00600013000000000000000298440000000005330580005000000000111942
00600013000000000000000298450000000004524790005000000000095021
00600013000000000000000298460000000003140500005000000000065951
00600013000000000000000298470000000011652890005000000000244711
00600013000000000000000298480000000002603310005000000000054669
00600013000000000000000298490000000029628100005000000000622190
00600013000000000000000298500000000012756190005000000000267880
00600013000000000000000298510000000009173550005000000000192644
00600013000000000000000298520000000077520640005000000001627933
00600013000000000000000298530000000003884300005000000000081570
00600013000000000000000298540000000003429750005000000000072025
00600013000000000000000298550000000001487600005000000000031240
00600013000000000000000298560000000036446280005000000000765372
00600013000000000000000298570000000000473880005000000000009951
00600013000000000000000298580000000004462810005000000000093719
00600013000000000000000298590000000054917360005000000001153265
00600013000000000000000298600000000045619790005000000000958016
00600013000000000000000298610000000011363620005000000000238636
00600013000000000000000298620000000033380150005000000000700983
00600013000000000000000298630000000010867770005000000000228223
00600013000000000000000298640000000005454550005000000000114546
00600013000000000000000298650000000017888430005000000000375657
00600013000000000000000298660000000009090910005000000000190909
00600013000000000000000298670000000020578500005000000000432149
00600013000000000000000298680000000025884300005000000000543570
00600013000000000000000298690000000014909060005000000000313090
00600013000000000000000298700000000014909080005000000000313091
00600013000000000000000298710000000002975210005000000000062479
00600013000000000000000298720000000011859510005000000000249050
00600013000000000000000298730000000009342970005000000000196202
00600013000000000000000298740000000006859500005000000000144050
00600013000000000000000298750000000002892560005000000000060744
00600013000000000000000298760000000032640510005000000000685451
00600013000000000000000298770000000007438020005000000000156198
00600013000000000000000298780000000032438020005000000000681198
00600013000000000000000298790000000006776860005000000000142314
00600013000000000000000298800000000002892560005000000000060744
00600013000000000000000298810000000005454550005000000000114545
00600013000000000000000298820000000003305790005000000000069421
00600013000000000000000298830000000010578510005000000000222149
00600013000000000000000298840000000005504120005000000000115587
00600013000000000000000298850000000003305790005000000000069421
00600013000000000000000298860000000001322310005000000000027769
00600013000000000000000298870000000048847120005000000001025789
00600013000000000000000298880000000002727270005000000000057273
00600013000000000000000298890000000001157020005000000000024297
00600013000000000000000298900000000002809920005000000000059008
00600013000000000000000298910000000003652890005000000000076711
00600013000000000000000298920000000006619830005000000000139016
00600013000000000000000298930000000007099170005000000000149082
00600013000000000000000298940000000002644630005000000000055537
00600013000000000000000298950000000033760310005000000000708966
00600013000000000000000298960000000001933880005000000000040612
00600013000000000000000298970000000009090910005000000000190909
00600013000000000000000298980000000009090910005000000000190909
00600013000000000000000298990000000009090910005000000000190909
00600013000000000000000299000000000004454550005000000000093545
00600013000000000000000299010000000008264460005000000000173554
00600013000000000000000299020000000002760330005000000000057967
00600013000000000000000299030000000009090910005000000000190909
00600013000000000000000299040000000005950410005000000000124959
00600013000000000000000299050000000002892560005000000000060744
00600013000000000000000299060000000016033060005000000000336694
00600013000000000000000299070000000003471070005000000000072892
00600013000000000000000299080000000008347110005000000000175289
00600013000000000000000299090000000010563640005000000000221836
00600013000000000000000299100000000001239670005000000000026033
00600013000000000000000299110000000002148760005000000000045124
00600013000000000000000299120000000009132230005000000000191777
00600013000000000000000299130000000053756190005000000001128880
00600013000000000000000299140000000009090910005000000000190909
00600013000000000000000299150000000002892560005000000000060744
00600013000000000000000299160000000009545450005000000000200455
00600013000000000000000299170000000003677690005000000000077231
00600013000000000000000299180000000010165290005000000000213471
00600013000000000000000299190000000011404960005000000000239504
00600013000000000000000299200000000002892560005000000000060744
00600013000000000000000299210000000002892560005000000000060744
00600013000000000000000299220000000002066120005000000000043388
00600013000000000000000299230000000002892560005000000000060744
00600013000000000000000299240000000009173550005000000000192645
00600013000000000000000299250000000012479340005000000000262066
00600013000000000000000299260000000007520660005000000000157934
00600013000000000000000299270000000020330580005000000000426942
00600013000000000000000299280000000004214880005000000000088512
00600013000000000000000299290000000002892560005000000000060744
00600013000000000000000299300000000012644620005000000000265537
00600013000000000000000299310000000010431030005000000000219052
00600013000000000000000299320000000001239670005000000000026033
00600013000000000000000299330000000003471070005000000000072892
00600013000000000000000299340000000004132230005000000000086777
00600013000000000000000299350000000013073080005000000000274535
00600013000000000000000299360000000002760330005000000000057967
00600013000000000000000299370000000005785120005000000000121488
00600013000000000000000299380000000005950420005000000000124959
00600013000000000000000299390000000001371900005000000000028810
00600013000000000000000299400000000034066110005000000000715388
00600013000000000000000299410000000004214880005000000000088512
00600013000000000000000299420000000023389830005000000000491186
00600013000000000000000299430000000003677690005000000000077231
00600013000000000000000299440000000036185460005000000000759895
00600013000000000000000299450000000015524790005000000000326021
00600013000000000000000299460000000008181810005000000000171818
00600013000000000000000299470000000006363640005000000000133636
00600013000000000000000299480000000005289260005000000000111074
00600013000000000000000299490000000007438020005000000000156198
00600013000000000000000299500000000004537180005000000000095281
00600013000000000000000299510000000007772730005000000000163227
00600013000000000000000299520000000006074370005000000000127562
00600013000000000000000299530000000006033060005000000000126694
00600013000000000000000299540000000008904960005000000000187004
00600013000000000000000299550000000002479340005000000000052066
00600013000000000000000299560000000009256190005000000000194380
00600013000000000000000299570000000012657020005000000000265798
00600013000000000000000299580000000010826450005000000000227355
00600013000000000000000299590000000014057030005000000000295198
00600013000000000000000299600000000009090910005000000000190909
00600013000000000000000299610000000024090900005000000000505909
00600013000000000000000299620000000013595020005000000000285496
00600013000000000000000299630000000003966940005000000000083306
00600013000000000000000299640000000002892560005000000000060744
00600013000000000000000299650000000003801650005000000000079835
00600013000000000000000299660000000004132230005000000000086777
00600013000000000000000299670000000020266510005000000000425597
00600013000000000000000299680000000012644630005000000000265537
00600013000000000000000299690000000007428100005000000000155990
00600013000000000000000299700000000004115700005000000000086430
00600013000000000000000299710000000001371900005000000000028810
00600013000000000000000299720000000031272710005000000000656727
00600013000000000000000299730000000024157020005000000000507298
00600013000000000000000299740000000030413220005000000000638678
00600013000000000000000299750000000006280990005000000000131901
00600013000000000000000299760000000023931820005000000000502568
00600013000000000000000299770000000006115700005000000000128430
00600013000000000000000299780000000002190090005000000000045992
00600013000000000000000299790000000000644630005000000000013537
00600013000000000000000299800000000013595050005000000000285496
00600013000000000000000299810000000049619830005000000001042017
00600013000000000000000299820000000004214880005000000000088512
00600013000000000000000299830000000012677660005000000000266231
00600013000000000000000299840000000019177720005000000000402732
00600013000000000000000299850000000002760330005000000000057967
00600013000000000000000299860000000003057850005000000000064215
00600013000000000000000299870000000001983470005000000000041653
00600013000000000000000299880000000001776860005000000000037314
00600013000000000000000299890000000007909080005000000000166091
00600013000000000000000299900000000001074380005000000000022562
00600013000000000000000299910000000006033060005000000000126694
00600013000000000000000299920000000025183470005000000000528853
00600013000000000000000299930000000014851250005000000000311876
00600013000000000000000299940000000003677690005000000000077231
00600013000000000000000299950000000001485120005000000000031188
00600013000000000000000299960000000017625700005000000000370140
00600013000000000000000299970000000007355360005000000000154463
00600013000000000000000299980000000037826450005000000000794355
00600013000000000000000299990000000020909100005000000000439091
00600013000000000000000300000000000001157030005000000000024298
00600013000000000000000300010000000005198350005000000000109165
00600013000000000000000300020000000016157020005000000000339298
00600013000000000000000300030000000006074370005000000000127562
00600013000000000000000300040000000017625710005000000000370140
00600013000000000000000300050000000009090910005000000000190909
00600013000000000000000300060000000049574370005000000001041062
00600013000000000000000300070000000010413210005000000000218678
00600013000000000000000300080000000020454540005000000000429545
00600013000000000000000300090000000007603310005000000000159669
00600013000000000000000300100000000011289260005000000000237074
00600013000000000000000300110000000005785120005000000000121488
00600013000000000000000300120000000025446270005000000000534372
00600013000000000000000300130000000019719020005000000000414099
00600013000000000000000300140000000005818180005000000000122182
00600013000000000000000300150000000003181820005000000000066818
00600013000000000000000300160000000009256190005000000000194380
00600013000000000000000300170000000005123970005000000000107603
00600013000000000000000300180000000005256650005000000000110390
00600013000000000000000300190000000018347120005000000000385289
00600013000000000000000300200000000003801650005000000000079835
00600013000000000000000300210000000003388430005000000000071157
00600013000000000000000300220000000005285120005000000000110988
00600013000000000000000300230000000013223140005000000000277686
00600013000000000000000300240000000011404960005000000000239504
00600013000000000000000300250000000011404960005000000000239504
00600013000000000000000300260000000008512400005000000000178760
00600013000000000000000300270000000004256200005000000000089380
00600013000000000000000300280000000024710700005000000000518925
00600013000000000000000300290000000007809920005000000000164008
00600013000000000000000300300000000018041300005000000000378867
00600013000000000000000300310000000019774790005000000000415271
00600013000000000000000300320000000001239670005000000000026033
00600013000000000000000300330000000009090910005000000000190909
00600013000000000000000300340000000030966940005000000000650306
00600013000000000000000300350000000008223140005000000000172686
00600013000000000000000300360000000011900820005000000000249917
00600013000000000000000300370000000002578510005000000000054149
00600013000000000000000300380000000018900830005000000000396917
00600013000000000000000300390000000000330580005000000000006942
00600013000000000000000300400000000004671490005000000000098101
00600013000000000000000300410000000010499990005000000000220500
00600013000000000000000300420000000010909110005000000000229091
00600013000000000000000300430000000004173550005000000000087645
00600013000000000000000300440000000005454550005000000000114545
00600013000000000000000300450000000009628100005000000000202190
00600013000000000000000300460000000009917350005000000000208264
00600013000000000000000300470000000003123960005000000000065603
00600013000000000000000300480000000004909100005000000000103091
00600013000000000000000300490000000003123960005000000000065603
00600013000000000000000300500000000018487600005000000000388240
00600013000000000000000300510000000007231400005000000000151860
00600013000000000000000300520000000003305780005000000000069421
00600013000000000000000300530000000012396690005000000000260331
00600013000000000000000300540000000017520660005000000000367934
00600013000000000000000300550000000012000010005000000000252000
00600013000000000000000300560000000007889170005000000000165673
00600013000000000000000300570000000007851240005000000000164876
00600013000000000000000300580000000004173550005000000000087645
00600013000000000000000300590000000041041330005000000000861868
00600013000000000000000300600000000014256200005000000000299380
00600013000000000000000300610000000005871690005000000000123305
00600013000000000000000300620000000006033050005000000000126694
00600013000000000000000300630000000018931840005000000000397569
00600013000000000000000300640000000037659130005000000000790842
00600013000000000000000300650000000001619830005000000000034017
00600013000000000000000300660000000082003830005000000001722080
00600013000000000000000300670000000019227270005000000000403773
00600013000000000000000300680000000007033060005000000000147694
00600013000000000000000300690000000007049580005000000000148041
00600013000000000000000300700000000011966940005000000000251306
00600013000000000000000300710000000074132230005000000001556777
00600013000000000000000300720000000014752070005000000000309794
00600013000000000000000300730000000022991740005000000000482826
00600013000000000000000300740000000002429750005000000000051025
00600013000000000000000300750000000006198350005000000000130165
00600013000000000000000300760000000009090910005000000000190909
00600013000000000000000300770000000007148750005000000000150124
00600013000000000000000300780000000007148760005000000000150124
00600013000000000000000300790000000004846060005000000000101767
00600013000000000000000300800000000068456590005000000001437588
00600013000000000000000300810000000000772730005000000000016227
00600013000000000000000300820000000018888410005000000000396657
00600013000000000000000300830000000015066100005000000000316388
00600013000000000000000300840000000011520660005000000000241934
00600013000000000000000300850000000005206610005000000000109339
00600013000000000000000300860000000004710740005000000000098926
00600013000000000000000300870000000011731390005000000000246359
00600013000000000000000300880000000001157020005000000000024298
00600013000000000000000300890000000009904960005000000000208004
00600013000000000000000300900000000004882230005000000000102527
00600013000000000000000300910000000009479340005000000000199066
00600013000000000000000300920000000016297520005000000000342248
00600013000000000000000300930000000006673550005000000000140145
00600013000000000000000300940000000033192150005000000000697035
00600013000000000000000300950000000006514460005000000000136804
00600013000000000000000300960000000009413220005000000000197678
00600013000000000000000300970000000045351590005000000000952383
00600013000000000000000300980000000012363640005000000000259636
00600013000000000000000300990000000001312810005000000000027569
00600013000000000000000301000000000046427690005000000000974982
00600013000000000000000301010000000006673550005000000000140145
00600013000000000000000301020000000003894630005000000000081787
00600013000000000000000301030000000011169420005000000000234558
00600013000000000000000301040000000002528930005000000000053108
00600013000000000000000301050000000010572350005000000000222019
00600013000000000000000301060000000001694210005000000000035579
00600013000000000000000301070000000013557850005000000000284715
00600013000000000000000301080000000029082650005000000000610736
00600013000000000000000301090000000009834700005000000000206529
00600013000000000000000301100000000002177690005000000000045731
00600013000000000000000301110000000021214880005000000000445512
00600013000000000000000301120000000036363640005000000000763636
00600013000000000000000301130000000009272720005000000000194727
00600013000000000000000301140000000021109500005000000000443300
00600013000000000000000301150000000018615690005000000000390930
00600013000000000000000301160000000013772730005000000000289227
00600013000000000000000301170000000027677680005000000000581231
00600013000000000000000301180000000010326450005000000000216855
00600013000000000000000301190000000010607430005000000000222756
00600013000000000000000301200000000004495870005000000000094413
00600013000000000000000301210000000008570250005000000000179975
00600013000000000000000301220000000012669420005000000000266058
00600013000000000000000301230000000009378100005000000000196940
00600013000000000000000301240000000009090910005000000000190909
00600013000000000000000301250000000013826410005000000000290355
00600013000000000000000301260000000006611570005000000000138843
00600013000000000000000301270000000006884300005000000000144570
00600013000000000000000301280000000002892560005000000000060744
00600013000000000000000301290000000009869830005000000000207267
00600013000000000000000301300000000006611570005000000000138843
00600013000000000000000301310000000025198370005000000000529166
00600013000000000000000301320000000005576630005000000000117109
00600013000000000000000301330000000008702480005000000000182752
00600013000000000000000301340000000004285120005000000000089988
00600013000000000000000301350000000003404960005000000000071504
00600013000000000000000301360000000013322320005000000000279769
00600013000000000000000301370000000006611570005000000000138843
00600013000000000000000301380000000008264460005000000000173554
00600013000000000000000301390000000002880170005000000000060483
00600013000000000000000301400000000018896700005000000000396831
00600013000000000000000301410000000019704550005000000000413796
00600013000000000000000301420000000009378100005000000000196940
00600013000000000000000301430000000008264460005000000000173554
00600013000000000000000301440000000009256190005000000000194380
00600013000000000000000301450000000009363630005000000000196636
00600013000000000000000301460000000009363630005000000000196636
00600013000000000000000301470000000009090910005000000000190909
00600013000000000000000301480000000009090910005000000000190909
00600013000000000000000301490000000006024790005000000000126521
00600013000000000000000301500000000002892560005000000000060744
00600013000000000000000301510000000005584710005000000000117279
00600013000000000000000301520000000010000000005000000000210000
00600013000000000000000301530000000007165290005000000000150471
00600013000000000000000301540000000003748230005000000000078713
00600013000000000000000301550000000010268600005000000000215640
00600013000000000000000301560000000009090910005000000000190909
00600013000000000000000301570000000011239650005000000000236033
00600013000000000000000301580000000003126030005000000000065647
00600013000000000000000301590000000012632230005000000000265277
00600013000000000000000301600000000001685950005000000000035405
00600013000000000000000301610000000017851230005000000000374876
00600013000000000000000301620000000011766540005000000000247097
00600013000000000000000301630000000068719000005000000001443099
00600013000000000000000301640000000031351220005000000000658376
00600013000000000000000301650000000008921490005000000000187351
00600013000000000000000301660000000004545450005000000000095454
00600013000000000000000301670000000003305790005000000000069421
00600013000000000000000301680000000003305790005000000000069421
00600013000000000000000301690000000009448350005000000000198415
00600013000000000000000301700000000004132250005000000000086777
00600013000000000000000301710000000011099170005000000000233083
00600013000000000000000301720000000033996850005000000000713934
00600013000000000000000301730000000002892560005000000000060744
00600013000000000000000301740000000007834710005000000000164529
00600013000000000000000301750000000004628100005000000000097190
00600013000000000000000301760000000050729020005000000001065309
00800013000000000000000007370000000017190080005000000000360992
00800013000000000000000007380000000014909060005000000000313090
00800013000000000000000007390000000002479340005000000000052066
00800013000000000000000007400000000006727270005000000000141273
00800013000000000000000007410000000004685950005000000000098405
00800013000000000000000007420000000001485120005000000000031188
00800013000000000000000007430000000001485120005000000000031188
00800013000000000000000007440000000017625700005000000000370140
00800013000000000000000007450000000019719020005000000000414099
00800013000000000000000007460000000006219010005000000000130599
00800013000000000000000007470000000011404960005000000000239504
00800013000000000000000007480000000001570250005000000000032975
00800013000000000000000007490000000003123960005000000000065603
00800013000000000000000007500000000005206610005000000000109339
00800013000000000000000007510000000003301650005000000000069335
00800013000000000000000007520000000009378100005000000000196940
00800013000000000000000007530000000008264460005000000000173554
00800013000000000000000007540000000009363630005000000000196636
00100015000000000000000002380000000008677680005000000000182231
00100015000000000000000002390000000003301650005000000000069335
00600015000000000000000099120000000008016520005000000000168347
00600015000000000000000099130000000015826450005000000000332356
00600015000000000000000099140000000007107440005000000000149256
00600015000000000000000099150000000036929770005000000000775525
00600015000000000000000099160000000040657010005000000000853797
00600015000000000000000099170000000019338850005000000000406116
00600015000000000000000099180000000038925610005000000000817438
00600015000000000000000099190000000002081110005000000000043703
00600015000000000000000099200000000008264460005000000000173554
00600015000000000000000099210000000005123980005000000000107603
00600015000000000000000099220000000011214870005000000000235512
00600015000000000000000099230000000006322310005000000000132769
00600015000000000000000099240000000032636360005000000000685363
00600015000000000000000099250000000008057860005000000000169215
00600015000000000000000099260000000012611560005000000000264843
00600015000000000000000099270000000266594830005000000005598491
00600015000000000000000099280000000012272730005000000000257727
00600015000000000000000099290000000007367760005000000000154723
00600015000000000000000099300000000009917360005000000000208264
00600015000000000000000099310000000020909100005000000000439091
00600015000000000000000099320000000003719010005000000000078099
00600015000000000000000099330000000039090880005000000000820908
00600015000000000000000099340000000003801650005000000000079835
00600015000000000000000099350000000034851230005000000000731876
00600015000000000000000099360000000004537190005000000000095281
00600015000000000000000099370000000009966930005000000000209306
00600015000000000000000099380000000067950380005000000001426958
00600015000000000000000099390000000009504140005000000000199587
00600015000000000000000099400000000009917360005000000000208264
00600015000000000000000099410000000009917360005000000000208264
00600015000000000000000099420000000008264460005000000000173554
00600015000000000000000099430000000009917360005000000000208264
00600015000000000000000099440000000009917360005000000000208264
00600015000000000000000099450000000006247930005000000000131207
00600015000000000000000099460000000003223140005000000000067686
00600015000000000000000099470000000014512400005000000000304760
00600015000000000000000099480000000006859500005000000000144049
00600015000000000000000099490000000018330580005000000000384942
00600015000000000000000099500000000001487600005000000000031240
00600015000000000000000099510000000001900830005000000000039917
00600015000000000000000099520000000015206610005000000000319339
00600015000000000000000099530000000052520660005000000001102934
00600015000000000000000099540000000009917360005000000000208264
00600015000000000000000099550000000012123970005000000000254603
00600015000000000000000099560000000005355370005000000000112463
00600015000000000000000099570000000009917360005000000000208264
00600015000000000000000099580000000002479340005000000000052066
00600015000000000000000099590000000002479340005000000000052066
00600015000000000000000099600000000009917360005000000000208264
00600015000000000000000099610000000003305780005000000000069421
00600015000000000000000099620000000001157020005000000000024297
00600015000000000000000099630000000008264460005000000000173554
00600015000000000000000099640000000006206600005000000000130339
00600015000000000000000099650000000001983470005000000000041653
00600015000000000000000099660000000015413210005000000000323677
00600015000000000000000099670000000002479340005000000000052066
00600015000000000000000099680000000026146150005000000000549069
00600015000000000000000099690000000012520650005000000000262934
00600015000000000000000099700000000036111560005000000000758343
00600015000000000000000099710000000003049590005000000000064041
00600015000000000000000099720000000002148760005000000000045124
00600015000000000000000099730000000008264460005000000000173554
00600015000000000000000099740000000008264460005000000000173554
00600015000000000000000099750000000017479320005000000000367066
00600015000000000000000099760000000009917360005000000000208264
00600015000000000000000099770000000013574380005000000000285062
00600015000000000000000099780000000033157070005000000000696298
00600015000000000000000099790000000004256200005000000000089380
00600015000000000000000099800000000006157020005000000000129298
00600015000000000000000099810000000002892560005000000000060744
00600015000000000000000099820000000021607450005000000000453756
00600015000000000000000099830000000004545450005000000000095454
00600015000000000000000099840000000009380170005000000000196983
00600015000000000000000099850000000029338850005000000000616116
00600015000000000000000099860000000009917360005000000000208264
00600015000000000000000099870000000009917360005000000000208264
00600015000000000000000099880000000004256200005000000000089380
00600015000000000000000099890000000009917360005000000000208264
00600015000000000000000099900000000008913460005000000000187183
00600015000000000000000099910000000031661170005000000000664885
00600015000000000000000099920000000003677690005000000000077231
00600015000000000000000099930000000001446280005000000000030372
00600015000000000000000099940000000009917360005000000000208264
00600015000000000000000099950000000012198340005000000000256165
00600015000000000000000099960000000003057850005000000000064215
00600015000000000000000099970000000013760340005000000000288967
00600015000000000000000099980000000003553720005000000000074628
00600015000000000000000099990000000018181820005000000000381818
00600015000000000000000100000000000008264460005000000000173554
00600015000000000000000100010000000011652880005000000000244711
00600015000000000000000100020000000021256210005000000000446380
00600015000000000000000100030000000022975210005000000000482479
00600015000000000000000100040000000003570250005000000000074975
00600015000000000000000100050000000026735520005000000000561446
00600015000000000000000100060000000021830570005000000000458442
00600015000000000000000100070000000031913200005000000000670177
00600015000000000000000100080000000018148770005000000000381124
00600015000000000000000100090000000012958670005000000000272132
00600015000000000000000100100000000036483460005000000000766153
00600015000000000000000100110000000051206610005000000001075339
00600015000000000000000100120000000002743800005000000000057620
00600015000000000000000100130000000003305790005000000000069421
00600015000000000000000100140000000020909100005000000000439091
00600015000000000000000100150000000020537170005000000000431281
00600015000000000000000100160000000006611570005000000000138843
00600015000000000000000100170000000020165290005000000000423471
00600015000000000000000100180000000009917360005000000000208264
00600015000000000000000100190000000008264460005000000000173554
00600015000000000000000100200000000009917360005000000000208264
00600015000000000000000100210000000023512400005000000000493760
00600015000000000000000100220000000001429750005000000000030025
00600015000000000000000100230000000023140480005000000000485950
00600015000000000000000100240000000005909090005000000000124091
00600015000000000000000100250000000050578510005000000001062149
00600015000000000000000100260000000011239660005000000000236033
00600015000000000000000100270000000008264460005000000000173554
00600015000000000000000100280000000019297520005000000000405248
00600015000000000000000100290000000002892560005000000000060744
00600015000000000000000100300000000008264460005000000000173554
00600015000000000000000100310000000026144620005000000000549037
00600015000000000000000100320000000002479340005000000000052066
00600015000000000000000100330000000006954540005000000000146045
00600015000000000000000100340000000009917360005000000000208264
00600015000000000000000100350000000002528930005000000000053107
00600015000000000000000100360000000021458680005000000000450632
00600015000000000000000100370000000007851240005000000000164876
00600015000000000000000100380000000008219000005000000000172599
00600015000000000000000100390000000009917360005000000000208264
00600015000000000000000100400000000005876030005000000000123397
00600015000000000000000100410000000009917360005000000000208264
00600015000000000000000100420000000009917360005000000000208264
00600015000000000000000100430000000009917360005000000000208264
00600015000000000000000100440000000009917360005000000000208264
00600015000000000000000100450000000009090910005000000000190909
00600015000000000000000100460000000004859500005000000000102050
00600015000000000000000100470000000009917360005000000000208264
00600015000000000000000100480000000009090910005000000000190909
00600015000000000000000100490000000012859500005000000000270049
00600015000000000000000100500000000009090910005000000000190909
00600015000000000000000100510000000009173550005000000000192645
00600015000000000000000100520000000006173550005000000000129644
00600015000000000000000100530000000006524790005000000000137021
00600015000000000000000100540000000006247920005000000000131206
00600015000000000000000100550000000008264460005000000000173554
00600015000000000000000100560000000000247930005000000000005207
00600015000000000000000100570000000008264460005000000000173554
00600015000000000000000100580000000003305790005000000000069421
00600015000000000000000100590000000002892560005000000000060744
00600015000000000000000100600000000000685950005000000000014405
00600015000000000000000100610000000002752070005000000000057793
00600015000000000000000100620000000006322310005000000000132769
00600015000000000000000100630000000012297530005000000000258248
00600015000000000000000100640000000000909090005000000000019091
00600015000000000000000100650000000003305790005000000000069421
00600015000000000000000100660000000002892560005000000000060744
00600015000000000000000100670000000016190070005000000000339992
00600015000000000000000100680000000015694210005000000000329579
00600015000000000000000100690000000016256190005000000000341380
00600015000000000000000100700000000013537170005000000000284281
00600015000000000000000100710000000003719010005000000000078099
00600015000000000000000100720000000009599170005000000000201583
00600015000000000000000100730000000006983470005000000000146653
00600015000000000000000100740000000003471070005000000000072892
00600015000000000000000100750000000002892560005000000000060744
00600015000000000000000100760000000016355370005000000000343463
00600015000000000000000100770000000016157020005000000000339298
00600015000000000000000100780000000008181810005000000000171818
00600015000000000000000100790000000029049590005000000000610041
00600015000000000000000100800000000201528920005000000004232107
00600015000000000000000100810000000007107440005000000000149256
00600015000000000000000100820000000002975210005000000000062479
00600015000000000000000100830000000019156990005000000000402297
00600015000000000000000100840000000002677690005000000000056231
00600015000000000000000100850000000002892560005000000000060744
00600015000000000000000100860000000002892560005000000000060744
00600015000000000000000100870000000003049590005000000000064041
00600015000000000000000100880000000018181810005000000000381818
00600015000000000000000100890000000003471070005000000000072892
00600015000000000000000100900000000002892560005000000000060744
00600015000000000000000100910000000002892560005000000000060744
00600015000000000000000100920000000001487600005000000000031240
00600015000000000000000100930000000022152890005000000000465211
00600015000000000000000100940000000003148750005000000000066124
00600015000000000000000100950000000002892560005000000000060744
00600015000000000000000100960000000006776860005000000000142314
00600015000000000000000100970000000016115700005000000000338430
00600015000000000000000100980000000004074380005000000000085562
00600015000000000000000100990000000007252070005000000000152293
00600015000000000000000101000000000011223120005000000000235685
00600015000000000000000101010000000009917360005000000000208264
00600015000000000000000101020000000040115690005000000000842429
00600015000000000000000101030000000002892560005000000000060744
00600015000000000000000101040000000002157020005000000000045297
00600015000000000000000101050000000019793390005000000000415661
00600015000000000000000101060000000009917360005000000000208264
00600015000000000000000101070000000002561980005000000000053802
00600015000000000000000101080000000019876030005000000000417397
00600015000000000000000101090000000009586780005000000000201322
00600015000000000000000101100000000006173550005000000000129645
00600015000000000000000101110000000002479340005000000000052066
00600015000000000000000101120000000011404960005000000000239504
00600015000000000000000101130000000008264460005000000000173554
00600015000000000000000101140000000017396690005000000000365331
00600015000000000000000101150000000039036340005000000000819763
00600015000000000000000101160000000011099170005000000000233082
00600015000000000000000101170000000013760330005000000000288967
00600015000000000000000101180000000003181820005000000000066818
00600015000000000000000101190000000018723140005000000000393186
00600015000000000000000101200000000008966950005000000000188306
00600015000000000000000101210000000009917360005000000000208264
00600015000000000000000101220000000008925620005000000000187438
00600015000000000000000101230000000005619830005000000000118017
00600015000000000000000101240000000002892560005000000000060744
00600015000000000000000101250000000007363630005000000000154636
00600015000000000000000101260000000030133550005000000000632805
00600015000000000000000101270000000001289260005000000000027074
00600015000000000000000101280000000003305790005000000000069421
00600015000000000000000101290000000012123970005000000000254603
00600015000000000000000101300000000010537190005000000000221281
00600015000000000000000101310000000003305790005000000000069421
00600015000000000000000101320000000000644630005000000000013537
00600015000000000000000101330000000043057870005000000000904215
00600015000000000000000101340000000003123960005000000000065603
00600015000000000000000101350000000007004130005000000000147087
00600015000000000000000101360000000002227270005000000000046773
00600015000000000000000101370000000016929760005000000000355525
00600015000000000000000101380000000011053720005000000000232128
00600015000000000000000101390000000004801640005000000000100834
00600015000000000000000101400000000002454550005000000000051545
00600015000000000000000101410000000006446280005000000000135372
00600015000000000000000101420000000012161140005000000000255384
00600015000000000000000101430000000002037180005000000000042781
00600015000000000000000101440000000008008260005000000000168173
00600015000000000000000101450000000025764440005000000000541053
00600015000000000000000101460000000007384290005000000000155070
00600015000000000000000101470000000020223130005000000000424686
00600015000000000000000101480000000019832640005000000000416485
00600015000000000000000101490000000002880170005000000000060483
00600015000000000000000101500000000000818180005000000000017182
00600015000000000000000101510000000022495850005000000000472413
00600015000000000000000101520000000004871900005000000000102310
00600015000000000000000101530000000011363630005000000000238636
00600015000000000000000101540000000021983450005000000000461652
00600015000000000000000101550000000009917360005000000000208264
00600015000000000000000101560000000009917360005000000000208264
00600015000000000000000101570000000002892560005000000000060744
00600015000000000000000101580000000020826400005000000000437354
00600015000000000000000101590000000004256200005000000000089380
00600015000000000000000101600000000002892560005000000000060744
00600015000000000000000101610000000009090910005000000000190909
00600015000000000000000101620000000002892560005000000000060744
00600015000000000000000101630000000002892560005000000000060744
00600015000000000000000101640000000002892560005000000000060744
00600015000000000000000101650000000016942160005000000000355785
00600015000000000000000101660000000011528930005000000000242107
00600015000000000000000101670000000002892560005000000000060744
00600015000000000000000101680000000050462810005000000001059719
00600015000000000000000101690000000015099170005000000000317083
00600015000000000000000101700000000013016530005000000000273347
00600015000000000000000101710000000016044230005000000000336929
00600015000000000000000101720000000008553730005000000000179628
00600015000000000000000101730000000017600810005000000000369617
00600015000000000000000101740000000002892560005000000000060744
00600015000000000000000101750000000017687110005000000000371429
00600015000000000000000101760000000002892560005000000000060744
00600015000000000000000101770000000002892560005000000000060744
00600015000000000000000101780000000002892560005000000000060744
00600015000000000000000101790000000008305790005000000000174421
00600015000000000000000101800000000024049570005000000000505041
00600015000000000000000101810000000020347110005000000000427289
00600015000000000000000101820000000006497930005000000000136457
00600015000000000000000101830000000003388430005000000000071157
00600015000000000000000101840000000012148760005000000000255124
00600015000000000000000101850000000009487600005000000000199240
00600015000000000000000101860000000009090910005000000000190909
00600015000000000000000101870000000007657020005000000000160798
00600015000000000000000101880000000010256230005000000000215381
00600015000000000000000101890000000005123970005000000000107603
00600015000000000000000101900000000003636360005000000000076364
00600015000000000000000101910000000003966940005000000000083306
00600015000000000000000101920000000012462830005000000000261719
00600015000000000000000101930000000029082630005000000000610735
00600015000000000000000101940000000004314050005000000000090595
00600015000000000000000101950000000022071890005000000000463510
00600015000000000000000101960000000007644630005000000000160537
00600015000000000000000101970000000001652890005000000000034711
00600015000000000000000101980000000002975210005000000000062479
00600015000000000000000101990000000006322310005000000000132768
00600015000000000000000102000000000028644610005000000000601537
00600015000000000000000102010000000001652890005000000000034711
00600015000000000000000102020000000011938020005000000000250698
00600015000000000000000102030000000018053720005000000000379128
00600015000000000000000102040000000001735540005000000000036446
00600015000000000000000102050000000033297510005000000000699248
00600015000000000000000102060000000013760320005000000000288967
00600015000000000000000102070000000015826450005000000000332355
00600015000000000000000102080000000002066120005000000000043389
00600015000000000000000102090000000005140500005000000000107950
00600015000000000000000102100000000009917360005000000000208264
00600015000000000000000102110000000003876030005000000000081397
00600015000000000000000102120000000011878930005000000000249457
00600015000000000000000102130000000009917360005000000000208264
00600015000000000000000102140000000011770650005000000000247184
00600015000000000000000102150000000009097100005000000000191039
00600015000000000000000102160000000032022740005000000000672477
00600015000000000000000102170000000006006200005000000000126130
00600015000000000000000102180000000003617770005000000000075973
00600015000000000000000102190000000018510330005000000000388717
00600015000000000000000102200000000004917360005000000000103264
00600015000000000000000102210000000005092980005000000000106952
00600015000000000000000102220000000012258260005000000000257424
00600015000000000000000102230000000009917360005000000000208264
00600015000000000000000102240000000004776860005000000000100314
00600015000000000000000102250000000002644640005000000000055537
00600015000000000000000102260000000001652890005000000000034711
00600015000000000000000102270000000004917360005000000000103264
00600015000000000000000102280000000003305790005000000000069421
00600015000000000000000102290000000015524800005000000000326021
00600015000000000000000102300000000018214900005000000000382513
00600015000000000000000102310000000004904960005000000000103004
00600015000000000000000102320000000028801650005000000000604835
00600015000000000000000102330000000002528930005000000000053107
00600015000000000000000102340000000007938020005000000000166698
00600015000000000000000102350000000003305790005000000000069421
00600015000000000000000102360000000003388430005000000000071157
00600015000000000000000102370000000001652890005000000000034711
00600015000000000000000102380000000003305790005000000000069421
00600015000000000000000102390000000008640480005000000000181450
00600015000000000000000102400000000012609500005000000000264799
00600015000000000000000102410000000000578510005000000000012149
00600015000000000000000102420000000003173550005000000000066645
00600015000000000000000102430000000002880170005000000000060483
00600015000000000000000102440000000003090910005000000000064909
00600015000000000000000102450000000006528920005000000000137107
00600015000000000000000102460000000003305790005000000000069421
00600015000000000000000102470000000005421490005000000000113851
00600015000000000000000102480000000016719090005000000000351101
00600015000000000000000102490000000032264500005000000000677555
00600015000000000000000102500000000010840910005000000000227659
00600015000000000000000102510000000013466940005000000000282806
00600015000000000000000102520000000008099170005000000000170083
00600015000000000000000102530000000005900820005000000000123917
00600015000000000000000102540000000001685950005000000000035405
00600015000000000000000102550000000003126030005000000000065647
00600015000000000000000102560000000006857440005000000000144006
00600015000000000000000102570000000004530990005000000000095151
00600015000000000000000102580000000010361570005000000000217593
00600015000000000000000102590000000003126030005000000000065647
00600015000000000000000102600000000005479340005000000000115066
00600015000000000000000102610000000002892560005000000000060744
00600015000000000000000102620000000023111560005000000000485343
00600015000000000000000102630000000004245870005000000000089163
00600015000000000000000102640000000022956630005000000000482089
00600015000000000000000102650000000007035120005000000000147737
00600015000000000000000102660000000018626050005000000000391147
00600015000000000000000102670000000008359500005000000000175550
00600015000000000000000102680000000009818170005000000000206182
00600015000000000000000102690000000004132230005000000000086777
00600015000000000000000102700000000010396690005000000000218331
00600015000000000000000102710000000005760330005000000000120967
00600015000000000000000102720000000001652890005000000000034711
00600015000000000000000102730000000008185950005000000000171905
00600015000000000000000102740000000003305790005000000000069421
00600015000000000000000102750000000006611570005000000000138843
00600015000000000000000102760000000003192150005000000000067035
00600015000000000000000102770000000004462810005000000000093719
00600015000000000000000102780000000006252070005000000000131293
00600015000000000000000102790000000013574380005000000000285062
00600015000000000000000102800000000007623960005000000000160103
00600015000000000000000102810000000013357430005000000000280506
00600015000000000000000102820000000006611560005000000000138843
00600015000000000000000102830000000025630160005000000000538233
00600015000000000000000102840000000008305790005000000000174421
00600015000000000000000102850000000003099170005000000000065083
00600015000000000000000102860000000012574370005000000000264062
00600015000000000000000102870000000002037180005000000000042781
00600015000000000000000102880000000002892560005000000000060744
00600015000000000000000102890000000009018600005000000000189391
00600015000000000000000102900000000006252070005000000000131293
00600015000000000000000102910000000008148750005000000000171124
00600015000000000000000102920000000005725210005000000000120229
00600015000000000000000102930000000002892560005000000000060744
00600015000000000000000102940000000002892560005000000000060744
00600015000000000000000102950000000004132230005000000000086777
00600015000000000000000102960000000009272710005000000000194727
00600015000000000000000102970000000003301650005000000000069335
00600015000000000000000102980000000048657060005000000001021798
00600015000000000000000102990000000004958680005000000000104132
00600015000000000000000103000000000010082640005000000000211735
00600015000000000000000103010000000004144630005000000000087037
00600015000000000000000103020000000007235540005000000000151946
00600015000000000000000103030000000024130170005000000000506733
00600015000000000000000103040000000044150830005000000000927167
00600015000000000000000103050000000041139070005000000000863921
00800015000000000000000000850000000023111560005000000000485343
