01900002000000000000000016070000000763263910003000000000000000
01900002000000000000000016080000000152070000003000000000000000
01900002000000000000000016090000001316067780003000000000000000
01900002000000000000000016100000000114300000003000000000000000
01900002000000000000000016110000000152440000003000000000000000
01900002000000000000000016120000001143757600003000000000000000
01900002000000000000000016130000000170082770003000000000000000
01900002000000000000000016140000000769853370003000000000000000
01900002000000000000000016150000000224540000003000000000000000
00100010000000000000000117050000000073719050005000000001548100
00100010000000000000000117060000000083826440005000000001760355
00100010000000000000000117070000000070380320005000000001477987
00100010000000000000000117080000000343603170005000000007215667
00100010000000000000000117090000000092859500005000000001950050
00100010000000000000000117100000000355074330005000000007456561
00100010000000000000000117110000000292297570005000000006138249
00100010000000000000000117120000000842995760005000000017702911
00100010000000000000000117130000000014413220005000000000302678
00100010000000000000000117140000000106614960005000000002238914
00100010000000000000000117150000001091845040005000000022928746
00100010000000000000000117160000000545233060005000000011449894
00100010000000000000000117170000000462691150005000000009716514
00100010000000000000000117180000000416559860005000000008747757
00100010000000000000000117190000000071735520005000000001506446
00100010000000000000000117200000000326177260005000000006849722
00100010000000000000000117210000000155411570005000000003263643
00100010000000000000000117220000000210584000005000000004422264
00100010000000000000000117230000000042024790005000000000882521
00100010000000000000000117240000000611900790005000000012849917
00100010000000000000000117250000000210380170005000000004417983
00100010000000000000000117260000000269994000005000000005669874
00100010000000000000000117270000000546973090005000000011486435
00100010000000000000000117280000000550103530005000000011552174
00100010000000000000000117290000000441834680005000000009278528
00100010000000000000000117300000000006347100005000000000133289
00100010000000000000000117310000001236363580005000000025963635
00100010000000000000000117320000000637520330005000000013387927
00100010000000000000000117330000000665091400005000000013966919
00100010000000000000000117340000000075371900005000000001582810
00100010000000000000000117350000000680816990005000000014297157
00100010000000000000000117360000001445309340005000000030351496
00100010000000000000000117370000000004958680005000000000104132
00100010000000000000000117380000000004958680005000000000104132
00100010000000000000000117390000000004958680005000000000104132
00100010000000000000000117400000001052293320005000000022098160
00100010000000000000000117410000001339679750005000000028133275
00100010000000000000000117420000001198636290005000000025171362
00100010000000000000000117430000001170782830005000000024586439
00100010000000000000000117440000000059256200005000000001244380
00100010000000000000000117450000000697066090005000000014638388
00100010000000000000000117460000000142995870005000000003002913
00100010000000000000000117470000002001136250005000000042023861
00100010000000000000000117480000000592747920005000000012447706
00100010000000000000000117490000000443181780005000000009306817
00100010000000000000000117500000000101900830005000000002139917
00100010000000000000000117510000000052200100005000000001096202
00100010000000000000000117520000000003421490005000000000071851
00100010000000000000000117530000000007024790005000000000147521
00100010000000000000000117540000000136363640005000000002863636
00100010000000000000000117550000000070847110005000000001487789
00100010000000000000000117560000000092975210005000000001952479
00100010000000000000000117570000000044876030005000000000942397
00100010000000000000000117580000000328613140005000000006900876
00100010000000000000000117590000000013604140005000000000285687
00100010000000000000000117600000000069214880005000000001453512
00100010000000000000000117610000000585380990005000000012293001
00100010000000000000000117620000000018033060005000000000378694
00100010000000000000000117630000000020661160005000000000433884
00100010000000000000000117640000000095429750005000000002004025
00100010000000000000000117650000000033471070005000000000702893
00100010000000000000000117660000000360061980005000000007561302
00100010000000000000000117670000001715652800005000000036028709
00100010000000000000000117680000001699141280005000000035681967
00100010000000000000000117690000000274760330005000000005769967
00100010000000000000000117700000000704760820005000000014799977
00100010000000000000000117710000001826446050005000000038355367
00100010000000000000000117720000001027272730005000000021572727
00100010000000000000000117730000000452892560005000000009510744
00100010000000000000000117740000000081778510005000000001717349
00100010000000000000000117750000000055933950005000000001174613
00100010000000000000000117760000000699364440005000000014686653
00100010000000000000000117770000000335990040005000000007055791
00100010000000000000000117780000000425608260005000000008937774
00100010000000000000000117790000000165799550005000000003481791
00100010000000000000000117800000000557818180005000000011714182
00100010000000000000000117810000000213959630005000000004493152
00100010000000000000000117820000000221404960005000000004649504
00100010000000000000000117830000000469776970005000000009865316
00100010000000000000000117840000000080995960005000000001700915
00100010000000000000000117850000000022050060005000000000463051
00100010000000000000000117860000000189619830005000000003982017
00100010000000000000000117870000000395669130005000000008309052
00100010000000000000000117880000000284270500005000000005969681
00100010000000000000000117890000000985197290005000000020689143
00100010000000000000000117900000000977525730005000000020528040
00100010000000000000000117910000000755810210005000000015872014
00100010000000000000000117920000000296485540005000000006226196
00100010000000000000000117930000001513099170005000000031775083
00100010000000000000000117940000002030165290005000000042633471
00100010000000000000000117950000000123553720005000000002594628
00100010000000000000000117960000000929149590005000000019512141
00100010000000000000000117970000000559909480005000000011758099
00100010000000000000000117980000000482776860005000000010138314
00100010000000000000000117990000000210041540005000000004410872
00100010000000000000000118000000000153719010005000000003228099
00100010000000000000000118010000000760033930005000000015960713
00100010000000000000000118020000000353256640005000000007418390
00100010000000000000000118030000000044462860005000000000933720
00100010000000000000000118040000001236010330005000000025956217
00100010000000000000000118050000001323806200005000000027799930
00100010000000000000000118060000000595453720005000000012504528
00100010000000000000000118070000000861136270005000000018083862
00100010000000000000000118080000001110718800005000000023325095
00100010000000000000000118090000000796438880005000000016725217
00100010000000000000000118100000000046413280005000000000974679
00100010000000000000000118110000000562131070005000000011804753
00100010000000000000000118120000000096099170005000000002018083
00100010000000000000000118130000000056000010005000000001176000
00100010000000000000000118140000000935554690005000000019646648
00100010000000000000000118150000000471994140005000000009911877
00100010000000000000000118160000000115801660005000000002431835
00100010000000000000000118170000000144628100005000000003037190
00100010000000000000000118180000000105289260005000000002211074
00100010000000000000000118190000001169324380005000000024555812
00100010000000000000000118200000000099396690005000000002087331
00100010000000000000000118210000000175883450005000000003693552
00100010000000000000000118220000000183679750005000000003857275
00100010000000000000000118230000000264000000005000000005544000
00100010000000000000000118240000000216305790005000000004542421
00100010000000000000000118250000000369925190005000000007768429
00100010000000000000000118260000000264320120005000000005550722
00100010000000000000000118270000000244106050005000000005126227
00100010000000000000000118280000000172511340005000000003622738
00100010000000000000000118290000000270785120005000000005686488
00100010000000000000000118300000000381102480005000000008003152
00100010000000000000000118310000000949462810005000000019938719
00100010000000000000000118320000000186682640005000000003920336
00100010000000000000000118330000000017033060005000000000357694
00100010000000000000000118340000001319319720005000000027705714
00100010000000000000000118350000001120267370005000000023525615
00300010000000000000000007640000000017983440005000000000377652
00300010000000000000000007650000000004958680005000000000104132
00300010000000000000000007660000000385950310005000000008104957
00300010000000000000000007670000000431206600005000000009055339
00300010000000000000000007680000000042975260005000000000902480
00300010000000000000000007690000000086479450005000000001816068
00300010000000000000000007700000000014413220005000000000302678
00300010000000000000000007710000000059256190005000000001244380
00600010000000000000000547800000000008264460005000000000173554
00600010000000000000000547810000000007074380005000000000148562
00600010000000000000000547820000000075309850005000000001581507
00600010000000000000000547830000000628884300005000000013206570
00600010000000000000000547840000000095371810005000000002002808
00600010000000000000000547850000000135495870005000000002845413
00600010000000000000000547860000000156801640005000000003292835
00600010000000000000000547870000000152533110005000000003203195
00600010000000000000000547880000000096335540005000000002023046
00600010000000000000000547890000000009429750005000000000198025
00600010000000000000000547900000000110826450005000000002327355
00600010000000000000000547910000000049338770005000000001036114
00600010000000000000000547920000000193190240005000000004056995
00600010000000000000000547930000000071471140005000000001500894
00600010000000000000000547940000000045818240005000000000962183
00600010000000000000000547950000000021223150005000000000445686
00600010000000000000000547960000000028925620005000000000607438
00600010000000000000000547970000000022752080005000000000477794
00600010000000000000000547980000000020661160005000000000433884
00600010000000000000000547990000000000297520005000000000006248
00600010000000000000000548000000000012495870005000000000262413
00600010000000000000000548010000000023404980005000000000491505
00600010000000000000000548020000000020661160005000000000433884
00600010000000000000000548030000000011834710005000000000248529
00600010000000000000000548040000000027834710005000000000584529
00600010000000000000000548050000000045024850005000000000945522
00600010000000000000000548060000000025123970005000000000527603
00600010000000000000000548070000000069752140005000000001464795
00600010000000000000000548080000000049586830005000000001041323
00600010000000000000000548090000000041818180005000000000878182
00600010000000000000000548100000000068562000005000000001439802
00600010000000000000000548110000000023669450005000000000497058
00600010000000000000000548120000000029851240005000000000626876
00600010000000000000000548130000000029586780005000000000621322
00600010000000000000000548140000000009652890005000000000202711
00600010000000000000000548150000000079834710005000000001676529
00600010000000000000000548160000000065719090005000000001380101
00600010000000000000000548170000000108811960005000000002285051
00600010000000000000000548180000000043107470005000000000905257
00600010000000000000000548190000000081404960005000000001709504
00600010000000000000000548200000000020661160005000000000433884
00600010000000000000000548210000000020661160005000000000433884
00600010000000000000000548220000000020661160005000000000433884
00600010000000000000000548230000000022909090005000000000481091
00600010000000000000000548240000000028099170005000000000590083
00600010000000000000000548250000000092082640005000000001933735
00600010000000000000000548260000000007057850005000000000148215
00600010000000000000000548270000000000892560005000000000018744
00600010000000000000000548280000000015834710005000000000332529
00600010000000000000000548290000000009090910005000000000190909
00600010000000000000000548300000000020661160005000000000433884
00600010000000000000000548310000000020661160005000000000433884
00600010000000000000000548320000000020661160005000000000433884
00600010000000000000000548330000000048198350005000000001012165
00600010000000000000000548340000000023140500005000000000485950
00600010000000000000000548350000000004803720005000000000100878
00600010000000000000000548360000000252297510005000000005298248
00600010000000000000000548370000000013826450005000000000290355
00600010000000000000000548380000000077324380005000000001623812
00600010000000000000000548390000000046743810005000000000981620
00600010000000000000000548400000000125293340005000000002631160
00600010000000000000000548410000000051193390005000000001075061
00600010000000000000000548420000000192495850005000000004042413
00600010000000000000000548430000000177487600005000000003727240
00600010000000000000000548440000000204855240005000000004301960
00600010000000000000000548450000000008760330005000000000183967
00600010000000000000000548460000000004958680005000000000104132
00600010000000000000000548470000000086528910005000000001817107
00600010000000000000000548480000000258115970005000000005420435
00600010000000000000000548490000000023636360005000000000496364
00600010000000000000000548500000000020661160005000000000433884
00600010000000000000000548510000000029619840005000000000622017
00600010000000000000000548520000000084892600005000000001782745
00600010000000000000000548530000000115867770005000000002433223
00600010000000000000000548540000000020661160005000000000433884
00600010000000000000000548550000000020661160005000000000433884
00600010000000000000000548560000000020661160005000000000433884
00600010000000000000000548570000000025123970005000000000527603
00600010000000000000000548580000000020661160005000000000433884
00600010000000000000000548590000000020661160005000000000433884
00600010000000000000000548600000000193917450005000000004072266
00600010000000000000000548610000000031652890005000000000664711
00600010000000000000000548620000000078280990005000000001643901
00600010000000000000000548630000000037950460005000000000796960
00600010000000000000000548640000000023181820005000000000486818
00600010000000000000000548650000000236597050005000000004968538
00600010000000000000000548660000000020661160005000000000433884
00600010000000000000000548670000000020661160005000000000433884
00600010000000000000000548680000000036694220005000000000770579
00600010000000000000000548690000000025123970005000000000527603
00600010000000000000000548700000000008966940005000000000188306
00600010000000000000000548710000000004537190005000000000095281
00600010000000000000000548720000000006537190005000000000137281
00600010000000000000000548730000000020661160005000000000433884
00600010000000000000000548740000000006214880005000000000130512
00600010000000000000000548750000000184925660005000000003883439
00600010000000000000000548760000000003421490005000000000071851
00600010000000000000000548770000000008446280005000000000177372
00600010000000000000000548780000000003421490005000000000071851
00600010000000000000000548790000000032909130005000000000691092
00600010000000000000000548800000000020661160005000000000433884
00600010000000000000000548810000000088396740005000000001856332
00600010000000000000000548820000000003421490005000000000071851
00600010000000000000000548830000000281586750005000000005913322
00600010000000000000000548840000000251801590005000000005287833
00600010000000000000000548850000000294909090005000000006193091
00600010000000000000000548860000000061384550005000000001289075
00600010000000000000000548870000000035702480005000000000749752
00600010000000000000000548880000000060099210005000000001262084
00600010000000000000000548890000000020661160005000000000433884
00600010000000000000000548900000000020661160005000000000433884
00600010000000000000000548910000000098636480005000000002071366
00600010000000000000000548920000000125008340005000000002625175
00600010000000000000000548930000000037289280005000000000783075
00600010000000000000000548940000000051157080005000000001074299
00600010000000000000000548950000000004388430005000000000092157
00600010000000000000000548960000000008776860005000000000184314
00600010000000000000000548970000000071677690005000000001505232
00600010000000000000000548980000000008016530005000000000168347
00600010000000000000000548990000000072065950005000000001513385
00600010000000000000000549000000000020661160005000000000433884
00600010000000000000000549010000000013388430005000000000281157
00600010000000000000000549020000000008264460005000000000173554
00600010000000000000000549030000000020661160005000000000433884
00600010000000000000000549040000000038107440005000000000800256
00600010000000000000000549050000000022966940005000000000482306
00600010000000000000000549060000000020661160005000000000433884
00600010000000000000000549070000000085206610005000000001789339
00600010000000000000000549080000000005867770005000000000123223
00600010000000000000000549090000000070231400005000000001474860
00600010000000000000000549100000000008479340005000000000178066
00600010000000000000000549110000000011404960005000000000239504
00600010000000000000000549120000000020661160005000000000433884
00600010000000000000000549130000000009388430005000000000197157
00600010000000000000000549140000000005438020005000000000114198
00600010000000000000000549150000000009388430005000000000197157
00600010000000000000000549160000000020661160005000000000433884
00600010000000000000000549170000000026975210005000000000566479
00600010000000000000000549180000000192830540005000000004049441
00600010000000000000000549190000000039793390005000000000835661
00600010000000000000000549200000000006528930005000000000137107
00600010000000000000000549210000000020661160005000000000433884
00600010000000000000000549220000000017842980005000000000374702
00600010000000000000000549230000000014347110005000000000301289
00600010000000000000000549240000000091270650005000000001916684
00600010000000000000000549250000000003264460005000000000068554
00600010000000000000000549260000000006537190005000000000137281
00600010000000000000000549270000000006611570005000000000138843
00600010000000000000000549280000000044256200005000000000929380
00600010000000000000000549290000000002586780005000000000054322
00600010000000000000000549300000000053553720005000000001124628
00600010000000000000000549310000000022090910005000000000463909
00600010000000000000000549320000000033719010005000000000708099
00600010000000000000000549330000000022727270005000000000477273
00600010000000000000000549340000000020661160005000000000433884
00600010000000000000000549350000000008016530005000000000168347
00600010000000000000000549360000000052454600005000000001101547
00600010000000000000000549370000000020661160005000000000433884
00600010000000000000000549380000000052454600005000000001101547
00600010000000000000000549390000000032975210005000000000692479
00600010000000000000000549400000000020661160005000000000433884
00600010000000000000000549410000000374380070005000000007861982
00600010000000000000000549420000000144254410005000000003029343
00600010000000000000000549430000000025206610005000000000529339
00600010000000000000000549440000000020826450005000000000437355
00600010000000000000000549450000000008264460005000000000173554
00600010000000000000000549460000000021421490005000000000449851
00600010000000000000000549470000000021421490005000000000449851
00600010000000000000000549480000000191768590005000000004027140
00600010000000000000000549490000000032355370005000000000679463
00600010000000000000000549500000000008553720005000000000179628
00600010000000000000000549510000000007768600005000000000163140
00600010000000000000000549520000000006413220005000000000134678
00600010000000000000000549530000000020661160005000000000433884
00600010000000000000000549540000000008264460005000000000173554
00600010000000000000000549550000000008264460005000000000173554
00600010000000000000000549560000000020661160005000000000433884
00600010000000000000000549570000000020661160005000000000433884
00600010000000000000000549580000000010206610005000000000214339
00600010000000000000000549590000000020661160005000000000433884
00600010000000000000000549600000000020661160005000000000433884
00600010000000000000000549610000000109140500005000000002291950
00600010000000000000000549620000000128462850005000000002697720
00600010000000000000000549630000000031983470005000000000671653
00600010000000000000000549640000000011975210005000000000251479
00600010000000000000000549650000000033719010005000000000708099
00600010000000000000000549660000000020661160005000000000433884
00600010000000000000000549670000000020661160005000000000433884
00600010000000000000000549680000000068562030005000000001439803
00600010000000000000000549690000000050512430005000000001060761
00600010000000000000000549700000000003677690005000000000077231
00600010000000000000000549710000000020661160005000000000433884
00600010000000000000000549720000000024661160005000000000517884
00600010000000000000000549730000000026181820005000000000549818
00600010000000000000000549740000000035289260005000000000741074
00600010000000000000000549750000000020661160005000000000433884
00600010000000000000000549760000000034066110005000000000715388
00600010000000000000000549770000000020661160005000000000433884
00600010000000000000000549780000000003099170005000000000065083
00600010000000000000000549790000000020661160005000000000433884
00600010000000000000000549800000000003421490005000000000071851
00600010000000000000000549810000000003421490005000000000071851
00600010000000000000000549820000000003421490005000000000071851
00600010000000000000000549830000000129710740005000000002723926
00600010000000000000000549840000000013685950005000000000287405
00600010000000000000000549850000000003421490005000000000071851
00600010000000000000000549860000000010578510005000000000222149
00600010000000000000000549870000000020661160005000000000433884
00600010000000000000000549880000000003421490005000000000071851
00600010000000000000000549890000000020661160005000000000433884
00600010000000000000000549900000000010338840005000000000217116
00600010000000000000000549910000000034280990005000000000719901
00600010000000000000000549920000000021272730005000000000446727
00600010000000000000000549930000000020661160005000000000433884
00600010000000000000000549940000000007214880005000000000151512
00600010000000000000000549950000000020661160005000000000433884
00600010000000000000000549960000000122644650005000000002575538
00600010000000000000000549970000000121058000005000000002542218
00600010000000000000000549980000000058677690005000000001232231
00600010000000000000000549990000000008264460005000000000173554
00600010000000000000000550000000000181619900005000000003814018
00600010000000000000000550010000000153719010005000000003228099
00600010000000000000000550020000000009090910005000000000190909
00600010000000000000000550030000000028925620005000000000607438
00600010000000000000000550040000000006842980005000000000143702
00600010000000000000000550050000000020008260005000000000420174
00600010000000000000000550060000000041570250005000000000872975
00600010000000000000000550070000000008057850005000000000169215
00600010000000000000000550080000000085619880005000000001798017
00600010000000000000000550090000000028429750005000000000597025
00600010000000000000000550100000000061435940005000000001290155
00600010000000000000000550110000000063202480005000000001327252
00600010000000000000000550120000000036589220005000000000768374
00600010000000000000000550130000000225586780005000000004737322
00600010000000000000000550140000000064727320005000000001359274
00600010000000000000000550150000000074628100005000000001567190
00600010000000000000000550160000000020661160005000000000433884
00600010000000000000000550170000000031330580005000000000657942
00600010000000000000000550180000000010190080005000000000213992
00600010000000000000000550190000000025735540005000000000540446
00600010000000000000000550200000000020661160005000000000433884
00600010000000000000000550210000000015917350005000000000334264
00600010000000000000000550220000000019917360005000000000418264
00600010000000000000000550230000000006611570005000000000138843
00600010000000000000000550240000000009504130005000000000199587
00600010000000000000000550250000000019231400005000000000403860
00600010000000000000000550260000000020661160005000000000433884
00600010000000000000000550270000000028925620005000000000607438
00600010000000000000000550280000000038942170005000000000817786
00600010000000000000000550290000000020661160005000000000433884
00600010000000000000000550300000000027892560005000000000585744
00600010000000000000000550310000000020661160005000000000433884
00600010000000000000000550320000000008264460005000000000173554
00600010000000000000000550330000000166710740005000000003500926
00600010000000000000000550340000000020661160005000000000433884
00600010000000000000000550350000000020661160005000000000433884
00600010000000000000000550360000000110991740005000000002330826
00600010000000000000000550370000000020661160005000000000433884
00600010000000000000000550380000000006537190005000000000137281
00600010000000000000000550390000000020661160005000000000433884
00600010000000000000000550400000000020661160005000000000433884
00600010000000000000000550410000000020661160005000000000433884
00600010000000000000000550420000000020661160005000000000433884
00600010000000000000000550430000000075619830005000000001588017
00600010000000000000000550440000000155669420005000000003269058
00600010000000000000000550450000000012066120005000000000253388
00600010000000000000000550460000000020661160005000000000433884
00600010000000000000000550470000000021404960005000000000449504
00600010000000000000000550480000000020661160005000000000433884
00600010000000000000000550490000000015619830005000000000328017
00600010000000000000000550500000000008264460005000000000173554
00600010000000000000000550510000000008264460005000000000173554
00600010000000000000000550520000000067760330005000000001422967
00600010000000000000000550530000000076446280005000000001605372
00600010000000000000000550540000000004900830005000000000102917
00600010000000000000000550550000000019900830005000000000417917
00600010000000000000000550560000000007024790005000000000147521
00600010000000000000000550570000000020826450005000000000437355
00600010000000000000000550580000000008264460005000000000173554
00600010000000000000000550590000000009504130005000000000199587
00600010000000000000000550600000000008264460005000000000173554
00600010000000000000000550610000000020661160005000000000433884
00600010000000000000000550620000000069504130005000000001459587
00600010000000000000000550630000000010413220005000000000218678
00600010000000000000000550640000000075925620005000000001594438
00600010000000000000000550650000000020528930005000000000431107
00600010000000000000000550660000000000000080005000000000000002
00600010000000000000000550670000000008264460005000000000173554
00600010000000000000000550680000000057933880005000000001216612
00600010000000000000000550690000000020661160005000000000433884
00600010000000000000000550700000000020661160005000000000433884
00600010000000000000000550710000000338760300005000000007113966
00600010000000000000000550720000000278471070005000000005847893
00600010000000000000000550730000000269008330005000000005649175
00600010000000000000000550740000000077893880005000000001635772
00600010000000000000000550750000000008264460005000000000173554
00600010000000000000000550760000000008264460005000000000173554
00600010000000000000000550770000000047214880005000000000991512
00600010000000000000000550780000000008264460005000000000173554
00600010000000000000000550790000000008264460005000000000173554
00600010000000000000000550800000000040272730005000000000845727
00600010000000000000000550810000000008925620005000000000187438
00600010000000000000000550820000000040578510005000000000852149
00600010000000000000000550830000000008264460005000000000173554
00600010000000000000000550840000000005785120005000000000121488
00600010000000000000000550850000000069669420005000000001463058
00600010000000000000000550860000000020661160005000000000433884
00600010000000000000000550870000000008264460005000000000173554
00600010000000000000000550880000000019338840005000000000406116
00600010000000000000000550890000000020661160005000000000433884
00600010000000000000000550900000000015123970005000000000317603
00600010000000000000000550910000000062181820005000000001305818
00600010000000000000000550920000000008264460005000000000173554
00600010000000000000000550930000000020661160005000000000433884
00600010000000000000000550940000000008776860005000000000184314
00600010000000000000000550950000000070876030005000000001488397
00600010000000000000000550960000000008264460005000000000173554
00600010000000000000000550970000000020661160005000000000433884
00600010000000000000000550980000000002586780005000000000054322
00600010000000000000000550990000000020661160005000000000433884
00600010000000000000000551000000000008264460005000000000173554
00600010000000000000000551010000000020661160005000000000433884
00600010000000000000000551020000000020661160005000000000433884
00600010000000000000000551030000000020661160005000000000433884
00600010000000000000000551040000000020661160005000000000433884
00600010000000000000000551050000000020661160005000000000433884
00600010000000000000000551060000000024462810005000000000513719
00600010000000000000000551070000000007347110005000000000154289
00600010000000000000000551080000000009669420005000000000203058
00600010000000000000000551090000000028264460005000000000593554
00600010000000000000000551100000000015619830005000000000328017
00600010000000000000000551110000000021495870005000000000451413
00600010000000000000000551120000000020661160005000000000433884
00600010000000000000000551130000000014132230005000000000296777
00600010000000000000000551140000000022892560005000000000480744
00600010000000000000000551150000000027438020005000000000576198
00600010000000000000000551160000000117743800005000000002472620
00600010000000000000000551170000000040165290005000000000843471
00600010000000000000000551180000000044876030005000000000942397
00600010000000000000000551190000000069836780005000000001466572
00600010000000000000000551200000000177437920005000000003726196
00600010000000000000000551210000000256322270005000000005382768
00600010000000000000000551220000000261983440005000000005501652
00600010000000000000000551230000000274462690005000000005763716
00600010000000000000000551240000000237696230005000000004991621
00600010000000000000000551250000000118512370005000000002488760
00600010000000000000000551260000000146859500005000000003084050
00600010000000000000000551270000000016173550005000000000339645
00600010000000000000000551280000000011818180005000000000248182
00600010000000000000000551290000000037586780005000000000789322
00600010000000000000000551300000000029669420005000000000623058
00600010000000000000000551310000000020661160005000000000433884
00600010000000000000000551320000000020661160005000000000433884
00600010000000000000000551330000000172644630005000000003625537
00600010000000000000000551340000000085185930005000000001788904
00600010000000000000000551350000000024297520005000000000510248
00600010000000000000000551360000000005165290005000000000108471
00600010000000000000000551370000000008264460005000000000173554
00600010000000000000000551380000000020661160005000000000433884
00600010000000000000000551390000000008264460005000000000173554
00600010000000000000000551400000000004404960005000000000092504
00600010000000000000000551410000000020661160005000000000433884
00600010000000000000000551420000000003644630005000000000076537
00600010000000000000000551430000000005528930005000000000116107
00600010000000000000000551440000000039735540005000000000834446
00600010000000000000000551450000000020661160005000000000433884
00600010000000000000000551460000000042479340005000000000892066
00600010000000000000000551470000000020661160005000000000433884
00600010000000000000000551480000000020661160005000000000433884
00600010000000000000000551490000000091859490005000000001929049
00600010000000000000000551500000000104545450005000000002195455
00600010000000000000000551510000000089917360005000000001888264
00600010000000000000000551520000000008264460005000000000173554
00600010000000000000000551530000000035247930005000000000740207
00600010000000000000000551540000000008264460005000000000173554
00600010000000000000000551550000000006537190005000000000137281
00600010000000000000000551560000000007355370005000000000154463
00600010000000000000000551570000000008148760005000000000171124
00600010000000000000000551580000000009107440005000000000191256
00600010000000000000000551590000000446777690005000000009382331
00600010000000000000000551600000000020661160005000000000433884
00600010000000000000000551610000000033884300005000000000711570
00600010000000000000000551620000000020661160005000000000433884
00600010000000000000000551630000000027173550005000000000570645
00600010000000000000000551640000000017909090005000000000376091
00600010000000000000000551650000000025586780005000000000537322
00600010000000000000000551660000000008264460005000000000173554
00600010000000000000000551670000000008264460005000000000173554
00600010000000000000000551680000000020611570005000000000432843
00600010000000000000000551690000000021884300005000000000459570
00600010000000000000000551700000000009388430005000000000197157
00600010000000000000000551710000000040859500005000000000858050
00600010000000000000000551720000000007735540005000000000162446
00600010000000000000000551730000000035570250005000000000746975
00600010000000000000000551740000000020661160005000000000433884
00600010000000000000000551750000000069553720005000000001460628
00600010000000000000000551760000000035867770005000000000753223
00600010000000000000000551770000000105454580005000000002214546
00600010000000000000000551780000000073256270005000000001538382
00600010000000000000000551790000000115719060005000000002430100
00600010000000000000000551800000000074297520005000000001560248
00600010000000000000000551810000000020661160005000000000433884
00600010000000000000000551820000000020661160005000000000433884
00600010000000000000000551830000000020661160005000000000433884
00600010000000000000000551840000000017983470005000000000377653
00600010000000000000000551850000000010247930005000000000215207
00600010000000000000000551860000000080975240005000000001700480
00600010000000000000000551870000000095702480005000000002009752
00600010000000000000000551880000000461562420005000000009692811
00600010000000000000000551890000000015206610005000000000319339
00600010000000000000000551900000000011380170005000000000238983
00600010000000000000000551910000000033652920005000000000706711
00600010000000000000000551920000000020661160005000000000433884
00600010000000000000000551930000000003760330005000000000078967
00600010000000000000000551940000000007066120005000000000148388
00600010000000000000000551950000000005355370005000000000112463
00600010000000000000000551960000000020661160005000000000433884
00600010000000000000000551970000000020661160005000000000433884
00600010000000000000000551980000000090991740005000000001910826
00600010000000000000000551990000000016661160005000000000349884
00600010000000000000000552000000000028099170005000000000590083
00600010000000000000000552010000000070479320005000000001480066
00600010000000000000000552020000000030876030005000000000648397
00600010000000000000000552030000000020661160005000000000433884
00600010000000000000000552040000000020661160005000000000433884
00600010000000000000000552050000000014214880005000000000298512
00600010000000000000000552060000000051636360005000000001084364
00600010000000000000000552070000000062297520005000000001308248
00600010000000000000000552080000000015090910005000000000316909
00600010000000000000000552090000000062297560005000000001308249
00600010000000000000000552100000000033983470005000000000713653
00600010000000000000000552110000000039074380005000000000820562
00600010000000000000000552120000000008264460005000000000173554
00600010000000000000000552130000000027694210005000000000581579
00600010000000000000000552140000000021694210005000000000455579
00600010000000000000000552150000000038214920005000000000802513
00600010000000000000000552160000000023380170005000000000490983
00600010000000000000000552170000000019107440005000000000401256
00600010000000000000000552180000000058380170005000000001225983
00600010000000000000000552190000000052892560005000000001110744
00600010000000000000000552200000000122644630005000000002575537
00600010000000000000000552210000000059966940005000000001259306
00600010000000000000000552220000000011834710005000000000248529
00600010000000000000000552230000000023049590005000000000484041
00600010000000000000000552240000000007933880005000000000166612
00600010000000000000000552250000000017388430005000000000365157
00600010000000000000000552260000000062297560005000000001308249
00600010000000000000000552270000000051636430005000000001084365
00600010000000000000000552280000000009504130005000000000199587
00600010000000000000000552290000000007190080005000000000150992
00600010000000000000000552300000000039107440005000000000821256
00600010000000000000000552310000000005586780005000000000117322
00600010000000000000000552320000000022413220005000000000470678
00600010000000000000000552330000000009917360005000000000208264
00600010000000000000000552340000000032066130005000000000673389
00600010000000000000000552350000000004214880005000000000088512
00600010000000000000000552360000000000826450005000000000017355
00600010000000000000000552370000000055074450005000000001156563
00600010000000000000000552380000000054942190005000000001153786
00600010000000000000000552390000000048132230005000000001010777
00600010000000000000000552400000000181157020005000000003804298
00600010000000000000000552410000000013355370005000000000280463
00600010000000000000000552420000000315305790005000000006621422
00600010000000000000000552430000000039669420005000000000833058
00600010000000000000000552440000000084095120005000000001765997
00600010000000000000000552450000000385302040005000000008091343
00600010000000000000000552460000000296861900005000000006234100
00600010000000000000000552470000000301103520005000000006323174
00600010000000000000000552480000000252219410005000000005296608
00600010000000000000000552490000000079475270005000000001668981
00600010000000000000000552500000000009917360005000000000208264
00600010000000000000000552510000000093330580005000000001959942
00600010000000000000000552520000000063181820005000000001326818
00600010000000000000000552530000000012165290005000000000255471
00600010000000000000000552540000000058991740005000000001238826
00600010000000000000000552550000000095016530005000000001995347
00600010000000000000000552560000000009049590005000000000190041
00600010000000000000000552570000000014148760005000000000297124
00600010000000000000000552580000000030537190005000000000641281
00600010000000000000000552590000000030280990005000000000635901
00600010000000000000000552600000000003016530005000000000063347
00600010000000000000000552610000000042115710005000000000884430
00600010000000000000000552620000000057082640005000000001198736
00600010000000000000000552630000000048595040005000000001020496
00600010000000000000000552640000000004338840005000000000091116
00600010000000000000000552650000000102396690005000000002150331
00600010000000000000000552660000000106241910005000000002231080
00600010000000000000000552670000000096528930005000000002027107
00600010000000000000000552680000000262367970005000000005509727
00600010000000000000000552690000000083370300005000000001750776
00600010000000000000000552700000000078247900005000000001643206
00600010000000000000000552710000000022214880005000000000466512
00600010000000000000000552720000000020033060005000000000420694
00600010000000000000000552730000000008991740005000000000188826
00600010000000000000000552740000000036694240005000000000770579
00600010000000000000000552750000000044528930005000000000935107
00600010000000000000000552760000000024859500005000000000522050
00600010000000000000000552770000000027768600005000000000583140
00600010000000000000000552780000000025057850005000000000526215
00600010000000000000000552790000000082446280005000000001731372
00600010000000000000000552800000000020495870005000000000430413
00600010000000000000000552810000000020661160005000000000433884
00600010000000000000000552820000000045090940005000000000946910
00600010000000000000000552830000000180562020005000000003791802
00600010000000000000000552840000000103372000005000000002170812
00600010000000000000000552850000000020661160005000000000433884
00600010000000000000000552860000000134314210005000000002820598
00600010000000000000000552870000000299240040005000000006284041
00600010000000000000000552880000000182611790005000000003834848
00600010000000000000000552890000000026909100005000000000565091
00600010000000000000000552900000000020661160005000000000433884
00600010000000000000000552910000000043438020005000000000912198
00600010000000000000000552920000000093752180005000000001968796
00600010000000000000000552930000000039008290005000000000819174
00600010000000000000000552940000000048198350005000000001012165
00600010000000000000000552950000000010776860005000000000226314
00600010000000000000000552960000000008446280005000000000177372
00600010000000000000000552970000000038247970005000000000803207
00600010000000000000000552980000000011966950005000000000251306
00600010000000000000000552990000000051570250005000000001082975
00600010000000000000000553000000000027107440005000000000569256
00600010000000000000000553010000000033024830005000000000693521
00600010000000000000000553020000000032495870005000000000682413
00600010000000000000000553030000000036997970005000000000776957
00600010000000000000000553040000000015867770005000000000333223
00600010000000000000000553050000000027545450005000000000578455
00600010000000000000000553060000000043107450005000000000905256
00600010000000000000000553070000000021553720005000000000452628
00600010000000000000000553080000000020661160005000000000433884
00600010000000000000000553090000000020661160005000000000433884
00600010000000000000000553100000000020661160005000000000433884
00600010000000000000000553110000000017983470005000000000377653
00600010000000000000000553120000000008264460005000000000173554
00600010000000000000000553130000000022066120005000000000463388
00600010000000000000000553140000000007851240005000000000164876
00600010000000000000000553150000000005578510005000000000117149
00600010000000000000000553160000000010842980005000000000227702
00600010000000000000000553170000000052495870005000000001102413
00600010000000000000000553180000000010115700005000000000212430
00600010000000000000000553190000000032322330005000000000678769
00600010000000000000000553200000000009595040005000000000201496
00600010000000000000000553210000000020661160005000000000433884
00600010000000000000000553220000000124991740005000000002624827
00600010000000000000000553230000000020628090005000000000433190
00600010000000000000000553240000000027173550005000000000570645
00600010000000000000000553250000000084148760005000000001767124
00600010000000000000000553260000000033057880005000000000694215
00600010000000000000000553270000000044165340005000000000927472
00600010000000000000000553280000000063933960005000000001342613
00600010000000000000000553290000000007190080005000000000150992
00600010000000000000000553300000000049190080005000000001032992
00600010000000000000000553310000000006917360005000000000145264
00600010000000000000000553320000000021909090005000000000460091
00600010000000000000000553330000000121487600005000000002551240
00600010000000000000000553340000000021405000005000000000449505
00600010000000000000000553350000000137097090005000000002879039
00600010000000000000000553360000000185652890005000000003898711
00600010000000000000000553370000000015966960005000000000335306
00600010000000000000000553380000000018909100005000000000397091
00600010000000000000000553390000000109553820005000000002300630
00600010000000000000000553400000000140562160005000000002951805
00600010000000000000000553410000000142541420005000000002993370
00600010000000000000000553420000000008264460005000000000173554
00600010000000000000000553430000000046966940005000000000986306
00600010000000000000000553440000000091636420005000000001924365
00600010000000000000000553450000000002479340005000000000052066
00600010000000000000000553460000000009917360005000000000208264
00600010000000000000000553470000000008264460005000000000173554
00600010000000000000000553480000000008264460005000000000173554
00600010000000000000000553490000000006694210005000000000140579
00600010000000000000000553500000000007809920005000000000164008
00600010000000000000000553510000000083702480005000000001757752
00600010000000000000000553520000000030545480005000000000641455
00600010000000000000000553530000000017851240005000000000374876
00600010000000000000000553540000000005057850005000000000106215
00600010000000000000000553550000000008479340005000000000178066
00600010000000000000000553560000000028338840005000000000595116
00600010000000000000000553570000000005785120005000000000121488
00600010000000000000000553580000000008264460005000000000173554
00600010000000000000000553590000000008264460005000000000173554
00600010000000000000000553600000000096033060005000000002016694
00600010000000000000000553610000000002801650005000000000058835
00600010000000000000000553620000000069669480005000000001463059
00600010000000000000000553630000000022066120005000000000463388
00600010000000000000000553640000000045206610005000000000949339
00600010000000000000000553650000000089086870005000000001870824
00600010000000000000000553660000000011504130005000000000241587
00600010000000000000000553670000000043057850005000000000904215
00600010000000000000000553680000000008264460005000000000173554
00600010000000000000000553690000000020661160005000000000433884
00600010000000000000000553700000000013834710005000000000290529
00600010000000000000000553710000000029421490005000000000617851
00600010000000000000000553720000000030826450005000000000647355
00600010000000000000000553730000000041206610005000000000865339
00600010000000000000000553740000000064694210005000000001358579
00600010000000000000000553750000000003528930005000000000074107
00600010000000000000000553760000000030272730005000000000635727
00600010000000000000000553770000000015471070005000000000324893
00600010000000000000000553780000000027644630005000000000580537
00600010000000000000000553790000000008264460005000000000173554
00600010000000000000000553800000000008264460005000000000173554
00600010000000000000000553810000000036198350005000000000760165
00600010000000000000000553820000000008264460005000000000173554
00600010000000000000000553830000000008264460005000000000173554
00600010000000000000000553840000000340308030005000000007146469
00600010000000000000000553850000000007214880005000000000151512
00600010000000000000000553860000000043834710005000000000920529
00600010000000000000000553870000000006694210005000000000140579
00600010000000000000000553880000000020661160005000000000433884
00600010000000000000000553890000000020661160005000000000433884
00600010000000000000000553900000000020661160005000000000433884
00600010000000000000000553910000000029900830005000000000627917
00600010000000000000000553920000000038925620005000000000817438
00600010000000000000000553930000000020661160005000000000433884
00600010000000000000000553940000000008347110005000000000175289
00600010000000000000000553950000000353056110005000000007414178
00600010000000000000000553960000000358756620005000000007533889
00600010000000000000000553970000000064582680005000000001356236
00600010000000000000000553980000000023474550005000000000492965
00600010000000000000000553990000000007190080005000000000150992
00600010000000000000000554000000000064380170005000000001351983
00600010000000000000000554010000000035702480005000000000749752
00600010000000000000000554020000000008264460005000000000173554
00600010000000000000000554030000000008264460005000000000173554
00600010000000000000000554040000000065223140005000000001369686
00600010000000000000000554050000000027504130005000000000577587
00600010000000000000000554060000000008264460005000000000173554
00600010000000000000000554070000000043438020005000000000912198
00600010000000000000000554080000000003421490005000000000071851
00600010000000000000000554090000000021173550005000000000444645
00600010000000000000000554100000000039586780005000000000831322
00600010000000000000000554110000000038603310005000000000810669
00600010000000000000000554120000000072991740005000000001532826
00600010000000000000000554130000000012413220005000000000260678
00600010000000000000000554140000000008264460005000000000173554
00600010000000000000000554150000000028429750005000000000597025
00600010000000000000000554160000000255764610005000000005371057
00600010000000000000000554170000000040140780005000000000842956
00600010000000000000000554180000000006842980005000000000143702
00600010000000000000000554190000000008264460005000000000173554
00600010000000000000000554200000000004132230005000000000086777
00600010000000000000000554210000000042181820005000000000885818
00600010000000000000000554220000000008404960005000000000176504
00600010000000000000000554230000000016669420005000000000350058
00600010000000000000000554240000000038074380005000000000799562
00600010000000000000000554250000000024297520005000000000510248
00600010000000000000000554260000000009917360005000000000208264
00600010000000000000000554270000000008264460005000000000173554
00600010000000000000000554280000000265653220005000000005578718
00600010000000000000000554290000000008264460005000000000173554
00600010000000000000000554300000000025842970005000000000542702
00600010000000000000000554310000000004338840005000000000091116
00600010000000000000000554320000000042305790005000000000888421
00600010000000000000000554330000000012123970005000000000254603
00600010000000000000000554340000000016363640005000000000343636
00600010000000000000000554350000000005305790005000000000111421
00600010000000000000000554360000000009917360005000000000208264
00600010000000000000000554370000000009669420005000000000203058
00600010000000000000000554380000000080991740005000000001700826
00600010000000000000000554390000000013314050005000000000279595
00600010000000000000000554400000000020661160005000000000433884
00600010000000000000000554410000000008264460005000000000173554
00600010000000000000000554420000000008264460005000000000173554
00600010000000000000000554430000000008264460005000000000173554
00600010000000000000000554440000000082280990005000000001727901
00600010000000000000000554450000000007190080005000000000150992
00600010000000000000000554460000000080991740005000000001700826
00600010000000000000000554470000000077132230005000000001619777
00600010000000000000000554480000000147708800005000000003101885
00600010000000000000000554490000000025113650005000000000527387
00600010000000000000000554500000000073085950005000000001534805
00600010000000000000000554510000000024675210005000000000518179
00600010000000000000000554520000000017925620005000000000376438
00600010000000000000000554530000000029528930005000000000620107
00600010000000000000000554540000000046694210005000000000980579
00600010000000000000000554550000000039454550005000000000828545
00600010000000000000000554560000000007066120005000000000148388
00600010000000000000000554570000000020661160005000000000433884
00600010000000000000000554580000000020661160005000000000433884
00600010000000000000000554590000000005057850005000000000106215
00600010000000000000000554600000000023652890005000000000496711
00600010000000000000000554610000000023966940005000000000503306
00600010000000000000000554620000000101074380005000000002122562
00600010000000000000000554630000000092603310005000000001944669
00600010000000000000000554640000000045702480005000000000959752
00600010000000000000000554650000000204562240005000000004295807
00600010000000000000000554660000000029421510005000000000617852
00600010000000000000000554670000000048942150005000000001027785
00600010000000000000000554680000000124049590005000000002605041
00600010000000000000000554690000000078016530005000000001638347
00600010000000000000000554700000000020661160005000000000433884
00600010000000000000000554710000000027272730005000000000572727
00600010000000000000000554720000000007190080005000000000150992
00600010000000000000000554730000000098892580005000000002076744
00600010000000000000000554740000000016528930005000000000347107
00600010000000000000000554750000000007983470005000000000167653
00600010000000000000000554760000000052314050005000000001098595
00600010000000000000000554770000000012793390005000000000268661
00600010000000000000000554780000000045132280005000000000947778
00600010000000000000000554790000000032330580005000000000678942
00600010000000000000000554800000000118479460005000000002488069
00600010000000000000000554810000000080743800005000000001695620
00600010000000000000000554820000000051983470005000000001091653
00600010000000000000000554830000000420615700005000000008832930
00600010000000000000000554840000000056214880005000000001180512
00600010000000000000000554850000000389853310005000000008186919
00600010000000000000000554860000000361157020005000000007584298
00600010000000000000000554870000000199068180005000000004180432
00600010000000000000000554880000000123970270005000000002603376
00600010000000000000000554890000000096033060005000000002016694
00600010000000000000000554900000000038925620005000000000817438
00600010000000000000000554910000000008842980005000000000185702
00600010000000000000000554920000000008264460005000000000173554
00600010000000000000000554930000000020661160005000000000433884
00600010000000000000000554940000000102561980005000000002153802
00600010000000000000000554950000000045297520005000000000951248
00600010000000000000000554960000000009917360005000000000208264
00600010000000000000000554970000000009429750005000000000198025
00600010000000000000000554980000000017603310005000000000369669
00600010000000000000000554990000000007809920005000000000164008
00600010000000000000000555000000000009917360005000000000208264
00600010000000000000000555010000000015867770005000000000333223
00600010000000000000000555020000000034297520005000000000720248
00600010000000000000000555030000000007190080005000000000150992
00600010000000000000000555040000000142975210005000000003002479
00600010000000000000000555050000000506243800005000000010631120
00600010000000000000000555060000000117698350005000000002471665
00600010000000000000000555070000000058727270005000000001233273
00600010000000000000000555080000000014380170005000000000301983
00600010000000000000000555090000000008264460005000000000173554
00600010000000000000000555100000000046297550005000000000972249
00600010000000000000000555110000000057652910005000000001210711
00600010000000000000000555120000000028859500005000000000606050
00600010000000000000000555130000000051652890005000000001084711
00600010000000000000000555140000000092082730005000000001933737
00600010000000000000000555150000000101380160005000000002128983
00600010000000000000000555160000000071479340005000000001501066
00600010000000000000000555170000000088404960005000000001856504
00600010000000000000000555180000000121510740005000000002551726
00600010000000000000000555190000000027884300005000000000585570
00600010000000000000000555200000000121510740005000000002551726
00600010000000000000000555210000000014297520005000000000300248
00600010000000000000000555220000000148491740005000000003118326
00600010000000000000000555230000000033826450005000000000710355
00600010000000000000000555240000000020661160005000000000433884
00600010000000000000000555250000000017256200005000000000362380
00600010000000000000000555260000000020661160005000000000433884
00600010000000000000000555270000000015991740005000000000335826
00600010000000000000000555280000000019264460005000000000404554
00600010000000000000000555290000000023966940005000000000503306
00600010000000000000000555300000000008760330005000000000183967
00600010000000000000000555310000000008264460005000000000173554
00600010000000000000000555320000000008264460005000000000173554
00600010000000000000000555330000000040165290005000000000843471
00600010000000000000000555340000000002975210005000000000062479
00600010000000000000000555350000000024297520005000000000510248
00600010000000000000000555360000000008264460005000000000173554
00600010000000000000000555370000000041570250005000000000872975
00600010000000000000000555380000000007190080005000000000150992
00600010000000000000000555390000000092134300005000000001934820
00600010000000000000000555400000000492190080005000000010335992
00600010000000000000000555410000000157018180005000000003297382
00600010000000000000000555420000000106380200005000000002233984
00600010000000000000000555430000000008264460005000000000173554
00600010000000000000000555440000000028016530005000000000588347
00600010000000000000000555450000000009090910005000000000190909
00600010000000000000000555460000000226115700005000000004748430
00600010000000000000000555470000000023495870005000000000493413
00600010000000000000000555480000000031239670005000000000656033
00600010000000000000000555490000000010413220005000000000218678
00600010000000000000000555500000000062553720005000000001313628
00600010000000000000000555510000000005842980005000000000122702
00600010000000000000000555520000000024024790005000000000504521
00600010000000000000000555530000000133958680005000000002813132
00600010000000000000000555540000000017851240005000000000374876
00600010000000000000000555550000000164677680005000000003458231
00600010000000000000000555560000000036198350005000000000760165
00600010000000000000000555570000000031338840005000000000658116
00600010000000000000000555580000000023471070005000000000492893
00600010000000000000000555590000000018066120005000000000379388
00600010000000000000000555600000000269504250005000000005659590
00600010000000000000000555610000000061223140005000000001285686
00600010000000000000000555620000000262181850005000000005505819
00600010000000000000000555630000000008264460005000000000173554
00600010000000000000000555640000000079336780005000000001666072
00600010000000000000000555650000000076652890005000000001609711
00600010000000000000000555660000000057024790005000000001197521
00600010000000000000000555670000000003223140005000000000067686
00800010000000000000000016350000000036694210005000000000770579
00800010000000000000000016360000000028099170005000000000590083
00800010000000000000000016370000000052454600005000000001101547
00800010000000000000000016380000000035247930005000000000740207
00800010000000000000000016390000000022239670005000000000467033
00800010000000000000000016400000000062297520005000000001308248
00800010000000000000000016410000000062297560005000000001308249
00800010000000000000000016420000000051636360005000000001084364
00800010000000000000000016430000000092169420005000000001935558
00800010000000000000000016440000000265653220005000000005578718
00800010000000000000000016450000000046694210005000000000980579
00800010000000000000000016460000000121510740005000000002551726
00100011000000000000000019620000000031669450005000000000665059
00100011000000000000000019630000000018644630005000000000391537
00100011000000000000000019640000000112264460005000000002357554
00100011000000000000000019650000000054743800005000000001149620
00100011000000000000000019660000000016859500005000000000354050
00100011000000000000000019670000000129173550005000000002712645
00100011000000000000000019680000000108826470005000000002285356
00100011000000000000000019690000000126446280005000000002655372
00100011000000000000000019700000000035785120005000000000751488
00100011000000000000000019710000000080330580005000000001686942
00600011000000000000000385080000000079206610005000000001663339
00600011000000000000000385090000000010661160005000000000223884
00600011000000000000000385100000000058975220005000000001238480
00600011000000000000000385110000000004462810005000000000093719
00600011000000000000000385120000000028033060005000000000588694
00600011000000000000000385130000000028033060005000000000588694
00600011000000000000000385140000000014876030005000000000312397
00600011000000000000000385150000000020661160005000000000433884
00600011000000000000000385160000000006876030005000000000144397
00600011000000000000000385170000000052826450005000000001109355
00600011000000000000000385180000000028925620005000000000607438
00600011000000000000000385190000000052892560005000000001110744
00600011000000000000000385200000000056793400005000000001192661
00600011000000000000000385210000000025123970005000000000527603
00600011000000000000000385220000000044165290005000000000927471
00600011000000000000000385230000000007214880005000000000151512
00600011000000000000000385240000000008479340005000000000178066
00600011000000000000000385250000000082512400005000000001732760
00600011000000000000000385260000000047272730005000000000992727
00600011000000000000000385270000000016198350005000000000340165
00600011000000000000000385280000000079008260005000000001659174
00600011000000000000000385290000000064198350005000000001348165
00600011000000000000000385300000000020661160005000000000433884
00600011000000000000000385310000000016991740005000000000356826
00600011000000000000000385320000000004252890005000000000089311
00600011000000000000000385330000000020661160005000000000433884
00600011000000000000000385340000000023801650005000000000499835
00600011000000000000000385350000000021438020005000000000450198
00600011000000000000000385360000000002917360005000000000061264
00600011000000000000000385370000000024462810005000000000513719
00600011000000000000000385380000000113281080005000000002378903
00600011000000000000000385390000000048727270005000000001023273
00600011000000000000000385400000000014628100005000000000307190
00600011000000000000000385410000000037272730005000000000782727
00600011000000000000000385420000000078016530005000000001638347
00600011000000000000000385430000000020661160005000000000433884
00600011000000000000000385440000000020661160005000000000433884
00600011000000000000000385450000000051421490005000000001079851
00600011000000000000000385460000000036760340005000000000771967
00600011000000000000000385470000000006111570005000000000128343
00600011000000000000000385480000000021950410005000000000460959
00600011000000000000000385490000000079537190005000000001670281
00600011000000000000000385500000000008107440005000000000170256
00600011000000000000000385510000000011396690005000000000239331
00600011000000000000000385520000000027537190005000000000578281
00600011000000000000000385530000000045024790005000000000945521
00600011000000000000000385540000000000950410005000000000019959
00600011000000000000000385550000000000001650005000000000000035
00600011000000000000000385560000000000000830005000000000000017
00600011000000000000000385570000000025123970005000000000527603
00600011000000000000000385580000000039111570005000000000821343
00600011000000000000000385590000000004462810005000000000093719
00600011000000000000000385600000000043483470005000000000913153
00600011000000000000000385610000000025152890005000000000528211
00600011000000000000000385620000000006888430005000000000144657
00600011000000000000000385630000000020661160005000000000433884
00600011000000000000000385640000000009917360005000000000208264
00600011000000000000000385650000000020661160005000000000433884
00600011000000000000000385660000000024462810005000000000513719
00600011000000000000000385670000000049408260005000000001037574
00600011000000000000000385680000000006033060005000000000126694
00600011000000000000000385690000000024462810005000000000513719
00600011000000000000000385700000000003223140005000000000067686
00600011000000000000000385710000000003223140005000000000067686
00600011000000000000000385720000000020628100005000000000433190
00600011000000000000000385730000000037702480005000000000791752
00600011000000000000000385740000000071066120005000000001492389
00600011000000000000000385750000000063138840005000000001325916
00600011000000000000000385760000000061884300005000000001299570
00600011000000000000000385770000000064727270005000000001359273
00600011000000000000000385780000000017785120005000000000373488
00600011000000000000000385790000000008760330005000000000183967
00600011000000000000000385800000000049983500005000000001049654
00600011000000000000000385810000000006611570005000000000138843
00600011000000000000000385820000000092495870005000000001942413
00600011000000000000000385830000000041388430005000000000869157
00600011000000000000000385840000000009917360005000000000208264
00600011000000000000000385850000000011174380005000000000234662
00600011000000000000000385860000000054479340005000000001144066
00600011000000000000000385870000000020661160005000000000433884
00600011000000000000000385880000000020413220005000000000428678
00600011000000000000000385890000000004694210005000000000098579
00600011000000000000000385900000000198132230005000000004160777
00600011000000000000000385910000000024140500005000000000506950
00600011000000000000000385920000000055723140005000000001170186
00600011000000000000000385930000000001966940005000000000041306
00600011000000000000000385940000000042851240005000000000899876
00600011000000000000000385950000000020661160005000000000433884
00600011000000000000000385960000000019413220005000000000407678
00600011000000000000000385970000000084892560005000000001782744
00600011000000000000000385980000000046595040005000000000978496
00600011000000000000000385990000000019669460005000000000413059
00600011000000000000000386000000000013636360005000000000286364
00600011000000000000000386010000000008842980005000000000185702
00600011000000000000000386020000000019636360005000000000412364
00600011000000000000000386030000000057520660005000000001207934
00600011000000000000000386040000000054462810005000000001143719
00600011000000000000000386050000000012355370005000000000259463
00600011000000000000000386060000000020661160005000000000433884
00600011000000000000000386070000000009917360005000000000208264
00600011000000000000000386080000000032198360005000000000676165
00600011000000000000000386090000000034520660005000000000724934
00600011000000000000000386100000000036570250005000000000767975
00600011000000000000000386110000000020661160005000000000433884
00600011000000000000000386120000000032892560005000000000690744
00600011000000000000000386130000000008595040005000000000180496
00600011000000000000000386140000000021950410005000000000460959
00600011000000000000000386150000000025123970005000000000527603
00600011000000000000000386160000000011305780005000000000237421
00600011000000000000000386170000000139371900005000000002926810
00600011000000000000000386180000000009351240005000000000196376
00600011000000000000000386190000000009917360005000000000208264
00600011000000000000000386200000000022479340005000000000472066
00600011000000000000000386210000000028264460005000000000593554
00600011000000000000000386220000000019338840005000000000406116
00600011000000000000000386230000000008595040005000000000180496
00600011000000000000000386240000000015140500005000000000317950
00600011000000000000000386250000000043719010005000000000918099
00600011000000000000000386260000000008347110005000000000175289
00600011000000000000000386270000000020661160005000000000433884
00600011000000000000000386280000000015619830005000000000328017
00600011000000000000000386290000000012975210005000000000272479
00600011000000000000000386300000000014214880005000000000298512
00600011000000000000000386310000000017983470005000000000377653
00600011000000000000000386320000000037024790005000000000777521
00600011000000000000000386330000000034000000005000000000714041
00600011000000000000000386340000000012123970005000000000254603
00600011000000000000000386350000000005619830005000000000118017
00600011000000000000000386360000000020661160005000000000433884
00600011000000000000000386370000000098842980005000000002075702
00600011000000000000000386380000000041322310005000000000867769
00600011000000000000000386390000000009917360005000000000208264
00600011000000000000000386400000000055553720005000000001166628
00600011000000000000000386410000000089983470005000000001889653
00600011000000000000000386420000000020661160005000000000433884
00600011000000000000000386430000000008991740005000000000188826
00600011000000000000000386440000000182776860005000000003838314
00600011000000000000000386450000000015371900005000000000322810
00600011000000000000000386460000000039214880005000000000823512
00600011000000000000000386470000000085413220005000000001793678
00600011000000000000000386480000000033471070005000000000702893
00600011000000000000000386490000000018264460005000000000383554
00600011000000000000000386500000000020661160005000000000433884
00600011000000000000000386510000000020661160005000000000433884
00600011000000000000000386520000000010909100005000000000229091
00600011000000000000000386530000000004132230005000000000086777
00600011000000000000000386540000000021735540005000000000456446
00600011000000000000000386550000000017851240005000000000374876
00600011000000000000000386560000000020661160005000000000433884
00600011000000000000000386570000000020661160005000000000433884
00600011000000000000000386580000000020661160005000000000433884
00600011000000000000000386590000000006305790005000000000132421
00600011000000000000000386600000000010041320005000000000210868
00600011000000000000000386610000000011487600005000000000241240
00600011000000000000000386620000000033785160005000000000709488
00600011000000000000000386630000000006611570005000000000138843
00600011000000000000000386640000000023933880005000000000502612
00600011000000000000000386650000000013950420005000000000292959
00600011000000000000000386660000000001446280005000000000030372
00600011000000000000000386670000000008657020005000000000181798
00600011000000000000000386680000000010041320005000000000210868
00600011000000000000000386690000000006305780005000000000132421
00600011000000000000000386700000000031487600005000000000661240
00600011000000000000000386710000000001462810005000000000030719
00600011000000000000000386720000000000495870005000000000010413
00600011000000000000000386730000000015206610005000000000319339
00600011000000000000000386740000000052669420005000000001106058
00600011000000000000000386750000000020661160005000000000433884
00600011000000000000000386760000000066363640005000000001393636
00600011000000000000000386770000000119338840005000000002506116
00600011000000000000000386780000000278925620005000000005857438
00600011000000000000000386790000000003966940005000000000083306
00600011000000000000000386800000000005057850005000000000106215
00600011000000000000000386810000000020661160005000000000433884
00600011000000000000000386820000000018615700005000000000390930
00600011000000000000000386830000000046153010005000000000969213
00600011000000000000000386840000000028264460005000000000593554
00600011000000000000000386850000000004826450005000000000101355
00600011000000000000000386860000000076528930005000000001607107
00600011000000000000000386870000000038760330005000000000813967
00600011000000000000000386880000000085619830005000000001798017
00600011000000000000000386890000000022809920005000000000479008
00600011000000000000000386900000000048181820005000000001011818
00600011000000000000000386910000000062479360005000000001312067
00600011000000000000000386920000000029752070005000000000624793
00600011000000000000000386930000000008842980005000000000185702
00600011000000000000000386940000000029710740005000000000623926
00600011000000000000000386950000000032471100005000000000681893
00600011000000000000000386960000000008553720005000000000179628
00600011000000000000000386970000000011074380005000000000232562
00600011000000000000000386980000000019586780005000000000411322
00600011000000000000000386990000000039272730005000000000824727
00600011000000000000000387000000000009917360005000000000208264
00600011000000000000000387010000000004958680005000000000104132
00600011000000000000000387020000000021735540005000000000456446
00600011000000000000000387030000000148165290005000000003111471
00600011000000000000000387040000000022314050005000000000468595
00600011000000000000000387050000000020661160005000000000433884
00600011000000000000000387060000000008264460005000000000173554
00600011000000000000000387070000000006942150005000000000145785
00600011000000000000000387080000000019446280005000000000408372
00600011000000000000000387090000000009752070005000000000204793
00600011000000000000000387100000000009483470005000000000199153
00600011000000000000000387110000000048760330005000000001023967
00600011000000000000000387120000000026528930005000000000557107
00600011000000000000000387130000000008925620005000000000187438
00600011000000000000000387140000000014876030005000000000312397
00600011000000000000000387150000000027768600005000000000583140
00600011000000000000000387160000000043429750005000000000912025
00600011000000000000000387170000000008842980005000000000185702
00600011000000000000000387180000000031983470005000000000671653
00600011000000000000000387190000000006611570005000000000138843
00600011000000000000000387200000000087801650005000000001843835
00600011000000000000000387210000000027768600005000000000583140
00600011000000000000000387220000000008264460005000000000173554
00600011000000000000000387230000000004958680005000000000104132
00600011000000000000000387240000000004958680005000000000104132
00600011000000000000000387250000000041611570005000000000873843
00600011000000000000000387260000000004958680005000000000104132
00600011000000000000000387270000000038677690005000000000812231
00600011000000000000000387280000000031487600005000000000661240
00600011000000000000000387290000000026446280005000000000555372
00600011000000000000000387300000000020661160005000000000433884
00600011000000000000000387310000000020661160005000000000433884
00600011000000000000000387320000000020661160005000000000433884
00600011000000000000000387330000000010330580005000000000216942
00600011000000000000000387340000000031074380005000000000652562
00600011000000000000000387350000000005619830005000000000118017
00600011000000000000000387360000000219504130005000000004609587
00600011000000000000000387370000000043801650005000000000919835
00600011000000000000000387380000000043884300005000000000921570
00600011000000000000000387390000000040177690005000000000843731
00600011000000000000000387400000000020235540005000000000424946
00600011000000000000000387410000000030838840005000000000647616
00600011000000000000000387420000000009917360005000000000208264
00600011000000000000000387430000000002314050005000000000048595
00600011000000000000000387440000000004958680005000000000104132
00600011000000000000000387450000000024661160005000000000517884
00600011000000000000000387460000000002793390005000000000058661
00600011000000000000000387470000000039322310005000000000825769
00600011000000000000000387480000000008925620005000000000187438
00600011000000000000000387490000000018842980005000000000395702
00600011000000000000000387500000000020661160005000000000433884
00600011000000000000000387510000000028842980005000000000605702
00600011000000000000000387520000000010925620005000000000229438
00600011000000000000000387530000000031735540005000000000666446
00600011000000000000000387540000000065702480005000000001379752
00600011000000000000000387550000000004958680005000000000104132
00600011000000000000000387560000000008264460005000000000173554
00600011000000000000000387570000000057190080005000000001200992
00600011000000000000000387580000000052826450005000000001109355
00600011000000000000000387590000000029834710005000000000626529
00600011000000000000000387600000000072892560005000000001530744
00600011000000000000000387610000000052892560005000000001110744
00600011000000000000000387620000000034214880005000000000718512
00600011000000000000000387630000000054479340005000000001144066
00600011000000000000000387640000000007214880005000000000151512
00600011000000000000000387650000000020826450005000000000437355
00600011000000000000000387660000000061867770005000000001299223
00600011000000000000000387670000000049454580005000000001038546
00600011000000000000000387680000000013305790005000000000279421
00600011000000000000000387690000000016115700005000000000338430
00600011000000000000000387700000000029421490005000000000617851
00600011000000000000000387710000000013082640005000000000274736
00600011000000000000000387720000000020661160005000000000433884
00600011000000000000000387730000000028305790005000000000594421
00600011000000000000000387740000000016528930005000000000347107
00600011000000000000000387750000000001966940005000000000041306
00600011000000000000000387760000000017785120005000000000373488
00600011000000000000000387770000000040000000005000000000840000
00600011000000000000000387780000000062743800005000000001317620
00600011000000000000000387790000000042074380005000000000883562
00600011000000000000000387800000000005404960005000000000113504
00600011000000000000000387810000000011107440005000000000233256
00600011000000000000000387820000000012727270005000000000267273
00600011000000000000000387830000000012165290005000000000255471
00600011000000000000000387840000000011487600005000000000241240
00600011000000000000000387850000000020661160005000000000433884
00600011000000000000000387860000000023512400005000000000493760
00600011000000000000000387870000000034710740005000000000728926
00600011000000000000000387880000000024396690005000000000512331
00600011000000000000000387890000000013884300005000000000291570
00600011000000000000000387900000000017785120005000000000373488
00600011000000000000000387910000000012429750005000000000261025
00600011000000000000000387920000000024462810005000000000513719
00600011000000000000000387930000000020661160005000000000433884
00600011000000000000000387940000000021223140005000000000445686
00600011000000000000000387950000000020661160005000000000433884
00600011000000000000000387960000000022611570005000000000474843
00600011000000000000000387970000000032442150005000000000681285
00600011000000000000000387980000000008462810005000000000177719
00600011000000000000000387990000000004033060005000000000084694
00600011000000000000000388000000000035041320005000000000735868
00600011000000000000000388010000000020661160005000000000433884
00600011000000000000000388020000000192793390005000000004048661
00600011000000000000000388030000000073388430005000000001541157
00600011000000000000000388040000000027570250005000000000578975
00600011000000000000000388050000000035764460005000000000751054
00600011000000000000000388060000000009652890005000000000202711
00600011000000000000000388070000000102024800005000000002142521
00600011000000000000000388080000000007190080005000000000150992
00600011000000000000000388090000000040297540005000000000846248
00600011000000000000000388100000000057235540005000000001201946
00600011000000000000000388110000000024066120005000000000505388
00600011000000000000000388120000000053685950005000000001127405
00600011000000000000000388130000000063719010005000000001338099
00600011000000000000000388140000000020090910005000000000421909
00600011000000000000000388150000000040198350005000000000844165
00600011000000000000000388160000000054479340005000000001144066
00600011000000000000000388170000000043471070005000000000912893
00600011000000000000000388180000000020661160005000000000433884
00600011000000000000000388190000000021685950005000000000455405
00600011000000000000000388200000000018247930005000000000383207
00600011000000000000000388210000000044421490005000000000932851
00600011000000000000000388220000000078413220005000000001646678
00600011000000000000000388230000000010314060005000000000216595
00600011000000000000000388240000000007190080005000000000150992
00600011000000000000000388250000000029487600005000000000619240
00600011000000000000000388260000000039463640005000000000828736
00600011000000000000000388270000000051404960005000000001079504
00600011000000000000000388280000000055735540005000000001170446
00600011000000000000000388290000000179239670005000000003764033
00600011000000000000000388300000000036636360005000000000769364
00600011000000000000000388310000000013884300005000000000291570
00600011000000000000000388320000000011834710005000000000248529
00600011000000000000000388330000000041171900005000000000864610
00600011000000000000000388340000000032330590005000000000678942
00600011000000000000000388350000000032991740005000000000692826
00600011000000000000000388360000000020661160005000000000433884
00600011000000000000000388370000000051504130005000000001081587
00600011000000000000000388380000000041322310005000000000867769
00600011000000000000000388390000000079338940005000000001666118
00600011000000000000000388400000000023933880005000000000502612
00600011000000000000000388410000000056462820005000000001185719
00600011000000000000000388420000000022545470005000000000473455
00600011000000000000000388430000000007190080005000000000150992
00600011000000000000000388440000000020099170005000000000422083
00600011000000000000000388450000000025719010005000000000540099
00600011000000000000000388460000000033322310005000000000699769
00600011000000000000000388470000000020661160005000000000433884
00600011000000000000000388480000000010842980005000000000227702
00600011000000000000000388490000000061685950005000000001295405
00600011000000000000000388500000000089196690005000000001873131
00600011000000000000000388510000000022347110005000000000469289
00600011000000000000000388520000000007190080005000000000150992
00600011000000000000000388530000000028165310005000000000591472
00600011000000000000000388540000000053950410005000000001132959
00600011000000000000000388550000000006917360005000000000145264
00600011000000000000000388560000000024132230005000000000506777
00600011000000000000000388570000000014082650005000000000295736
00600011000000000000000388580000000062231400005000000001306860
00600011000000000000000388590000000031272730005000000000656727
00600011000000000000000388600000000021950420005000000000460959
00600011000000000000000388610000000068545460005000000001439455
00600011000000000000000388620000000010710740005000000000224926
00600011000000000000000388630000000025652890005000000000538711
00600011000000000000000388640000000034776860005000000000730314
00600011000000000000000388650000000027900830005000000000585917
00600011000000000000000388660000000031206610005000000000655339
00600011000000000000000388670000000027504130005000000000577587
00600011000000000000000388680000000020495870005000000000430413
00600011000000000000000388690000000051173550005000000001074645
00600011000000000000000388700000000027768600005000000000583140
00600011000000000000000388710000000013090910005000000000274909
00600011000000000000000388720000000063867770005000000001341223
00600011000000000000000388730000000026710740005000000000560926
00600011000000000000000388740000000014876030005000000000312397
00600011000000000000000388750000000010330580005000000000216942
00600011000000000000000388760000000034909120005000000000733092
00600011000000000000000388770000000031859500005000000000669050
00600011000000000000000388780000000035173550005000000000738645
00600011000000000000000388790000000049454570005000000001038546
00600011000000000000000388800000000152330580005000000003198942
00600011000000000000000388810000000016462810005000000000345719
00600011000000000000000388820000000014876030005000000000312397
00600011000000000000000388830000000014876030005000000000312397
00600011000000000000000388840000000031859520005000000000669050
00600011000000000000000388850000000030413220005000000000638678
00600011000000000000000388860000000068694250005000000001442579
00600011000000000000000388870000000017702480005000000000371752
00600011000000000000000388880000000020661160005000000000433884
00600011000000000000000388890000000038640500005000000000811450
00600011000000000000000388900000000053223970005000000001117703
00600011000000000000000388910000000080826520005000000001697357
00600011000000000000000388920000000029950410005000000000628959
00600011000000000000000388930000000008347110005000000000175289
00600011000000000000000388940000000022413240005000000000470678
00600011000000000000000388950000000017454550005000000000366545
00600011000000000000000388960000000031487600005000000000661240
00600011000000000000000388970000000286809920005000000006023008
00600011000000000000000388980000000262545450005000000005513455
00600011000000000000000388990000000092099170005000000001934083
00600011000000000000000389000000000009090910005000000000190909
00600011000000000000000389010000000019305790005000000000405421
00600011000000000000000389020000000008925620005000000000187438
00600011000000000000000389030000000020661160005000000000433884
00600011000000000000000389040000000014876030005000000000312397
00600011000000000000000389050000000033966940005000000000713306
00600011000000000000000389060000000178644630005000000003751537
00600011000000000000000389070000000092396690005000000001940331
00600011000000000000000389080000000068264460005000000001433554
00600011000000000000000389090000000016264460005000000000341554
00600011000000000000000389100000000016429750005000000000345025
00600011000000000000000389110000000026528930005000000000557107
00600011000000000000000389120000000020661160005000000000433884
00600011000000000000000389130000000013223140005000000000277686
00600011000000000000000389140000000007190080005000000000150992
00600011000000000000000389150000000046214880005000000000970512
00600011000000000000000389160000000033462810005000000000702719
00600011000000000000000389170000000020661160005000000000433884
00600011000000000000000389180000000020661160005000000000433884
00600011000000000000000389190000000089041410005000000001869870
00600011000000000000000389200000000025801650005000000000541835
00600011000000000000000389210000000021867770005000000000459223
00600011000000000000000389220000000099008260005000000002079174
00600011000000000000000389230000000020661160005000000000433884
00600011000000000000000389240000000029884300005000000000627570
00600011000000000000000389250000000020661160005000000000433884
00600011000000000000000389260000000085958680005000000001805132
00600011000000000000000389270000000010165290005000000000213471
00600011000000000000000389280000000045619830005000000000958017
00600011000000000000000389290000000022338840005000000000469116
00600011000000000000000389300000000047603310005000000000999669
00600011000000000000000389310000000003966940005000000000083306
00600011000000000000000389320000000025057850005000000000526215
00600011000000000000000389330000000011322310005000000000237769
00600011000000000000000389340000000020661160005000000000433884
00600011000000000000000389350000000014876030005000000000312397
00600011000000000000000389360000000007190080005000000000150992
00600011000000000000000389370000000009338840005000000000196116
00600011000000000000000389380000000067190080005000000001410992
00600011000000000000000389390000000086181820005000000001809818
00600011000000000000000389400000000015537210005000000000326281
00600011000000000000000389410000000011173550005000000000234645
00600011000000000000000389420000000002314050005000000000048595
00600011000000000000000389430000000022148760005000000000465124
00600011000000000000000389440000000040991740005000000000860826
00600011000000000000000389450000000022148760005000000000465124
00600011000000000000000389460000000017438020005000000000366198
00600011000000000000000389470000000058201650005000000001222235
00600011000000000000000389480000000092495870005000000001942413
00600011000000000000000389490000000042330580005000000000888942
00600011000000000000000389500000000012330580005000000000258942
00600011000000000000000389510000000061157020005000000001284298
00600011000000000000000389520000000010661160005000000000223884
00600011000000000000000389530000000020661160005000000000433884
00600011000000000000000389540000000045818180005000000000962182
00600011000000000000000389550000000067438020005000000001416198
00600011000000000000000389560000000004181820005000000000087818
00600011000000000000000389570000000059702490005000000001253752
00600011000000000000000389580000000021239670005000000000446033
00600011000000000000000389590000000033801650005000000000709835
00600011000000000000000389600000000093082640005000000001954736
00600011000000000000000389610000000013884300005000000000291570
00600011000000000000000389620000000058016530005000000001218347
00600011000000000000000389630000000040495870005000000000850413
00600011000000000000000389640000000039495870005000000000829413
00600011000000000000000389650000000038760330005000000000813967
00600011000000000000000389660000000020661160005000000000433884
00600011000000000000000389670000000002950410005000000000061959
00600011000000000000000389680000000022876030005000000000480397
00600011000000000000000389690000000056495870005000000001186413
00600011000000000000000389700000000008099170005000000000170083
00600011000000000000000389710000000015099170005000000000317083
00600011000000000000000389720000000011404960005000000000239504
00600011000000000000000389730000000001487600005000000000031240
00600011000000000000000389740000000059107440005000000001241256
00600011000000000000000389750000000009917360005000000000208264
00600011000000000000000389760000000004553720005000000000095628
00600011000000000000000389770000000000297520005000000000006248
00600011000000000000000389780000000012694210005000000000266579
00600011000000000000000389790000000035238840005000000000740016
00600011000000000000000389800000000062876030005000000001320397
00600011000000000000000389810000000020863640005000000000438136
00600011000000000000000389820000000009917360005000000000208264
00600011000000000000000389830000000009371900005000000000196810
00600011000000000000000389840000000010933880005000000000229612
00600011000000000000000389850000000044049590005000000000925041
00600011000000000000000389860000000026942150005000000000565785
00600011000000000000000389870000000031652890005000000000664711
00600011000000000000000389880000000017851240005000000000374876
00600011000000000000000389890000000019008260005000000000399174
00600011000000000000000389900000000030661160005000000000643884
00600011000000000000000389910000000009454550005000000000198545
00600011000000000000000389920000000047768600005000000001003140
00600011000000000000000389930000000006842980005000000000143702
00600011000000000000000389940000000064958680005000000001364132
00600011000000000000000389950000000023471070005000000000492893
00600011000000000000000389960000000127709090005000000002681891
00600011000000000000000389970000000008925620005000000000187438
00600011000000000000000389980000000034644630005000000000727537
00600011000000000000000389990000000044776860005000000000940314
00600011000000000000000390000000000025289260005000000000531074
00600011000000000000000390010000000105785120005000000002221488
00600011000000000000000390020000000000297520005000000000006248
00600011000000000000000390030000000006694210005000000000140579
00600011000000000000000390040000000104099170005000000002186083
00600011000000000000000390050000000006471070005000000000135893
00600011000000000000000390060000000003512400005000000000073760
00600011000000000000000390070000000010016530005000000000210347
00600011000000000000000390080000000005743800005000000000120620
00600011000000000000000390090000000009553720005000000000200628
00600011000000000000000390100000000020661160005000000000433884
00600011000000000000000390110000000027041320005000000000567868
00600011000000000000000390120000000018512400005000000000388760
00600011000000000000000390130000000020661160005000000000433884
00600011000000000000000390140000000101900830005000000002139917
00600011000000000000000390150000000040826450005000000000857355
00600011000000000000000390160000000017768600005000000000373140
00600011000000000000000390170000000003421490005000000000071851
00600011000000000000000390180000000037107440005000000000779256
00600011000000000000000390190000000002175210005000000000045679
00600011000000000000000390200000000028264460005000000000593554
00600011000000000000000390210000000020661160005000000000433884
00600011000000000000000390220000000020661160005000000000433884
00600011000000000000000390230000000020661160005000000000433884
00600011000000000000000390240000000016132230005000000000338777
00600011000000000000000390250000000010264460005000000000215554
00600011000000000000000390260000000023305790005000000000489421
00600011000000000000000390270000000031487600005000000000661240
00600011000000000000000390280000000020661160005000000000433884
00600011000000000000000390290000000024595040005000000000516496
00600011000000000000000390300000000000001650005000000000000035
00600011000000000000000390310000000092066120005000000001933388
00600011000000000000000390320000000118099170005000000002480083
00600011000000000000000390330000000074322310005000000001560769
00600011000000000000000390340000000013239670005000000000278033
00600011000000000000000390350000000119471070005000000002508893
00600011000000000000000390360000000063966940005000000001343306
00600011000000000000000390370000000009917360005000000000208264
00600011000000000000000390380000000062231400005000000001306860
00600011000000000000000390390000000023099170005000000000485083
00600011000000000000000390400000000020661160005000000000433884
00600011000000000000000390410000000020661160005000000000433884
00600011000000000000000390420000000000001650005000000000000035
00600011000000000000000390430000000054876030005000000001152397
00600011000000000000000390440000000134050410005000000002815059
00600011000000000000000390450000000024371900005000000000511810
00600011000000000000000390460000000140082640005000000002941736
00600011000000000000000390470000000009917360005000000000208264
00600011000000000000000390480000000002314050005000000000048595
00600011000000000000000390490000000007553720005000000000158628
00600011000000000000000390500000000145148760005000000003048124
00600011000000000000000390510000000214793390005000000004510661
00600011000000000000000390520000000037438020005000000000786198
00600011000000000000000390530000000072892560005000000001530744
00600011000000000000000390540000000072892560005000000001530744
00600011000000000000000390550000000085780170005000000001801383
00600011000000000000000390560000000032806610005000000000688939
00600011000000000000000390570000000007355370005000000000154463
00600011000000000000000390580000000038200830005000000000802217
00600011000000000000000390590000000115701650005000000002429735
00600011000000000000000390600000000032743800005000000000687620
00600011000000000000000390610000000003016530005000000000063347
00600011000000000000000390620000000020661160005000000000433884
00600011000000000000000390630000000057933880005000000001216612
00600011000000000000000390640000000020908260005000000000439074
00600011000000000000000390650000000142148760005000000002985124
00800011000000000000000010510000000032198360005000000000676165
00800011000000000000000010520000000028033060005000000000588694
00800011000000000000000010530000000026942150005000000000565785
00800011000000000000000010540000000013276860005000000000278814
00800011000000000000000010550000000020661160005000000000433884
00800011000000000000000010560000000011338840005000000000238116
00800011000000000000000010570000000006305790005000000000132421
00800011000000000000000010580000000010041320005000000000210868
00800011000000000000000010590000000024545450005000000000515455
00800011000000000000000010600000000006006200005000000000126130
00800011000000000000000010610000000009975210005000000000209479
00800011000000000000000010620000000027768600005000000000583140
00800011000000000000000010630000000008991740005000000000188826
00800011000000000000000010640000000031859500005000000000669050
00800011000000000000000010650000000006917360005000000000145264
00800011000000000000000010660000000006694210005000000000140579
00800011000000000000000010670000000013239670005000000000278033
00100012000000000000000015860000000011735500005000000000246446
00100012000000000000000015870000000093785120005000000001969488
00100012000000000000000015880000000041388430005000000000869157
00100012000000000000000015890000000055743560005000000001170615
00100012000000000000000015900000000029504130005000000000619587
00100012000000000000000015910000000095685950005000000002009405
00100012000000000000000015920000000004380170005000000000091983
00100012000000000000000015930000000026033060005000000000546694
00100012000000000000000015940000000011239670005000000000236033
00100012000000000000000015950000000092793390005000000001948661
00100012000000000000000015960000000007520660005000000000157934
00100012000000000000000015970000000032727270005000000000687273
00100012000000000000000015980000000006611570005000000000138843
00100012000000000000000015990000000024628100005000000000517190
00100012000000000000000016000000000101066120005000000002122388
00100012000000000000000016010000000010586780005000000000222322
00100012000000000000000016020000000068826480005000000001445356
00100012000000000000000016030000000054710740005000000001148926
00100012000000000000000016040000000024297520005000000000510248
00100012000000000000000016050000000012958680005000000000272132
00100012000000000000000016060000000062148760005000000001305124
00100012000000000000000016070000000158917360005000000003337264
00100012000000000000000016080000000007231400005000000000151860
00100012000000000000000016090000000008595040005000000000180496
00100012000000000000000016100000000003586780005000000000075322
00100012000000000000000016110000000043719010005000000000918099
00100012000000000000000016120000000266512410005000000005596761
00100012000000000000000016130000000067834710005000000001424529
00100012000000000000000016140000000008264460005000000000173554
00100012000000000000000016150000000015371900005000000000322810
00100012000000000000000016160000000287338840005000000006034116
00100012000000000000000016170000000107371900005000000002254810
00100012000000000000000016180000000162041320005000000003402868
00100012000000000000000016190000000038876030005000000000816397
00100012000000000000000016200000000019090910005000000000400909
00300012000000000000000000660000000006778510005000000000142349
00600012000000000000000299540000000030061980005000000000631302
00600012000000000000000299550000000009669420005000000000203058
00600012000000000000000299560000000063876050005000000001341397
00600012000000000000000299570000000097057880005000000002038215
00600012000000000000000299580000000038082670005000000000799736
00600012000000000000000299590000000030148760005000000000633124
00600012000000000000000299600000000037355370005000000000784463
00600012000000000000000299610000000047074380005000000000988562
00600012000000000000000299620000000030677690005000000000644231
00600012000000000000000299630000000020661160005000000000433884
00600012000000000000000299640000000020661160005000000000433884
00600012000000000000000299650000000020661160005000000000433884
00600012000000000000000299660000000012099190005000000000254083
00600012000000000000000299670000000007933880005000000000166612
00600012000000000000000299680000000020661160005000000000433884
00600012000000000000000299690000000020661160005000000000433884
00600012000000000000000299700000000012603310005000000000264669
00600012000000000000000299710000000016264460005000000000341554
00600012000000000000000299720000000017719010005000000000372099
00600012000000000000000299730000000012495870005000000000262413
00600012000000000000000299740000000041586780005000000000873322
00600012000000000000000299750000000022942170005000000000481786
00600012000000000000000299760000000016925620005000000000355438
00600012000000000000000299770000000025190080005000000000528992
00600012000000000000000299780000000027768600005000000000583141
00600012000000000000000299790000000034628100005000000000727190
00600012000000000000000299800000000006677690005000000000140231
00600012000000000000000299810000000016735540005000000000351446
00600012000000000000000299820000000048066160005000000001009389
00600012000000000000000299830000000033123970005000000000695603
00600012000000000000000299840000000016198350005000000000340165
00600012000000000000000299850000000011074380005000000000232562
00600012000000000000000299860000000021024790005000000000441521
00600012000000000000000299870000000058578520005000000001230149
00600012000000000000000299880000000007074380005000000000148562
00600012000000000000000299890000000006876030005000000000144397
00600012000000000000000299900000000063338840005000000001330116
00600012000000000000000299910000000008859500005000000000186050
00600012000000000000000299920000000012760330005000000000267967
00600012000000000000000299930000000020661160005000000000433884
00600012000000000000000299940000000020661160005000000000433884
00600012000000000000000299950000000020661160005000000000433884
00600012000000000000000299960000000168859580005000000003546051
00600012000000000000000299970000000020661160005000000000433884
00600012000000000000000299980000000020661160005000000000433884
00600012000000000000000299990000000020661160005000000000433884
00600012000000000000000300000000000020661160005000000000433884
00600012000000000000000300010000000038942160005000000000817785
00600012000000000000000300020000000046148760005000000000969124
00600012000000000000000300030000000129652890005000000002722711
00600012000000000000000300040000000003223140005000000000067686
00600012000000000000000300050000000017388430005000000000365157
00600012000000000000000300060000000020661160005000000000433884
00600012000000000000000300070000000020661160005000000000433884
00600012000000000000000300080000000037000000005000000000777000
00600012000000000000000300090000000049801650005000000001045835
00600012000000000000000300100000000040582650005000000000852236
00600012000000000000000300110000000009297520005000000000195248
00600012000000000000000300120000000020661160005000000000433884
00600012000000000000000300130000000004818180005000000000101182
00600012000000000000000300140000000020661160005000000000433884
00600012000000000000000300150000000013983470005000000000293653
00600012000000000000000300160000000008776860005000000000184314
00600012000000000000000300170000000024380170005000000000511983
00600012000000000000000300180000000020661160005000000000433884
00600012000000000000000300190000000020661160005000000000433884
00600012000000000000000300200000000011074380005000000000232562
00600012000000000000000300210000000010115700005000000000212430
00600012000000000000000300220000000053289260005000000001119074
00600012000000000000000300230000000030454550005000000000639545
00600012000000000000000300240000000065785120005000000001381488
00600012000000000000000300250000000006033060005000000000126694
00600012000000000000000300260000000020661160005000000000433884
00600012000000000000000300270000000007735540005000000000162446
00600012000000000000000300280000000009818180005000000000206182
00600012000000000000000300290000000020661160005000000000433884
00600012000000000000000300300000000002479340005000000000052066
00600012000000000000000300310000000007884300005000000000165570
00600012000000000000000300320000000020661160005000000000433884
00600012000000000000000300330000000004462810005000000000093719
00600012000000000000000300340000000073586780005000000001545322
00600012000000000000000300350000000020661160005000000000433884
00600012000000000000000300360000000159504130005000000003349587
00600012000000000000000300370000000020661160005000000000433884
00600012000000000000000300380000000038281000005000000000803901
00600012000000000000000300390000000037884300005000000000795570
00600012000000000000000300400000000020661160005000000000433884
00600012000000000000000300410000000008553720005000000000179628
00600012000000000000000300420000000023859500005000000000501050
00600012000000000000000300430000000000892560005000000000018744
00600012000000000000000300440000000020661160005000000000433884
00600012000000000000000300450000000012603310005000000000264669
00600012000000000000000300460000000020661160005000000000433884
00600012000000000000000300470000000020661160005000000000433884
00600012000000000000000300480000000078628100005000000001651190
00600012000000000000000300490000000080776860005000000001696314
00600012000000000000000300500000000023669420005000000000497058
00600012000000000000000300510000000027230580005000000000571842
00600012000000000000000300520000000004016530005000000000084347
00600012000000000000000300530000000017851240005000000000374876
00600012000000000000000300540000000020661160005000000000433884
00600012000000000000000300550000000008429750005000000000177025
00600012000000000000000300560000000007190080005000000000150992
00600012000000000000000300570000000020661160005000000000433884
00600012000000000000000300580000000020661160005000000000433884
00600012000000000000000300590000000025123970005000000000527603
00600012000000000000000300600000000041983470005000000000881653
00600012000000000000000300610000000043570280005000000000914976
00600012000000000000000300620000000018842980005000000000395702
00600012000000000000000300630000000049231430005000000001033860
00600012000000000000000300640000000020661160005000000000433884
00600012000000000000000300650000000028636390005000000000601364
00600012000000000000000300660000000013462810005000000000282719
00600012000000000000000300670000000012272730005000000000257727
00600012000000000000000300680000000020661160005000000000433884
00600012000000000000000300690000000009917360005000000000208264
00600012000000000000000300700000000008702480005000000000182752
00600012000000000000000300710000000041322310005000000000867769
00600012000000000000000300720000000020661160005000000000433884
00600012000000000000000300730000000009520660005000000000199934
00600012000000000000000300740000000007214880005000000000151512
00600012000000000000000300750000000037743830005000000000792621
00600012000000000000000300760000000020661160005000000000433884
00600012000000000000000300770000000034561980005000000000725802
00600012000000000000000300780000000020661160005000000000433884
00600012000000000000000300790000000071735540005000000001506446
00600012000000000000000300800000000020041320005000000000420868
00600012000000000000000300810000000035966940005000000000755306
00600012000000000000000300820000000011074380005000000000232562
00600012000000000000000300830000000066198350005000000001390165
00600012000000000000000300840000000020661160005000000000433884
00600012000000000000000300850000000020661160005000000000433884
00600012000000000000000300860000000014710740005000000000308926
00600012000000000000000300870000000021644630005000000000454537
00600012000000000000000300880000000020661160005000000000433884
00600012000000000000000300890000000020661160005000000000433884
00600012000000000000000300900000000006611570005000000000138843
00600012000000000000000300910000000002314050005000000000048595
00600012000000000000000300920000000020661160005000000000433884
00600012000000000000000300930000000019998350005000000000419965
00600012000000000000000300940000000020661160005000000000433884
00600012000000000000000300950000000020661160005000000000433884
00600012000000000000000300960000000048760340005000000001023967
00600012000000000000000300970000000020661160005000000000433884
00600012000000000000000300980000000018297520005000000000384248
00600012000000000000000300990000000018148760005000000000381124
00600012000000000000000301000000000103756210005000000002178881
00600012000000000000000301010000000020661160005000000000433884
00600012000000000000000301020000000020661160005000000000433884
00600012000000000000000301030000000020661160005000000000433884
00600012000000000000000301040000000028925620005000000000607438
00600012000000000000000301050000000046851240005000000000983876
00600012000000000000000301060000000020661160005000000000433884
00600012000000000000000301070000000016528930005000000000347107
00600012000000000000000301080000000020661160005000000000433884
00600012000000000000000301090000000020661160005000000000433884
00600012000000000000000301100000000012272730005000000000257727
00600012000000000000000301110000000032619830005000000000685017
00600012000000000000000301120000000008479340005000000000178066
00600012000000000000000301130000000021404950005000000000449504
00600012000000000000000301140000000020661160005000000000433884
00600012000000000000000301150000000031373230005000000000658838
00600012000000000000000301160000000012644630005000000000265537
00600012000000000000000301170000000014099170005000000000296083
00600012000000000000000301180000000020661160005000000000433884
00600012000000000000000301190000000020661160005000000000433884
00600012000000000000000301200000000020661160005000000000433884
00600012000000000000000301210000000008264460005000000000173554
00600012000000000000000301220000000027181820005000000000570818
00600012000000000000000301230000000028884300005000000000606570
00600012000000000000000301240000000018842980005000000000395702
00600012000000000000000301250000000020661160005000000000433884
00600012000000000000000301260000000020661160005000000000433884
00600012000000000000000301270000000000859500005000000000018050
00600012000000000000000301280000000020661160005000000000433884
00600012000000000000000301290000000008264460005000000000173554
00600012000000000000000301300000000019338840005000000000406116
00600012000000000000000301310000000034628100005000000000727190
00600012000000000000000301320000000045028930005000000000945607
00600012000000000000000301330000000031330580005000000000657942
00600012000000000000000301340000000008008260005000000000168174
00600012000000000000000301350000000011801650005000000000247835
00600012000000000000000301360000000088475110005000000001857977
00600012000000000000000301370000000008925620005000000000187438
00600012000000000000000301380000000020661160005000000000433884
00600012000000000000000301390000000020661160005000000000433884
00600012000000000000000301400000000020661160005000000000433884
00600012000000000000000301410000000068595020005000000001440496
00600012000000000000000301420000000001966940005000000000041306
00600012000000000000000301430000000033859500005000000000711050
00600012000000000000000301440000000014462810005000000000303719
00600012000000000000000301450000000001041320005000000000021868
00600012000000000000000301460000000020661160005000000000433884
00600012000000000000000301470000000020661160005000000000433884
00600012000000000000000301480000000020661160005000000000433884
00600012000000000000000301490000000020661160005000000000433884
00600012000000000000000301500000000008264460005000000000173554
00600012000000000000000301510000000017652890005000000000370711
00600012000000000000000301520000000070743800005000000001485620
00600012000000000000000301530000000016528930005000000000347107
00600012000000000000000301540000000079471070005000000001668893
00600012000000000000000301550000000043818180005000000000920182
00600012000000000000000301560000000035041320005000000000735868
00600012000000000000000301570000000037851240005000000000794876
00600012000000000000000301580000000007074380005000000000148562
00600012000000000000000301590000000023140500005000000000485950
00600012000000000000000301600000000008264460005000000000173554
00600012000000000000000301610000000073223140005000000001537686
00600012000000000000000301620000000066909090005000000001405091
00600012000000000000000301630000000029008260005000000000609174
00600012000000000000000301640000000008264460005000000000173554
00600012000000000000000301650000000011041330005000000000231868
00600012000000000000000301660000000008223140005000000000172686
00600012000000000000000301670000000008223140005000000000172686
00600012000000000000000301680000000009421490005000000000197851
00600012000000000000000301690000000039280990005000000000824901
00600012000000000000000301700000000011338840005000000000238116
00600012000000000000000301710000000075223140005000000001579686
00600012000000000000000301720000000032140500005000000000674950
00600012000000000000000301730000000011074380005000000000232562
00600012000000000000000301740000000162049590005000000003403041
00600012000000000000000301750000000010330580005000000000216942
00600012000000000000000301760000000048115720005000000001010430
00600012000000000000000301770000000119421490005000000002507851
00600012000000000000000301780000000016066120005000000000337388
00600012000000000000000301790000000085157020005000000001788298
00600012000000000000000301800000000023743800005000000000498620
00600012000000000000000301810000000041900830005000000000879917
00600012000000000000000301820000000151234710005000000003175929
00600012000000000000000301830000000044247930005000000000929207
00600012000000000000000301840000000093851240005000000001970876
00600012000000000000000301850000000018115700005000000000380430
00600012000000000000000301860000000052429800005000000001101026
00600012000000000000000301870000000118016530005000000002478347
00600012000000000000000301880000000024516560005000000000514848
00600012000000000000000301890000000124917360005000000002623264
00600012000000000000000301900000000071338840005000000001498116
00600012000000000000000301910000000008223140005000000000172686
00600012000000000000000301920000000019438020005000000000408198
00600012000000000000000301930000000028842980005000000000605702
00600012000000000000000301940000000008016530005000000000168347
00600012000000000000000301950000000011239670005000000000236033
00600012000000000000000301960000000002479340005000000000052066
00600012000000000000000301970000000091983470005000000001931653
00600012000000000000000301980000000038425620005000000000806938
00600012000000000000000301990000000153933880005000000003232612
00600012000000000000000302000000000066942150005000000001405785
00600012000000000000000302010000000004876030005000000000102397
00600012000000000000000302020000000063966940005000000001343306
00600012000000000000000302030000000008264460005000000000173554
00600012000000000000000302040000000011570250005000000000242975
00600012000000000000000302050000000015280990005000000000320901
00600012000000000000000302060000000009917360005000000000208264
00600012000000000000000302070000000008264460005000000000173554
00600012000000000000000302080000000053063500005000000001114334
00600012000000000000000302090000000014049590005000000000295041
00600012000000000000000302100000000018677690005000000000392231
00600012000000000000000302110000000008256200005000000000173380
00600012000000000000000302120000000020661160005000000000433884
00600012000000000000000302130000000020661160005000000000433884
00600012000000000000000302140000000027533500005000000000578204
00600012000000000000000302150000000040553720005000000000851628
00600012000000000000000302160000000108066120005000000002269388
00600012000000000000000302170000000020661160005000000000433884
00600012000000000000000302180000000023971070005000000000503393
00600012000000000000000302190000000004338840005000000000091116
00600012000000000000000302200000000020661160005000000000433884
00600012000000000000000302210000000020661160005000000000433884
00600012000000000000000302220000000004793390005000000000100661
00600012000000000000000302230000000048727270005000000001023273
00600012000000000000000302240000000009388430005000000000197157
00600012000000000000000302250000000053768600005000000001129141
00600012000000000000000302260000000008595040005000000000180496
00600012000000000000000302270000000016925620005000000000355438
00600012000000000000000302280000000012429770005000000000261025
00600012000000000000000302290000000016793390005000000000352661
00600012000000000000000302300000000027438020005000000000576198
00600012000000000000000302310000000010785120005000000000226488
00600012000000000000000302320000000020661160005000000000433884
00600012000000000000000302330000000015314050005000000000321595
00600012000000000000000302340000000018049600005000000000379042
00600012000000000000000302350000000035371900005000000000742810
00600012000000000000000302360000000015008260005000000000315174
00600012000000000000000302370000000020661160005000000000433884
00600012000000000000000302380000000035239670005000000000740033
00600012000000000000000302390000000038090910005000000000799909
00600012000000000000000302400000000033338840005000000000700116
00600012000000000000000302410000000007190080005000000000150992
00600012000000000000000302420000000084743840005000000001779621
00600012000000000000000302430000000029537190005000000000620281
00600012000000000000000302440000000052942150005000000001111785
00600012000000000000000302450000000024677690005000000000518231
00600012000000000000000302460000000021561980005000000000452802
00600012000000000000000302470000000007735540005000000000162446
00600012000000000000000302480000000099710740005000000002093926
00600012000000000000000302490000000049314050005000000001035595
00600012000000000000000302500000000020628100005000000000433190
00600012000000000000000302510000000029322320005000000000615769
00600012000000000000000302520000000032528930005000000000683107
00600012000000000000000302530000000011107450005000000000233256
00600012000000000000000302540000000015140510005000000000317951
00600012000000000000000302550000000007375910005000000000154894
00600012000000000000000302560000000021743800005000000000456620
00600012000000000000000302570000000079008260005000000001659174
00600012000000000000000302580000000070876030005000000001488397
00600012000000000000000302590000000077545450005000000001628455
00600012000000000000000302600000000031735580005000000000666447
00600012000000000000000302610000000046041320005000000000966868
00600012000000000000000302620000000065454580005000000001374546
00600012000000000000000302630000000027438050005000000000576199
00600012000000000000000302640000000074520660005000000001564934
00600012000000000000000302650000000051438030005000000001080199
00600012000000000000000302660000000022830600005000000000479443
00600012000000000000000302670000000086661160005000000001819884
00600012000000000000000302680000000031983470005000000000671653
00600012000000000000000302690000000010446280005000000000219372
00600012000000000000000302700000000009190080005000000000192992
00600012000000000000000302710000000093636360005000000001966364
00600012000000000000000302720000000015867770005000000000333223
00600012000000000000000302730000000088661160005000000001861884
00600012000000000000000302740000000020892580005000000000438744
00600012000000000000000302750000000045157020005000000000948298
00600012000000000000000302760000000020661160005000000000433884
00600012000000000000000302770000000027933880005000000000586612
00600012000000000000000302780000000013553720005000000000284628
00600012000000000000000302790000000023140500005000000000485950
00600012000000000000000302800000000013553720005000000000284628
00600012000000000000000302810000000073740500005000000001548550
00600012000000000000000302820000000015619840005000000000328017
00600012000000000000000302830000000039330580005000000000825942
00600012000000000000000302840000000006876030005000000000144397
00600012000000000000000302850000000008016530005000000000168347
00600012000000000000000302860000000020661160005000000000433884
00600012000000000000000302870000000018644630005000000000391537
00600012000000000000000302880000000024049590005000000000505041
00600012000000000000000302890000000007797520005000000000163748
00600012000000000000000302900000000020033060005000000000420694
00600012000000000000000302910000000035305790005000000000741422
00600012000000000000000302920000000119537190005000000002510281
00600012000000000000000302930000000043438020005000000000912198
00600012000000000000000302940000000015537190005000000000326281
00600012000000000000000302950000000010330580005000000000216942
00600012000000000000000302960000000040842980005000000000857702
00600012000000000000000302970000000057586790005000000001209323
00600012000000000000000302980000000050181870005000000001053819
00600012000000000000000302990000000014190080005000000000297992
00600012000000000000000303000000000023867770005000000000501223
00600012000000000000000303010000000031735540005000000000666446
00600012000000000000000303020000000054611570005000000001146843
00600012000000000000000303030000000019173550005000000000402645
00600012000000000000000303040000000015206610005000000000319339
00600012000000000000000303050000000014148760005000000000297124
00600012000000000000000303060000000033338840005000000000700116
00600012000000000000000303070000000007190080005000000000150992
00600012000000000000000303080000000008223140005000000000172686
00600012000000000000000303090000000176533060005000000003707194
00600012000000000000000303100000000075938020005000000001594698
00600012000000000000000303110000000012363640005000000000259636
00600012000000000000000303120000000032752070005000000000687793
00600012000000000000000303130000000020661160005000000000433884
00600012000000000000000303140000000020661160005000000000433884
00600012000000000000000303150000000006619830005000000000139017
00600012000000000000000303160000000013512400005000000000283760
00600012000000000000000303170000000022975210005000000000482479
00600012000000000000000303180000000020661160005000000000433884
00600012000000000000000303190000000165289260005000000003471074
00600012000000000000000303200000000020661160005000000000433884
00600012000000000000000303210000000020661160005000000000433884
00600012000000000000000303220000000020661160005000000000433884
00600012000000000000000303230000000018842980005000000000395702
00600012000000000000000303240000000008677690005000000000182231
00600012000000000000000303250000000091768600005000000001927140
00600012000000000000000303260000000088132230005000000001850777
00600012000000000000000303270000000045553720005000000000956628
00600012000000000000000303280000000060297520005000000001266248
00600012000000000000000303290000000004223140005000000000088686
00600012000000000000000303300000000008264460005000000000173554
00600012000000000000000303310000000020661160005000000000433884
00600012000000000000000303320000000007933880005000000000166612
00600012000000000000000303330000000058239690005000000001223033
00600012000000000000000303340000000019768600005000000000415140
00600012000000000000000303350000000007132230005000000000149777
00600012000000000000000303360000000013553720005000000000284628
00600012000000000000000303370000000011652890005000000000244711
00600012000000000000000303380000000040793390005000000000856661
00600012000000000000000303390000000050752090005000000001065794
00600012000000000000000303400000000019504170005000000000409588
00600012000000000000000303410000000022066120005000000000463388
00600012000000000000000303420000000023954550005000000000503045
00600012000000000000000303430000000007214880005000000000151512
00600012000000000000000303440000000083454630005000000001752547
00600012000000000000000303450000000025041320005000000000525868
00600012000000000000000303460000000027115700005000000000569430
00600012000000000000000303470000000015338840005000000000322116
00600012000000000000000303480000000023603310005000000000495669
00600012000000000000000303490000000155785120005000000003271488
00600012000000000000000303500000000048991740005000000001028826
00600012000000000000000303510000000017685950005000000000371405
00600012000000000000000303520000000008264460005000000000173554
00600012000000000000000303530000000008925620005000000000187438
00600012000000000000000303540000000021735540005000000000456446
00600012000000000000000303550000000079140520005000000001661951
00600012000000000000000303560000000072314090005000000001518596
00600012000000000000000303570000000013966940005000000000293306
00600012000000000000000303580000000004925620005000000000103438
00600012000000000000000303590000000002586780005000000000054322
00600012000000000000000303600000000008264460005000000000173554
00600012000000000000000303610000000008264460005000000000173554
00600012000000000000000303620000000116776860005000000002452314
00600012000000000000000303630000000053553720005000000001124628
00600012000000000000000303640000000052727270005000000001107273
00600012000000000000000303650000000015619830005000000000328017
00600012000000000000000303660000000020595040005000000000432496
00600012000000000000000303670000000035867780005000000000753223
00600012000000000000000303680000000008264460005000000000173554
00600012000000000000000303690000000015702480005000000000329752
00600012000000000000000303700000000006611570005000000000138843
00600012000000000000000303710000000025123970005000000000527603
00600012000000000000000303720000000020661160005000000000433884
00600012000000000000000303730000000008264460005000000000173554
00600012000000000000000303740000000021570250005000000000452975
00600012000000000000000303750000000007603310005000000000159669
00600012000000000000000303760000000007256200005000000000152380
00600012000000000000000303770000000014289260005000000000300074
00600012000000000000000303780000000010247930005000000000215207
00600012000000000000000303790000000366148760005000000007689124
00600012000000000000000303800000000021652910005000000000454711
00600012000000000000000303810000000051487600005000000001081240
00600012000000000000000303820000000011652890005000000000244711
00600012000000000000000303830000000040578510005000000000852149
00600012000000000000000303840000000036388430005000000000764157
00600012000000000000000303850000000013074380005000000000274562
00600012000000000000000303860000000004958680005000000000104132
00600012000000000000000303870000000122247940005000000002567207
00600012000000000000000303880000000002595040005000000000054496
00600012000000000000000303890000000008966940005000000000188306
00600012000000000000000303900000000024198350005000000000508165
00600012000000000000000303910000000057474380005000000001206962
00600012000000000000000303920000000008264460005000000000173554
00600012000000000000000303930000000007603310005000000000159669
00600012000000000000000303940000000090826450005000000001907355
00600012000000000000000303950000000016446280005000000000345372
00600012000000000000000303960000000008264460005000000000173554
00600012000000000000000303970000000024938020005000000000523698
00600012000000000000000303980000000002314050005000000000048595
00600012000000000000000303990000000045454550005000000000954545
00600012000000000000000304000000000017603300005000000000369669
00600012000000000000000304010000000010041320005000000000210868
00600012000000000000000304020000000018347110005000000000385289
00600012000000000000000304030000000018925620005000000000397438
00600012000000000000000304040000000108677690005000000002282231
00600012000000000000000304050000000014876030005000000000312397
00600012000000000000000304060000000005429750005000000000114025
00600012000000000000000304070000000075322310005000000001581769
00600012000000000000000304080000000056942150005000000001195785
00600012000000000000000304090000000034351240005000000000721376
00600012000000000000000304100000000051818180005000000001088182
00600012000000000000000304110000000038859500005000000000816050
00600012000000000000000304120000000010330580005000000000216942
00600012000000000000000304130000000010330580005000000000216942
00600012000000000000000304140000000010330580005000000000216942
00600012000000000000000304150000000010338840005000000000217116
00600012000000000000000304160000000010330580005000000000216942
00600012000000000000000304170000000069685950005000000001463405
00600012000000000000000304180000000036280990005000000000761901
00600012000000000000000304190000000062859510005000000001320050
00600012000000000000000304200000000010826450005000000000227355
00600012000000000000000304210000000056595060005000000001188496
00600012000000000000000304220000000025983490005000000000545653
00600012000000000000000304230000000009917360005000000000208264
00600012000000000000000304240000000023305790005000000000489421
00600012000000000000000304250000000053710740005000000001127926
00600012000000000000000304260000000082421490005000000001730851
00600012000000000000000304270000000090826450005000000001907355
00600012000000000000000304280000000010595040005000000000222496
00600012000000000000000304290000000037991740005000000000797826
00600012000000000000000304300000000020603310005000000000432669
00600012000000000000000304310000000018896690005000000000396831
00600012000000000000000304320000000031892560005000000000669744
00600012000000000000000304330000000037304130005000000000783387
00600012000000000000000304340000000021198350005000000000445165
00600012000000000000000304350000000041008260005000000000861174
00600012000000000000000304360000000025537220005000000000536282
00600012000000000000000304370000000058132230005000000001220777
00600012000000000000000304380000000013471070005000000000282893
00600012000000000000000304390000000033057850005000000000694215
00600012000000000000000304400000000020661160005000000000433884
00600012000000000000000304410000000052481590005000000001102113
00600012000000000000000304420000000022644630005000000000475537
00600012000000000000000304430000000037033060005000000000777694
00600012000000000000000304440000000029371900005000000000616810
00600012000000000000000304450000000017033060005000000000357694
00600012000000000000000304460000000098909120005000000002077092
00600012000000000000000304470000000016198350005000000000340165
00600012000000000000000304480000000011157020005000000000234298
00600012000000000000000304490000000005429750005000000000114025
00600012000000000000000304500000000026115700005000000000548430
00600012000000000000000304510000000110148810005000000002313125
00600012000000000000000304520000000020991740005000000000440826
00600012000000000000000304530000000058239670005000000001223033
00600012000000000000000304540000000052438020005000000001101198
00600012000000000000000304550000000150578510005000000003162149
00600012000000000000000304560000000137933880005000000002896612
00600012000000000000000304570000000065371900005000000001372810
00600012000000000000000304580000000022148760005000000000465124
00600012000000000000000304590000000030330570005000000000636942
00600012000000000000000304600000000060330600005000000001266943
00600012000000000000000304610000000009917360005000000000208264
00600012000000000000000304620000000049421490005000000001037851
00600012000000000000000304630000000035429750005000000000744025
00600012000000000000000304640000000012603310005000000000264669
00600012000000000000000304650000000028661160005000000000601884
00600012000000000000000304660000000013909090005000000000292091
00600012000000000000000304670000000013462810005000000000282719
00600012000000000000000304680000000029834710005000000000626529
00600012000000000000000304690000000010661160005000000000223884
00600012000000000000000304700000000013471070005000000000282893
00600012000000000000000304710000000016611570005000000000348843
00600012000000000000000304720000000061752070005000000001296793
00600012000000000000000304730000000013950410005000000000292959
00600012000000000000000304740000000008264460005000000000173554
00600012000000000000000304750000000024380170005000000000511983
00600012000000000000000304760000000028231440005000000000592860
00600012000000000000000304770000000008264460005000000000173554
00800012000000000000000009180000000009057850005000000000190215
00800012000000000000000009190000000045028930005000000000945607
00800012000000000000000009200000000006677690005000000000140231
00800012000000000000000009210000000162049590005000000003403041
00800012000000000000000009220000000008442150005000000000177285
00800012000000000000000009230000000033338840005000000000700116
00800012000000000000000009240000000043442150005000000000912285
00800012000000000000000009250000000007375910005000000000154894
00800012000000000000000009260000000008099170005000000000170083
00800012000000000000000009270000000005830580005000000000122442
00800012000000000000000009280000000019173550005000000000402645
00800012000000000000000009290000000001962810005000000000041219
00800012000000000000000009300000000053710740005000000001127926
00800012000000000000000009310000000018896690005000000000396831
00100013000000000000000012810000000113801650005000000002389835
00100013000000000000000012820000000031735540005000000000666446
00100013000000000000000012830000000003099170005000000000065083
00100013000000000000000012840000000008264460005000000000173554
00100013000000000000000012850000000190606000005000000004002726
00100013000000000000000012860000000003099170005000000000065083
00100013000000000000000012870000000036033100005000000000756695
00100013000000000000000012880000000062545520005000000001313456
00100013000000000000000012890000000064818220005000000001361183
00100013000000000000000012900000000240909090005000000005059091
00100013000000000000000012910000000099541670005000000002090375
00100013000000000000000012920000000082727270005000000001737273
00100013000000000000000012930000000133239800005000000002798036
00300013000000000000000000630000000008264460005000000000173554
00600013000000000000000326710000000076297520005000000001602248
00600013000000000000000326720000000018595040005000000000390496
00600013000000000000000326730000000084561990005000000001775802
00600013000000000000000326740000000037884300005000000000795570
00600013000000000000000326750000000047735580005000000001002447
00600013000000000000000326760000000029586800005000000000621323
00600013000000000000000326770000000053966940005000000001133306
00600013000000000000000326780000000052644630005000000001105537
00600013000000000000000326790000000020661160005000000000433884
00600013000000000000000326800000000020661160005000000000433884
00600013000000000000000326810000000011570250005000000000242975
00600013000000000000000326820000000064132230005000000001346777
00600013000000000000000326830000000008016530005000000000168347
00600013000000000000000326840000000138347110005000000002905289
00600013000000000000000326850000000044628100005000000000937190
00600013000000000000000326860000000035305790005000000000741421
00600013000000000000000326870000000047669420005000000001001058
00600013000000000000000326880000000055768600005000000001171140
00600013000000000000000326890000000011735540005000000000246446
00600013000000000000000326900000000014628100005000000000307190
00600013000000000000000326910000000041917360005000000000880264
00600013000000000000000326920000000020661160005000000000433884
00600013000000000000000326930000000006471070005000000000135893
00600013000000000000000326940000000039206610005000000000823339
00600013000000000000000326950000000017355400005000000000364463
00600013000000000000000326960000000043471070005000000000912893
00600013000000000000000326970000000021355370005000000000448463
00600013000000000000000326980000000038702480005000000000812752
00600013000000000000000326990000000029752070005000000000624793
00600013000000000000000327000000000003421490005000000000071851
00600013000000000000000327010000000046528930005000000000977107
00600013000000000000000327020000000043471070005000000000912893
00600013000000000000000327030000000044396690005000000000932331
00600013000000000000000327040000000053355370005000000001120463
00600013000000000000000327050000000051322310005000000001077769
00600013000000000000000327060000000034504130005000000000724587
00600013000000000000000327070000000011661160005000000000244884
00600013000000000000000327080000000016611570005000000000348843
00600013000000000000000327090000000018578510005000000000390149
00600013000000000000000327100000000021735540005000000000456446
00600013000000000000000327110000000025851240005000000000542876
00600013000000000000000327120000000019049590005000000000400041
00600013000000000000000327130000000032066120005000000000673388
00600013000000000000000327140000000033859470005000000000711049
00600013000000000000000327150000000020421510005000000000428852
00600013000000000000000327160000000104669420005000000002198058
00600013000000000000000327170000000025124000005000000000527604
00600013000000000000000327180000000002669420005000000000056058
00600013000000000000000327190000000024462810005000000000513719
00600013000000000000000327200000000016776860005000000000352314
00600013000000000000000327210000000011404960005000000000239504
00600013000000000000000327220000000013636360005000000000286364
00600013000000000000000327230000000015371900005000000000322810
00600013000000000000000327240000000024884300005000000000522570
00600013000000000000000327250000000007685950005000000000161405
00600013000000000000000327260000000025785100005000000000541487
00600013000000000000000327270000000066942150005000000001405785
00600013000000000000000327280000000002702480005000000000056752
00600013000000000000000327290000000018578510005000000000390149
00600013000000000000000327300000000075867770005000000001593223
00600013000000000000000327310000000009090910005000000000190909
00600013000000000000000327320000000043272730005000000000908727
00600013000000000000000327330000000032330580005000000000678942
00600013000000000000000327340000000013388430005000000000281157
00600013000000000000000327350000000008280990005000000000173901
00600013000000000000000327360000000016595040005000000000348496
00600013000000000000000327370000000014876030005000000000312397
00600013000000000000000327380000000026446280005000000000555372
00600013000000000000000327390000000034793390005000000000730661
00600013000000000000000327400000000111008330005000000002331175
00600013000000000000000327410000000004173550005000000000087645
00600013000000000000000327420000000042314050005000000000888595
00600013000000000000000327430000000050826450005000000001067355
00600013000000000000000327440000000085950420005000000001804959
00600013000000000000000327450000000029995840005000000000629913
00600013000000000000000327460000000028731410005000000000603360
00600013000000000000000327470000000046611570005000000000978843
00600013000000000000000327480000000018776880005000000000394315
00600013000000000000000327490000000021487600005000000000451240
00600013000000000000000327500000000002702480005000000000056752
00600013000000000000000327510000000031892560005000000000669744
00600013000000000000000327520000000020661160005000000000433884
00600013000000000000000327530000000023355370005000000000490463
00600013000000000000000327540000000062801650005000000001318835
00600013000000000000000327550000000073603340005000000001545670
00600013000000000000000327560000000060826490005000000001277356
00600013000000000000000327570000000042380170005000000000889983
00600013000000000000000327580000000040537190005000000000851281
00600013000000000000000327590000000024793410005000000000520662
00600013000000000000000327600000000022892560005000000000480744
00600013000000000000000327610000000001966940005000000000041306
00600013000000000000000327620000000003628100005000000000076190
00600013000000000000000327630000000007603310005000000000159669
00600013000000000000000327640000000050843000005000000001067703
00600013000000000000000327650000000043471070005000000000912893
00600013000000000000000327660000000002702480005000000000056752
00600013000000000000000327670000000002634710005000000000055329
00600013000000000000000327680000000015206610005000000000319339
00600013000000000000000327690000000014876030005000000000312397
00600013000000000000000327700000000020661160005000000000433884
00600013000000000000000327710000000004628100005000000000097190
00600013000000000000000327720000000020661160005000000000433884
00600013000000000000000327730000000008223140005000000000172686
00600013000000000000000327740000000030727270005000000000645273
00600013000000000000000327750000000026181820005000000000549818
00600013000000000000000327760000000028842980005000000000605702
00600013000000000000000327770000000012504130005000000000262587
00600013000000000000000327780000000224297520005000000004710248
00600013000000000000000327790000000004628100005000000000097190
00600013000000000000000327800000000028429750005000000000597025
00600013000000000000000327810000000009504130005000000000199587
00600013000000000000000327820000000020661160005000000000433884
00600013000000000000000327830000000103611570005000000002175843
00600013000000000000000327840000000014365700005000000000301680
00600013000000000000000327850000000045371900005000000000952810
00600013000000000000000327860000000065165290005000000001368471
00600013000000000000000327870000000019338840005000000000406116
00600013000000000000000327880000000052396690005000000001100331
00600013000000000000000327890000000018347110005000000000385289
00600013000000000000000327900000000017685950005000000000371405
00600013000000000000000327910000000035950410005000000000754959
00600013000000000000000327920000000026776860005000000000562314
00600013000000000000000327930000000013966940005000000000293306
00600013000000000000000327940000000010884300005000000000228570
00600013000000000000000327950000000048066160005000000001009389
00600013000000000000000327960000000092276860005000000001937814
00600013000000000000000327970000000020661160005000000000433884
00600013000000000000000327980000000018719010005000000000393099
00600013000000000000000327990000000013636360005000000000286364
00600013000000000000000328000000000021570250005000000000452975
00600013000000000000000328010000000016214880005000000000340512
00600013000000000000000328020000000041119830005000000000863517
00600013000000000000000328030000000008223140005000000000172686
00600013000000000000000328040000000012892560005000000000270744
00600013000000000000000328050000000214892560005000000004512744
00600013000000000000000328060000000063636360005000000001336364
00600013000000000000000328070000000041119830005000000000863517
00600013000000000000000328080000000008223140005000000000172686
00600013000000000000000328090000000019834710005000000000416529
00600013000000000000000328100000000047933880005000000001006612
00600013000000000000000328110000000042297520005000000000888248
00600013000000000000000328120000000037938020005000000000796698
00600013000000000000000328130000000007958680005000000000167132
00600013000000000000000328140000000031194210005000000000655079
00600013000000000000000328150000000051140500005000000001073950
00600013000000000000000328160000000060562060005000000001271803
00600013000000000000000328170000000051983470005000000001091653
00600013000000000000000328180000000009793390005000000000205661
00600013000000000000000328190000000011735540005000000000246446
00600013000000000000000328200000000043041320005000000000903868
00600013000000000000000328210000000066578510005000000001398149
00600013000000000000000328220000000020413220005000000000428678
00600013000000000000000328230000000010413220005000000000218678
00600013000000000000000328240000000131239670005000000002756033
00600013000000000000000328250000000043305790005000000000909421
00600013000000000000000328260000000015867770005000000000333223
00600013000000000000000328270000000048595040005000000001020496
00600013000000000000000328280000000031983470005000000000671653
00600013000000000000000328290000000022834710005000000000479529
00600013000000000000000328300000000022584710005000000000474279
00600013000000000000000328310000000029834710005000000000626529
00600013000000000000000328320000000006280990005000000000131901
00600013000000000000000328330000000025454550005000000000534545
00600013000000000000000328340000000049388450005000000001037158
00600013000000000000000328350000000020661160005000000000433884
00600013000000000000000328360000000014793390005000000000310661
00600013000000000000000328370000000013190080005000000000276992
00600013000000000000000328380000000034644630005000000000727537
00600013000000000000000328390000000022231400005000000000466860
00600013000000000000000328400000000019768600005000000000415140
00600013000000000000000328410000000038033060005000000000798694
00600013000000000000000328420000000028099200005000000000590083
00600013000000000000000328430000000082578510005000000001734149
00600013000000000000000328440000000021504130005000000000451587
00600013000000000000000328450000000025851240005000000000542876
00600013000000000000000328460000000049785120005000000001045488
00600013000000000000000328470000000020438020005000000000429198
00600013000000000000000328480000000018380180005000000000385984
00600013000000000000000328490000000038214880005000000000802512
00600013000000000000000328500000000040528930005000000000851107
00600013000000000000000328510000000026644630005000000000559537
00600013000000000000000328520000000020628100005000000000433190
00600013000000000000000328530000000011834710005000000000248529
00600013000000000000000328540000000011652890005000000000244711
00600013000000000000000328550000000018842980005000000000395702
00600013000000000000000328560000000011074380005000000000232562
00600013000000000000000328570000000073099170005000000001535083
00600013000000000000000328580000000011404960005000000000239504
00600013000000000000000328590000000015570250005000000000326975
00600013000000000000000328600000000029404960005000000000617504
00600013000000000000000328610000000119669420005000000002513058
00600013000000000000000328620000000039413220005000000000827678
00600013000000000000000328630000000088528930005000000001859107
00600013000000000000000328640000000046016590005000000000966348
00600013000000000000000328650000000036776860005000000000772314
00600013000000000000000328660000000043834710005000000000920529
00600013000000000000000328670000000017917360005000000000376264
00600013000000000000000328680000000037190080005000000000780992
00600013000000000000000328690000000059173620005000000001242646
00600013000000000000000328700000000043603310005000000000915669
00600013000000000000000328710000000003223140005000000000067686
00600013000000000000000328720000000038214880005000000000802512
00600013000000000000000328730000000026975210005000000000566479
00600013000000000000000328740000000146776860005000000003082314
00600013000000000000000328750000000002066120005000000000043388
00600013000000000000000328760000000023669420005000000000497058
00600013000000000000000328770000000158201380005000000003322229
00600013000000000000000328780000000051636360005000000001084364
00600013000000000000000328790000000058471070005000000001227893
00600013000000000000000328800000000010561980005000000000221802
00600013000000000000000328810000000020661160005000000000433884
00600013000000000000000328820000000005388430005000000000113157
00600013000000000000000328830000000027371900005000000000574810
00600013000000000000000328840000000005429750005000000000114025
00600013000000000000000328850000000097809980005000000002054009
00600013000000000000000328860000000003801650005000000000079835
00600013000000000000000328870000000165025000005000000003465525
00600013000000000000000328880000000020561980005000000000431802
00600013000000000000000328890000000045644630005000000000958537
00600013000000000000000328900000000040595060005000000000852496
00600013000000000000000328910000000013157020005000000000276298
00600013000000000000000328920000000003421490005000000000071851
00600013000000000000000328930000000032809920005000000000689008
00600013000000000000000328940000000025719040005000000000540100
00600013000000000000000328950000000039537210005000000000830281
00600013000000000000000328960000000024376030005000000000511897
00600013000000000000000328970000000030826450005000000000647355
00600013000000000000000328980000000011570250005000000000242975
00600013000000000000000328990000000030330580005000000000636942
00600013000000000000000329000000000020661160005000000000433884
00600013000000000000000329010000000010066120005000000000211388
00600013000000000000000329020000000002586780005000000000054322
00600013000000000000000329030000000042049630005000000000883042
00600013000000000000000329040000000055785120005000000001171488
00600013000000000000000329050000000142859500005000000003000050
00600013000000000000000329060000000020661160005000000000433884
00600013000000000000000329070000000013140500005000000000275950
00600013000000000000000329080000000042049630005000000000883042
00600013000000000000000329090000000028661160005000000000601884
00600013000000000000000329100000000053553720005000000001124628
00600013000000000000000329110000000016793410005000000000352662
00600013000000000000000329120000000106512400005000000002236760
00600013000000000000000329130000000015371900005000000000322810
00600013000000000000000329140000000029752070005000000000624793
00600013000000000000000329150000000016132230005000000000338777
00600013000000000000000329160000000063553720005000000001334628
00600013000000000000000329170000000049586800005000000001041323
00600013000000000000000329180000000032661160005000000000685884
00600013000000000000000329190000000039008260005000000000819174
00600013000000000000000329200000000014958680005000000000314132
00600013000000000000000329210000000023090910005000000000484909
00600013000000000000000329220000000025520660005000000000535934
00600013000000000000000329230000000020661160005000000000433884
00600013000000000000000329240000000005991740005000000000125826
00600013000000000000000329250000000004338840005000000000091116
00600013000000000000000329260000000117884330005000000002475571
00600013000000000000000329270000000056702480005000000001190752
00600013000000000000000329280000000069869550005000000001467261
00600013000000000000000329290000000036528930005000000000767107
00600013000000000000000329300000000008264460005000000000173554
00600013000000000000000329310000000016528930005000000000347107
00600013000000000000000329320000000008115700005000000000170430
00600013000000000000000329330000000008115700005000000000170430
00600013000000000000000329340000000007214880005000000000151512
00600013000000000000000329350000000008264460005000000000173554
00600013000000000000000329360000000020661160005000000000433884
00600013000000000000000329370000000023305790005000000000489421
00600013000000000000000329380000000013206610005000000000277339
00600013000000000000000329390000000032809920005000000000689008
00600013000000000000000329400000000025057850005000000000526215
00600013000000000000000329410000000202710750005000000004256926
00600013000000000000000329420000000018247930005000000000383207
00600013000000000000000329430000000064396700005000000001352331
00600013000000000000000329440000000023223140005000000000487686
00600013000000000000000329450000000044793390005000000000940661
00600013000000000000000329460000000005785120005000000000121488
00600013000000000000000329470000000047677710005000000001001232
00600013000000000000000329480000000013471070005000000000282893
00600013000000000000000329490000000006570250005000000000137975
00600013000000000000000329500000000013140500005000000000275950
00600013000000000000000329510000000012066120005000000000253388
00600013000000000000000329520000000040239670005000000000845033
00600013000000000000000329530000000019752100005000000000414794
00600013000000000000000329540000000010661200005000000000223885
00600013000000000000000329550000000008264460005000000000173554
00600013000000000000000329560000000006694210005000000000140579
00600013000000000000000329570000000085371890005000000001792810
00600013000000000000000329580000000007851240005000000000164876
00600013000000000000000329590000000095338840005000000002002116
00600013000000000000000329600000000030838840005000000000647616
00600013000000000000000329610000000020090910005000000000421909
00600013000000000000000329620000000033016360005000000000693344
00600013000000000000000329630000000017454550005000000000366545
00600013000000000000000329640000000020661160005000000000433884
00600013000000000000000329650000000035942150005000000000754785
00600013000000000000000329660000000016528930005000000000347107
00600013000000000000000329670000000048264460005000000001013554
00600013000000000000000329680000000022561980005000000000473802
00600013000000000000000329690000000006611570005000000000138843
00600013000000000000000329700000000181579120005000000003813161
00600013000000000000000329710000000022892560005000000000480744
00600013000000000000000329720000000154297520005000000003240248
00600013000000000000000329730000000017462810005000000000366719
00600013000000000000000329740000000019669420005000000000413058
00600013000000000000000329750000000020661160005000000000433884
00600013000000000000000329760000000013801650005000000000289835
00600013000000000000000329770000000022727270005000000000477273
00600013000000000000000329780000000011966960005000000000251306
00600013000000000000000329790000000154578660005000000003246152
00600013000000000000000329800000000069256200005000000001454380
00600013000000000000000329810000000059107440005000000001241256
00600013000000000000000329820000000008925620005000000000187438
00600013000000000000000329830000000002066120005000000000043388
00600013000000000000000329840000000151405080005000000003179507
00600013000000000000000329850000000015206610005000000000319339
00600013000000000000000329860000000046264460005000000000971554
00600013000000000000000329870000000005057850005000000000106215
00600013000000000000000329880000000004090910005000000000085909
00600013000000000000000329890000000084867770005000000001782223
00600013000000000000000329900000000025619830005000000000538017
00600013000000000000000329910000000010413220005000000000218678
00600013000000000000000329920000000022644630005000000000475537
00600013000000000000000329930000000095950410005000000002014959
00600013000000000000000329940000000040785120005000000000856488
00600013000000000000000329950000000040165290005000000000843471
00600013000000000000000329960000000022066120005000000000463388
00600013000000000000000329970000000069149850005000000001452147
00600013000000000000000329980000000065289260005000000001371074
00600013000000000000000329990000000020661160005000000000433884
00600013000000000000000330000000000048925620005000000001027438
00600013000000000000000330010000000036446280005000000000765372
00600013000000000000000330020000000030702480005000000000644752
00600013000000000000000330030000000029008260005000000000609174
00600013000000000000000330040000000033851240005000000000710876
00600013000000000000000330050000000046280990005000000000971901
00600013000000000000000330060000000006570250005000000000137975
00600013000000000000000330070000000035041330005000000000735868
00600013000000000000000330080000000082479340005000000001732066
00600013000000000000000330090000000026644630005000000000559537
00600013000000000000000330100000000019702470005000000000413752
00600013000000000000000330110000000039338840005000000000826116
00600013000000000000000330120000000031603310005000000000663669
00600013000000000000000330130000000020892560005000000000438744
00600013000000000000000330140000000072198390005000000001516166
00600013000000000000000330150000000009090910005000000000190909
00800013000000000000000008340000000137723140005000000002892186
00800013000000000000000008350000000007190080005000000000150992
00800013000000000000000008360000000043471070005000000000912893
00800013000000000000000008370000000002702480005000000000056752
00800013000000000000000008380000000041119830005000000000863517
00800013000000000000000008390000000008223140005000000000172686
00800013000000000000000008400000000008264460005000000000173554
00800013000000000000000008410000000006280990005000000000131901
00800013000000000000000008420000000158201380005000000003322229
00800013000000000000000008430000000020661160005000000000433884
00800013000000000000000008440000000008115700005000000000170430
00800013000000000000000008450000000005801650005000000000121835
00800013000000000000000008460000000181579120005000000003813161
00100015000000000000000002710000000009917360005000000000208264
00100015000000000000000002720000000016272730005000000000341727
00100015000000000000000002730000000070148850005000000001473126
00600015000000000000000135820000000020661160005000000000433884
00600015000000000000000135830000000024297520005000000000510248
00600015000000000000000135840000000040247930005000000000845207
00600015000000000000000135850000000020661160005000000000433884
00600015000000000000000135860000000123247930005000000002588207
00600015000000000000000135870000000053553720005000000001124628
00600015000000000000000135880000000021421490005000000000449851
00600015000000000000000135890000000034380170005000000000721983
00600015000000000000000135900000000008793390005000000000184661
00600015000000000000000135910000000006198350005000000000130165
00600015000000000000000135920000000020661160005000000000433884
00600015000000000000000135930000000006942150005000000000145785
00600015000000000000000135940000000006115700005000000000128430
00600015000000000000000135950000000073305790005000000001539421
00600015000000000000000135960000000010743800005000000000225620
00600015000000000000000135970000000020661160005000000000433884
00600015000000000000000135980000000023272730005000000000488727
00600015000000000000000135990000000020661160005000000000433884
00600015000000000000000136000000000020661160005000000000433884
00600015000000000000000136010000000016528930005000000000347107
00600015000000000000000136020000000020661160005000000000433884
00600015000000000000000136030000000020661160005000000000433884
00600015000000000000000136040000000017553720005000000000368628
00600015000000000000000136050000000027487600005000000000577240
00600015000000000000000136060000000010487600005000000000220240
00600015000000000000000136070000000032727270005000000000687273
00600015000000000000000136080000000020661160005000000000433884
00600015000000000000000136090000000020661160005000000000433884
00600015000000000000000136100000000005884300005000000000123570
00600015000000000000000136110000000032859500005000000000690050
00600015000000000000000136120000000020661160005000000000433884
00600015000000000000000136130000000008595040005000000000180496
00600015000000000000000136140000000047206670005000000000991340
00600015000000000000000136150000000020661160005000000000433884
00600015000000000000000136160000000008966940005000000000188306
00600015000000000000000136170000000020661160005000000000433884
00600015000000000000000136180000000020661160005000000000433884
00600015000000000000000136190000000020661160005000000000433884
00600015000000000000000136200000000028512400005000000000598760
00600015000000000000000136210000000006198350005000000000130165
00600015000000000000000136220000000011570250005000000000242975
00600015000000000000000136230000000020661160005000000000433884
00600015000000000000000136240000000020661160005000000000433884
00600015000000000000000136250000000020661160005000000000433884
00600015000000000000000136260000000003719010005000000000078099
00600015000000000000000136270000000020661160005000000000433884
00600015000000000000000136280000000020661160005000000000433884
00600015000000000000000136290000000020661160005000000000433884
00600015000000000000000136300000000020661160005000000000433884
00600015000000000000000136310000000020661160005000000000433884
00600015000000000000000136320000000006198350005000000000130165
00600015000000000000000136330000000009421490005000000000197851
00600015000000000000000136340000000020661160005000000000433884
00600015000000000000000136350000000024842980005000000000521702
00600015000000000000000136360000000020661160005000000000433884
00600015000000000000000136370000000050760330005000000001065967
00600015000000000000000136380000000009157020005000000000192298
00600015000000000000000136390000000049173540005000000001032644
00600015000000000000000136400000000015454550005000000000324545
00600015000000000000000136410000000020661160005000000000433884
00600015000000000000000136420000000036669420005000000000770058
00600015000000000000000136430000000035702480005000000000749752
00600015000000000000000136440000000020661160005000000000433884
00600015000000000000000136450000000020661160005000000000433884
00600015000000000000000136460000000020661160005000000000433884
00600015000000000000000136470000000020661160005000000000433884
00600015000000000000000136480000000017983470005000000000377653
00600015000000000000000136490000000020661160005000000000433884
00600015000000000000000136500000000020661160005000000000433884
00600015000000000000000136510000000011570250005000000000242975
00600015000000000000000136520000000020661160005000000000433884
00600015000000000000000136530000000020661160005000000000433884
00600015000000000000000136540000000020661160005000000000433884
00600015000000000000000136550000000020661160005000000000433884
00600015000000000000000136560000000079008260005000000001659174
00600015000000000000000136570000000001041320005000000000021868
00600015000000000000000136580000000017851240005000000000374876
00600015000000000000000136590000000079006610005000000001659139
00600015000000000000000136600000000020826450005000000000437355
00600015000000000000000136610000000012793390005000000000268661
00600015000000000000000136620000000020661160005000000000433884
00600015000000000000000136630000000020661160005000000000433884
00600015000000000000000136640000000020661160005000000000433884
00600015000000000000000136650000000017603310005000000000369669
00600015000000000000000136660000000020661160005000000000433884
00600015000000000000000136670000000018148760005000000000381124
00600015000000000000000136680000000011157020005000000000234298
00600015000000000000000136690000000010677690005000000000224231
00600015000000000000000136700000000020661160005000000000433884
00600015000000000000000136710000000030413220005000000000638678
00600015000000000000000136720000000015454550005000000000324545
00600015000000000000000136730000000006198350005000000000130165
00600015000000000000000136740000000020661160005000000000433884
00600015000000000000000136750000000020661160005000000000433884
00600015000000000000000136760000000048512400005000000001018760
00600015000000000000000136770000000006198350005000000000130165
00600015000000000000000136780000000034710740005000000000728926
00600015000000000000000136790000000055537190005000000001166281
00600015000000000000000136800000000020661160005000000000433884
00600015000000000000000136810000000020661160005000000000433884
00600015000000000000000136820000000020661160005000000000433884
00600015000000000000000136830000000020826450005000000000437355
00600015000000000000000136840000000020661160005000000000433884
00600015000000000000000136850000000000859500005000000000018050
00600015000000000000000136860000000020661160005000000000433884
00600015000000000000000136870000000013090910005000000000274909
00600015000000000000000136880000000018595040005000000000390496
00600015000000000000000136890000000002586780005000000000054322
00600015000000000000000136900000000008528930005000000000179107
00600015000000000000000136910000000020661160005000000000433884
00600015000000000000000136920000000020661160005000000000433884
00600015000000000000000136930000000006677690005000000000140231
00600015000000000000000136940000000034958680005000000000734132
00600015000000000000000136950000000020661160005000000000433884
00600015000000000000000136960000000020661160005000000000433884
00600015000000000000000136970000000006198350005000000000130165
00600015000000000000000136980000000020661160005000000000433884
00600015000000000000000136990000000007256200005000000000152380
00600015000000000000000137000000000020661160005000000000433884
00600015000000000000000137010000000006231400005000000000130860
00600015000000000000000137020000000020661160005000000000433884
00600015000000000000000137030000000020661160005000000000433884
00600015000000000000000137040000000020661160005000000000433884
00600015000000000000000137050000000020661160005000000000433884
00600015000000000000000137060000000020661160005000000000433884
00600015000000000000000137070000000024297520005000000000510248
00600015000000000000000137080000000022231400005000000000466860
00600015000000000000000137090000000020041320005000000000420868
00600015000000000000000137100000000016942150005000000000355785
00600015000000000000000137110000000043223140005000000000907686
00600015000000000000000137120000000020661160005000000000433884
00600015000000000000000137130000000036818180005000000000773182
00600015000000000000000137140000000020380170005000000000427983
00600015000000000000000137150000000254694210005000000005348579
00600015000000000000000137160000000020710740005000000000434926
00600015000000000000000137170000000020661160005000000000433884
00600015000000000000000137180000000020661160005000000000433884
00600015000000000000000137190000000020578510005000000000432149
00600015000000000000000137200000000006611570005000000000138843
00600015000000000000000137210000000009571900005000000000201010
00600015000000000000000137220000000020661160005000000000433884
00600015000000000000000137230000000020661160005000000000433884
00600015000000000000000137240000000101404960005000000002129504
00600015000000000000000137250000000015917350005000000000334264
00600015000000000000000137260000000017644630005000000000370537
00600015000000000000000137270000000004132230005000000000086777
00600015000000000000000137280000000009966940005000000000209306
00600015000000000000000137290000000024396690005000000000512331
00600015000000000000000137300000000020661160005000000000433884
00600015000000000000000137310000000008016530005000000000168347
00600015000000000000000137320000000020661160005000000000433884
00600015000000000000000137330000000016528930005000000000347107
00600015000000000000000137340000000020661160005000000000433884
00600015000000000000000137350000000020661160005000000000433884
00600015000000000000000137360000000020661160005000000000433884
00600015000000000000000137370000000020661160005000000000433884
00600015000000000000000137380000000008223140005000000000172686
00600015000000000000000137390000000008223140005000000000172686
00600015000000000000000137400000000020661160005000000000433884
00600015000000000000000137410000000020661160005000000000433884
00600015000000000000000137420000000020661160005000000000433884
00600015000000000000000137430000000020661160005000000000433884
00600015000000000000000137440000000020661160005000000000433884
00600015000000000000000137450000000020661160005000000000433884
00600015000000000000000137460000000020661160005000000000433884
00600015000000000000000137470000000020661160005000000000433884
00600015000000000000000137480000000020661160005000000000433884
00600015000000000000000137490000000020661160005000000000433884
00600015000000000000000137500000000016528930005000000000347107
00600015000000000000000137510000000020661160005000000000433884
00600015000000000000000137520000000006611570005000000000138843
00600015000000000000000137530000000008223140005000000000172686
00600015000000000000000137540000000008264460005000000000173554
00600015000000000000000137550000000020661160005000000000433884
00600015000000000000000137560000000013223140005000000000277686
00600015000000000000000137570000000007438020005000000000156198
00600015000000000000000137580000000009917360005000000000208264
00600015000000000000000137590000000020661160005000000000433884
00600015000000000000000137600000000020661160005000000000433884
00600015000000000000000137610000000009917360005000000000208264
00600015000000000000000137620000000020661160005000000000433884
00600015000000000000000137630000000075049580005000000001576041
00600015000000000000000137640000000062231400005000000001306860
00600015000000000000000137650000000005950410005000000000124959
00600015000000000000000137660000000025371900005000000000532810
00600015000000000000000137670000000020661160005000000000433884
00600015000000000000000137680000000020661160005000000000433884
00600015000000000000000137690000000020661160005000000000433884
00600015000000000000000137700000000009917360005000000000208264
00600015000000000000000137710000000020661160005000000000433884
00600015000000000000000137720000000020661160005000000000433884
00600015000000000000000137730000000020661160005000000000433884
00600015000000000000000137740000000020661160005000000000433884
00600015000000000000000137750000000031537190005000000000662281
00600015000000000000000137760000000007884300005000000000165570
00600015000000000000000137770000000021719010005000000000456099
00600015000000000000000137780000000020661160005000000000433884
00600015000000000000000137790000000082148760005000000001725124
00600015000000000000000137800000000006694210005000000000140579
00600015000000000000000137810000000023760330005000000000498967
00600015000000000000000137820000000020826450005000000000437355
00600015000000000000000137830000000020661160005000000000433884
00600015000000000000000137840000000020661160005000000000433884
00600015000000000000000137850000000006611570005000000000138843
00600015000000000000000137860000000020661160005000000000433884
00600015000000000000000137870000000020147110005000000000423089
00600015000000000000000137880000000024669420005000000000518058
00600015000000000000000137890000000015818180005000000000332182
00600015000000000000000137900000000008211980005000000000172452
00600015000000000000000137910000000038867770005000000000816223
00600015000000000000000137920000000009917360005000000000208264
00600015000000000000000137930000000022314050005000000000468595
00600015000000000000000137940000000026404960005000000000554504
00600015000000000000000137950000000022314050005000000000468595
00600015000000000000000137960000000006611570005000000000138843
00600015000000000000000137970000000003628100005000000000076190
00600015000000000000000137980000000006611570005000000000138843
00600015000000000000000137990000000003719010005000000000078099
00600015000000000000000138000000000020661160005000000000433884
00600015000000000000000138010000000004537190005000000000095281
00600015000000000000000138020000000006545450005000000000137455
00600015000000000000000138030000000022396690005000000000470331
00600015000000000000000138040000000008760330005000000000183967
00600015000000000000000138050000000010264460005000000000215554
00600015000000000000000138060000000080851240005000000001697876
00600015000000000000000138070000000020661160005000000000433884
00600015000000000000000138080000000023966940005000000000503306
00600015000000000000000138090000000115723140005000000002430186
00600015000000000000000138100000000007677690005000000000161231
00600015000000000000000138110000000041842980005000000000878702
00600015000000000000000138120000000015826450005000000000332355
00600015000000000000000138130000000018520660005000000000388934
00600015000000000000000138140000000010909090005000000000229091
00600015000000000000000138150000000008264460005000000000173554
00600015000000000000000138160000000007603310005000000000159669
00600015000000000000000138170000000008223140005000000000172686
00600015000000000000000138180000000020661160005000000000433884
00600015000000000000000138190000000017454550005000000000366545
00600015000000000000000138200000000036595040005000000000768496
00600015000000000000000138210000000020661160005000000000433884
00600015000000000000000138220000000031685950005000000000665405
00600015000000000000000138230000000002570250005000000000053975
00600015000000000000000138240000000024669420005000000000518058
00600015000000000000000138250000000068223140005000000001432686
00600015000000000000000138260000000038561980005000000000809802
00600015000000000000000138270000000009528930005000000000200107
00600015000000000000000138280000000030834710005000000000647529
00600015000000000000000138290000000035347110005000000000742289
00600015000000000000000138300000000020347110005000000000427289
00600015000000000000000138310000000011512400005000000000241760
00600015000000000000000138320000000011603310005000000000243669
00600015000000000000000138330000000006148760005000000000129124
00600015000000000000000138340000000009917360005000000000208264
00600015000000000000000138350000000049256200005000000001034380
00600015000000000000000138360000000006446280005000000000135372
00600015000000000000000138370000000020661160005000000000433884
00600015000000000000000138380000000020661160005000000000433884
00600015000000000000000138390000000033545450005000000000704455
00600015000000000000000138400000000034661160005000000000727884
00600015000000000000000138410000000021487600005000000000451240
00600015000000000000000138420000000015950410005000000000334959
00600015000000000000000138430000000020661160005000000000433884
00600015000000000000000138440000000041322310005000000000867769
00600015000000000000000138450000000041322310005000000000867769
00600015000000000000000138460000000020661160005000000000433884
00600015000000000000000138470000000020661160005000000000433884
00600015000000000000000138480000000011239670005000000000236033
00600015000000000000000138490000000043801650005000000000919835
00600015000000000000000138500000000079008260005000000001659174
00600015000000000000000138510000000089057850005000000001870215
00600015000000000000000138520000000022727270005000000000477273
00600015000000000000000138530000000025041320005000000000525868
00600015000000000000000138540000000034578510005000000000726149
00600015000000000000000138550000000012809920005000000000269008
00600015000000000000000138560000000023305790005000000000489421
00600015000000000000000138570000000023778950005000000000499358
00600015000000000000000138580000000089355350005000000001876462
00600015000000000000000138590000000072425700005000000001520940
00600015000000000000000138600000000020661160005000000000433884
00600015000000000000000138610000000020661160005000000000433884
00600015000000000000000138620000000022727270005000000000477273
00600015000000000000000138630000000020661160005000000000433884
00600015000000000000000138640000000045867770005000000000963223
00600015000000000000000138650000000056388430005000000001184157
00600015000000000000000138660000000024462810005000000000513719
00600015000000000000000138670000000054260330005000000001139467
00600015000000000000000138680000000012363640005000000000259636
00600015000000000000000138690000000020661160005000000000433884
00600015000000000000000138700000000038636360005000000000811364
00600015000000000000000138710000000075371990005000000001582812
00600015000000000000000138720000000265719340005000000005580106
00600015000000000000000138730000000122446410005000000002571375
00600015000000000000000138740000000011749590005000000000246741
00600015000000000000000138750000000063446280005000000001332372
00600015000000000000000138760000000013090910005000000000274909
00600015000000000000000138770000000018710740005000000000392926
00600015000000000000000138780000000058247940005000000001223207
00600015000000000000000138790000000056000000005000000001176000
00600015000000000000000138800000000017404960005000000000365504
00600015000000000000000138810000000020661160005000000000433884
00600015000000000000000138820000000010578510005000000000222149
00600015000000000000000138830000000019768600005000000000415141
00600015000000000000000138840000000026578510005000000000558149
00600015000000000000000138850000000006198350005000000000130165
00600015000000000000000138860000000035231410005000000000739860
00600015000000000000000138870000000050363640005000000001057636
00600015000000000000000138880000000020661160005000000000433884
00600015000000000000000138890000000015471070005000000000324893
00600015000000000000000138900000000013090910005000000000274909
00600015000000000000000138910000000007190080005000000000150992
00600015000000000000000138920000000050057850005000000001051215
00600015000000000000000138930000000020661160005000000000433884
00600015000000000000000138940000000014545450005000000000305455
00600015000000000000000138950000000015074380005000000000316562
00600015000000000000000138960000000012809920005000000000269008
00600015000000000000000138970000000012033060005000000000252694
00600015000000000000000138980000000021157020005000000000444298
00600015000000000000000138990000000017586780005000000000369322
00600015000000000000000139000000000009057850005000000000190215
00600015000000000000000139010000000069553720005000000001460628
00600015000000000000000139020000000020661160005000000000433884
00600015000000000000000139030000000034115700005000000000716430
00600015000000000000000139040000000020661160005000000000433884
00600015000000000000000139050000000006214880005000000000130512
00600015000000000000000139060000000020661160005000000000433884
00600015000000000000000139070000000022743800005000000000477620
00600015000000000000000139080000000014942150005000000000313785
00600015000000000000000139090000000009917360005000000000208264
00600015000000000000000139100000000076289260005000000001602074
00600015000000000000000139110000000050842980005000000001067702
00600015000000000000000139120000000050842980005000000001067702
00600015000000000000000139130000000020661160005000000000433884
00600015000000000000000139140000000006537190005000000000137281
00600015000000000000000139150000000006537190005000000000137281
00600015000000000000000139160000000020661160005000000000433884
00600015000000000000000139170000000006537190005000000000137281
00600015000000000000000139180000000006537190005000000000137281
00600015000000000000000139190000000029719010005000000000624099
00600015000000000000000139200000000020661160005000000000433884
00600015000000000000000139210000000006537190005000000000137281
00600015000000000000000139220000000006537190005000000000137281
00600015000000000000000139230000000006033060005000000000126694
00600015000000000000000139240000000031206610005000000000655339
00600015000000000000000139250000000006537190005000000000137281
00600015000000000000000139260000000006537190005000000000137281
00600015000000000000000139270000000020661160005000000000433884
00600015000000000000000139280000000020661160005000000000433884
00600015000000000000000139290000000020661160005000000000433884
00600015000000000000000139300000000006537190005000000000137281
00600015000000000000000139310000000019966940005000000000419306
00600015000000000000000139320000000011157020005000000000234298
00600015000000000000000139330000000008570250005000000000179975
00600015000000000000000139340000000025586780005000000000537322
00600015000000000000000139350000000021685950005000000000455405
00600015000000000000000139360000000012396690005000000000260331
00600015000000000000000139370000000014743800005000000000309620
00600015000000000000000139380000000039603360005000000000831670
00600015000000000000000139390000000035041320005000000000735868
00600015000000000000000139400000000031983470005000000000671653
00600015000000000000000139410000000087404960005000000001835504
00600015000000000000000139420000000017322310005000000000363769
00600015000000000000000139430000000015471070005000000000324893
00600015000000000000000139440000000020661160005000000000433884
00600015000000000000000139450000000020661160005000000000433884
00600015000000000000000139460000000020661160005000000000433884
00600015000000000000000139470000000007190080005000000000150992
00600015000000000000000139480000000007190080005000000000150992
00600015000000000000000139490000000020661160005000000000433884
00600015000000000000000139500000000023669420005000000000497058
00600015000000000000000139510000000025785120005000000000541488
00600015000000000000000139520000000022876030005000000000480397
00600015000000000000000139530000000024330580005000000000510942
00600015000000000000000139540000000043305790005000000000909421
00600015000000000000000139550000000016661160005000000000349884
00600015000000000000000139560000000039669420005000000000833058
00600015000000000000000139570000000026644630005000000000559537
00600015000000000000000139580000000029884300005000000000627570
00600015000000000000000139590000000078809920005000000001655008
00600015000000000000000139600000000016595040005000000000348496
00600015000000000000000139610000000008223140005000000000172686
00600015000000000000000139620000000022148760005000000000465124
00600015000000000000000139630000000007008260005000000000147174
00600015000000000000000139640000000056528930005000000001187107
00600015000000000000000139650000000014809920005000000000311008
00600015000000000000000139660000000016462810005000000000345719
00600015000000000000000139670000000006247930005000000000131207
00600015000000000000000139680000000017528930005000000000368107
00600015000000000000000139690000000003950410005000000000082959
00600015000000000000000139700000000013289260005000000000279074
00600015000000000000000139710000000015768600005000000000331140
00600015000000000000000139720000000007933880005000000000166612
00600015000000000000000139730000000001338840005000000000028116
00600015000000000000000139740000000001719010005000000000036099
00600015000000000000000139750000000016694210005000000000350579
00600015000000000000000139760000000023652890005000000000496711
00600015000000000000000139770000000021157020005000000000444298
00600015000000000000000139780000000028925620005000000000607438
00600015000000000000000139790000000009917360005000000000208264
00600015000000000000000139800000000009917360005000000000208264
00600015000000000000000139810000000052561980005000000001103802
00600015000000000000000139820000000042066120005000000000883388
00600015000000000000000139830000000051066120005000000001072388
00600015000000000000000139840000000027685950005000000000581405
00600015000000000000000139850000000028842980005000000000605702
00600015000000000000000139860000000041578510005000000000873149
00600015000000000000000139870000000026851240005000000000563876
00600015000000000000000139880000000030347110005000000000637289
00600015000000000000000139890000000003628100005000000000076190
00600015000000000000000139900000000011677690005000000000245231
00600015000000000000000139910000000009520660005000000000199934
00600015000000000000000139920000000048495870005000000001018413
00600015000000000000000139930000000006247930005000000000131207
00600015000000000000000139940000000044132230005000000000926777
00600015000000000000000139950000000022727270005000000000477273
00600015000000000000000139960000000013487600005000000000283240
00600015000000000000000139970000000015702480005000000000329752
00600015000000000000000139980000000006099170005000000000128083
00600015000000000000000139990000000018743800005000000000393620
00600015000000000000000140000000000026115700005000000000548430
00600015000000000000000140010000000012396690005000000000260331
00600015000000000000000140020000000006099170005000000000128083
00600015000000000000000140030000000017107440005000000000359256
00600015000000000000000140040000000007190080005000000000150992
00600015000000000000000140050000000007190080005000000000150992
00600015000000000000000140060000000000462810005000000000009719
00600015000000000000000140070000000000462810005000000000009719
00600015000000000000000140080000000009917360005000000000208264
00600015000000000000000140090000000005785120005000000000121488
00600015000000000000000140100000000008347110005000000000175289
00600015000000000000000140110000000056446280005000000001185372
00600015000000000000000140120000000038181820005000000000801818
00600015000000000000000140130000000010115700005000000000212430
00600015000000000000000140140000000017818180005000000000374182
00600015000000000000000140150000000001520660005000000000031934
00600015000000000000000140160000000037438020005000000000786198
00600015000000000000000140170000000022066120005000000000463388
00600015000000000000000140180000000017685950005000000000371405
00600015000000000000000140190000000038826450005000000000815355
00600015000000000000000140200000000036892560005000000000774744
00600015000000000000000140210000000051074380005000000001072562
00600015000000000000000140220000000009917360005000000000208264
00600015000000000000000140230000000022066120005000000000463388
00600015000000000000000140240000000056033060005000000001176694
00600015000000000000000140250000000001900830005000000000039917
00600015000000000000000140260000000006446280005000000000135372
00600015000000000000000140270000000006636360005000000000139364
00600015000000000000000140280000000005578510005000000000117149
00600015000000000000000140290000000060471070005000000001269893
00600015000000000000000140300000000003793390005000000000079661
00600015000000000000000140310000000012652890005000000000265711
00600015000000000000000140320000000008925620005000000000187438
00600015000000000000000140330000000010561980005000000000221802
00600015000000000000000140340000000001289260005000000000027074
00600015000000000000000140350000000049834710005000000001046529
00600015000000000000000140360000000022611570005000000000474843
00600015000000000000000140370000000066867770005000000001404223
00600015000000000000000140380000000028338840005000000000595116
00600015000000000000000140390000000005041320005000000000105868
00600015000000000000000140400000000012214880005000000000256512
00600015000000000000000140410000000023966940005000000000503306
00600015000000000000000140420000000019338840005000000000406116
00600015000000000000000140430000000059206610005000000001243339
00600015000000000000000140440000000144595040005000000003036496
00600015000000000000000140450000000007190080005000000000150992
00600015000000000000000140460000000007190080005000000000150992
00600015000000000000000140470000000007190080005000000000150992
00600015000000000000000140480000000011735540005000000000246446
00600015000000000000000140490000000046446280005000000000975372
00600015000000000000000140500000000078611570005000000001650843
00600015000000000000000140510000000004735540005000000000099446
00600015000000000000000140520000000007190080005000000000150992
00600015000000000000000140530000000020661160005000000000433884
00600015000000000000000140540000000065537190005000000001376281
00600015000000000000000140550000000056115700005000000001178430
00600015000000000000000140560000000016611570005000000000348843
00600015000000000000000140570000000011305780005000000000237421
00600015000000000000000140580000000014181820005000000000297818
00600015000000000000000140590000000006247930005000000000131207
00600015000000000000000140600000000032520660005000000000682934
00600015000000000000000140610000000002570250005000000000053975
00600015000000000000000140620000000002570250005000000000053975
00600015000000000000000140630000000007190080005000000000150992
00600015000000000000000140640000000022066120005000000000463388
00600015000000000000000140650000000022066120005000000000463388
00600015000000000000000140660000000010743800005000000000225620
00600015000000000000000140670000000001033060005000000000021694
00600015000000000000000140680000000030413220005000000000638678
00600015000000000000000140690000000006537190005000000000137281
00600015000000000000000140700000000005619830005000000000118017
00600015000000000000000140710000000018380170005000000000385983
00600015000000000000000140720000000007438020005000000000156198
00600015000000000000000140730000000044925620005000000000943438
00600015000000000000000140740000000048644630005000000001021537
00600015000000000000000140750000000014057850005000000000295215
00600015000000000000000140760000000077504130005000000001627587
00600015000000000000000140770000000014214880005000000000298512
00600015000000000000000140780000000009504130005000000000199587
00600015000000000000000140790000000022727270005000000000477273
00600015000000000000000140800000000000859500005000000000018050
00600015000000000000000140810000000022727270005000000000477273
00600015000000000000000140820000000012603310005000000000264669
00600015000000000000000140830000000007190080005000000000150992
00600015000000000000000140840000000022727270005000000000477273
00600015000000000000000140850000000036330580005000000000762942
00600015000000000000000140860000000008264460005000000000173554
00600015000000000000000140870000000020661160005000000000433884
00600015000000000000000140880000000029504130005000000000619587
00600015000000000000000140890000000007190080005000000000150992
00600015000000000000000140900000000015454550005000000000324545
00600015000000000000000140910000000009421490005000000000197851
00600015000000000000000140920000000012809920005000000000269008
00600015000000000000000140930000000013107440005000000000275256
00600015000000000000000140940000000019421490005000000000407851
00600015000000000000000140950000000007190080005000000000150992
00600015000000000000000140960000000028016530005000000000588347
00600015000000000000000140970000000010495870005000000000220413
00600015000000000000000140980000000022727270005000000000477273
00600015000000000000000140990000000009338840005000000000196116
00600015000000000000000141000000000056280990005000000001181901
00600015000000000000000141010000000030421490005000000000638851
00600015000000000000000141020000000020603310005000000000432669
00600015000000000000000141030000000023966940005000000000503306
00600015000000000000000141040000000005057850005000000000106215
00600015000000000000000141050000000023966940005000000000503306
00600015000000000000000141060000000049090910005000000001030909
00600015000000000000000141070000000010330580005000000000216942
00600015000000000000000141080000000016214880005000000000340512
00600015000000000000000141090000000030421490005000000000638851
00600015000000000000000141100000000033173550005000000000696645
00600015000000000000000141110000000010330580005000000000216942
00600015000000000000000141120000000023280990005000000000488901
00600015000000000000000141130000000019669420005000000000413058
00600015000000000000000141140000000023966940005000000000503306
00600015000000000000000141150000000008256200005000000000173380
00600015000000000000000141160000000005280990005000000000110901
00600015000000000000000141170000000064413220005000000001352678
00600015000000000000000141180000000020661160005000000000433884
00600015000000000000000141190000000020661160005000000000433884
00600015000000000000000141200000000007190080005000000000150992
00600015000000000000000141210000000003421490005000000000071851
00800015000000000000000000980000000047206610005000000000991339
00800015000000000000000000990000000027685950005000000000581405
