00100010000000000000000131940000000039421490005000000000827851
00100010000000000000000131950000000039421490005000000000827851
00100010000000000000000131960000000674553940005000000014165631
00100010000000000000000131970000000577932940005000000012136594
00100010000000000000000131980000000490908720005000000010309084
00100010000000000000000131990000000536652690005000000011269706
00100010000000000000000132000000000188935520005000000003967645
00100010000000000000000132010000000855410190005000000017963613
00100010000000000000000132020000001131307250005000000023757450
00100010000000000000000132030000000560157130005000000011763300
00100010000000000000000132040000000325778500005000000006841350
00100010000000000000000132050000000047305790005000000000993421
00100010000000000000000132060000000055074380005000000001156562
00100010000000000000000132070000000064396700005000000001352330
00100010000000000000000132080000000047305790005000000000993421
00100010000000000000000132090000000693148690005000000014556119
00100010000000000000000132100000000963566500005000000020234900
00100010000000000000000132110000000260479910005000000005470078
00100010000000000000000132120000000186157030005000000003909297
00100010000000000000000132130000000096792930005000000002032652
00100010000000000000000132140000000092594590005000000001944486
00100010000000000000000132150000000291529500005000000006122119
00100010000000000000000132160000000027272730005000000000572727
00100010000000000000000132170000000629701750005000000013223738
00100010000000000000000132180000000008033060005000000000168694
00100010000000000000000132190000001696961000005000000035636188
00100010000000000000000132200000000331218530005000000006955591
00100010000000000000000132210000001202014000005000000025242288
00100010000000000000000132220000001125586380005000000023637313
00100010000000000000000132230000000028859570005000000000606051
00100010000000000000000132240000000099966880005000000002099304
00100010000000000000000132250000001173493130005000000024643363
00100010000000000000000132260000001263484750005000000026533175
00100010000000000000000132270000000793905000005000000016672006
00100010000000000000000132280000000963695250005000000020237600
00100010000000000000000132290000000331470940005000000006960891
00100010000000000000000132300000001736828880005000000036473413
00100010000000000000000132310000000185057840005000000003886216
00100010000000000000000132320000004029751750005000000084624775
00100010000000000000000132330000001113220500005000000023377638
00100010000000000000000132340000001194215750005000000025078525
00100010000000000000000132350000001248757880005000000026223913
00100010000000000000000132360000003763243750005000000079028125
00100010000000000000000132370000000038677690005000000000812231
00100010000000000000000132380000001032714560005000000021687006
00100010000000000000000132390000000247553160005000000005198616
00100010000000000000000132400000001360338750005000000028567113
00100010000000000000000132410000000071008270005000000001491173
00100010000000000000000132420000000260578520005000000005472148
00100010000000000000000132430000000042289260005000000000888074
00100010000000000000000132440000000158181810005000000003321819
00100010000000000000000132450000000513966880005000000010793306
00100010000000000000000132460000000057743800005000000001212620
00100010000000000000000132470000000139330580005000000002925942
00100010000000000000000132480000000202177690005000000004245731
00100010000000000000000132490000000142607440005000000002994756
00100010000000000000000132500000000212760330005000000004467967
00100010000000000000000132510000000012855370005000000000269963
00100010000000000000000132520000000025322310005000000000531769
00100010000000000000000132530000000055537190005000000001166281
00100010000000000000000132540000001769059880005000000037150263
00100010000000000000000132550000000091636370005000000001924363
00100010000000000000000132560000000546177810005000000011469731
00100010000000000000000132570000000388752000005000000008163794
00100010000000000000000132580000000371962810005000000007811219
00100010000000000000000132590000000383131750005000000008045766
00100010000000000000000132600000000397954280005000000008357041
00100010000000000000000132610000000409334440005000000008596025
00100010000000000000000132620000000175219300005000000003679605
00100010000000000000000132630000002162514000005000000045412800
00100010000000000000000132640000000318413220005000000006686678
00100010000000000000000132650000000113549480005000000002384539
00100010000000000000000132660000000113801660005000000002389834
00100010000000000000000132670000001191194380005000000025015088
00100010000000000000000132680000000304033190005000000006384697
00100010000000000000000132690000000068482940005000000001438141
00100010000000000000000132700000003091243000005000000064916100
00100010000000000000000132710000000385537190005000000008096281
00100010000000000000000132720000000529511690005000000011119744
00100010000000000000000132730000000080851210005000000001697875
00100010000000000000000132740000000271367780005000000005698722
00100010000000000000000132750000000043140500005000000000905950
00100010000000000000000132760000001251890130005000000026289688
00100010000000000000000132770000000094466120005000000001983788
00100010000000000000000132780000000012396690005000000000260331
00100010000000000000000132790000000270743810005000000005685619
00100010000000000000000132800000001352413000005000000028400675
00100010000000000000000132810000001760263630005000000036965538
00100010000000000000000132820000000668268630005000000014033638
00100010000000000000000132830000000480570250005000000010091975
00100010000000000000000132840000000228033060005000000004788694
00100010000000000000000132850000000013752070005000000000288793
00100010000000000000000132860000000234193390005000000004918061
00100010000000000000000132870000000087991730005000000001847827
00100010000000000000000132880000000064396700005000000001352330
00100010000000000000000132890000004459344000005000000093646200
00100010000000000000000132900000001139504130005000000023929588
00100010000000000000000132910000002216330250005000000046542925
00100010000000000000000132920000000529190000005000000011112988
00100010000000000000000132930000000865428000005000000018173988
00100010000000000000000132940000000293509440005000000006163697
00100010000000000000000132950000000102818180005000000002159182
00100010000000000000000132960000001078125000005000000022640625
00100010000000000000000132970000000697140500005000000014639950
00100010000000000000000132980000000702520750005000000014752938
00100010000000000000000132990000000420173380005000000008823641
00100010000000000000000133000000000577664750005000000012130963
00100010000000000000000133010000000498058130005000000010459219
00100010000000000000000133020000002842975250005000000059702475
00100010000000000000000133030000000969421690005000000020357856
00100010000000000000000133040000000823140250005000000017285944
00100010000000000000000133050000000262809910005000000005519009
00100010000000000000000133060000000395454530005000000008304547
00100010000000000000000133070000000676859500005000000014214050
00100010000000000000000133080000001453858750005000000030531038
00100010000000000000000133090000000200605380005000000004212713
00100010000000000000000133100000000148388440005000000003116156
00100010000000000000000133110000001323093380005000000027784963
00100010000000000000000133120000000033586780005000000000705322
00100010000000000000000133130000000929388000005000000019517150
00100010000000000000000133140000000003077690005000000000064631
00100010000000000000000133150000000344285030005000000007229984
00100010000000000000000133160000000005619830005000000000118017
00100010000000000000000133170000000330063840005000000006931341
00100010000000000000000133180000000173721690005000000003648155
00100010000000000000000133190000000351470660005000000007380884
00100010000000000000000133200000000587768750005000000012343144
00100010000000000000000133210000000804165310005000000016887469
00100010000000000000000133220000002302870750005000000048360275
00100010000000000000000133230000000970404940005000000020378506
00100010000000000000000133240000000151404950005000000003179505
00100010000000000000000133250000000724381810005000000015212019
00100010000000000000000133260000000180516530005000000003790847
00100010000000000000000133270000000327636500005000000006880366
00100010000000000000000133280000000722429310005000000015171019
00100010000000000000000133290000000560227380005000000011764775
00100010000000000000000133300000000126867770005000000002664223
00100010000000000000000133310000000571818310005000000012008181
00100010000000000000000133320000000253033060005000000005313694
00100010000000000000000133330000000614599880005000000012906600
00100010000000000000000133340000000128342980005000000002695202
00100010000000000000000133350000001208638500005000000025381413
00100010000000000000000133360000000079868590005000000001677241
00100010000000000000000133370000001124628130005000000023617188
00100010000000000000000133380000001440854880005000000030257950
00100010000000000000000133390000000787925190005000000016546431
00100010000000000000000133400000001313778250005000000027589350
00100010000000000000000133410000000322859500005000000006780050
00100010000000000000000133420000000038654550005000000000811745
00100010000000000000000133430000000110710740005000000002324926
00100010000000000000000133440000001573817750005000000033050175
00100010000000000000000133450000000579834380005000000012176519
00100010000000000000000133460000000631999750005000000013271994
00100010000000000000000133470000000486677590005000000010220228
00100010000000000000000133480000000862505190005000000018112606
00100010000000000000000133490000000136425630005000000002864938
00100010000000000000000133500000002748762000005000000057724000
00100010000000000000000133510000001464462750005000000030753725
00100010000000000000000133520000005242149000005000000110085100
00100010000000000000000133530000000153719020005000000003228098
00300010000000000000000008720000000039421490005000000000827851
00300010000000000000000008730000000047305790005000000000993421
00300010000000000000000008740000000096792930005000000002032652
00300010000000000000000008750000000013884300005000000000291570
00300010000000000000000008760000000064396700005000000001352330
00300010000000000000000008770000000270743810005000000005685619
00300010000000000000000008780000000014214880005000000000298512
00600010000000000000000646340000000036363640005000000000763636
00600010000000000000000646350000000036363640005000000000763636
00600010000000000000000646360000000059780990005000000001255401
00600010000000000000000646370000000011661160005000000000244884
00600010000000000000000646380000000074776860005000000001570314
00600010000000000000000646390000000031322310005000000000657769
00600010000000000000000646400000000130611570005000000002742843
00600010000000000000000646410000000035702480005000000000749752
00600010000000000000000646420000000027743800005000000000582620
00600010000000000000000646430000000003495870005000000000073413
00600010000000000000000646440000000070301660005000000001476334
00600010000000000000000646450000000054545450005000000001145455
00600010000000000000000646460000000018181820005000000000381818
00600010000000000000000646470000000036363640005000000000763636
00600010000000000000000646480000000054545450005000000001145455
00600010000000000000000646490000000018181820005000000000381818
00600010000000000000000646500000000038305790005000000000804421
00600010000000000000000646510000000025305790005000000000531421
00600010000000000000000646520000000017925620005000000000376438
00600010000000000000000646530000000028057850005000000000589215
00600010000000000000000646540000000020661160005000000000433884
00600010000000000000000646550000000040000000005000000000840000
00600010000000000000000646560000000013760330005000000000288967
00600010000000000000000646570000000072727270005000000001527273
00600010000000000000000646580000000018181820005000000000381818
00600010000000000000000646590000000045520660005000000000955934
00600010000000000000000646600000000018181820005000000000381818
00600010000000000000000646610000000007586780005000000000159322
00600010000000000000000646620000000136700000005000000002870700
00600010000000000000000646630000000098404960005000000002066504
00600010000000000000000646640000000007958680005000000000167132
00600010000000000000000646650000000018181820005000000000381818
00600010000000000000000646660000000036363640005000000000763636
00600010000000000000000646670000000020661160005000000000433884
00600010000000000000000646680000000102772730005000000002158227
00600010000000000000000646690000000007438020005000000000156198
00600010000000000000000646700000000027520660005000000000577934
00600010000000000000000646710000000002479340005000000000052066
00600010000000000000000646720000000036363640005000000000763636
00600010000000000000000646730000000036363640005000000000763636
00600010000000000000000646740000000036363640005000000000763636
00600010000000000000000646750000000022057850005000000000463215
00600010000000000000000646760000000004859500005000000000102050
00600010000000000000000646770000000023950410005000000000502959
00600010000000000000000646780000000074323870005000000001560802
00600010000000000000000646790000000035033060005000000000735694
00600010000000000000000646800000000041206610005000000000865339
00600010000000000000000646810000000144008270005000000003024173
00600010000000000000000646820000000036363640005000000000763636
00600010000000000000000646830000000036363640005000000000763636
00600010000000000000000646840000000036363640005000000000763636
00600010000000000000000646850000000209207950005000000004393367
00600010000000000000000646860000000160132230005000000003362777
00600010000000000000000646870000000093123970005000000001955603
00600010000000000000000646880000000042611570005000000000894843
00600010000000000000000646890000000066595040005000000001398496
00600010000000000000000646900000000211355380005000000004438463
00600010000000000000000646910000000036363640005000000000763636
00600010000000000000000646920000000020661160005000000000433884
00600010000000000000000646930000000071900830005000000001509917
00600010000000000000000646940000000102983470005000000002162653
00600010000000000000000646950000000020661160005000000000433884
00600010000000000000000646960000000078842980005000000001655702
00600010000000000000000646970000000027933880005000000000586612
00600010000000000000000646980000000089111570005000000001871343
00600010000000000000000646990000000016214880005000000000340512
00600010000000000000000647000000000046710740005000000000980926
00600010000000000000000647010000000009483470005000000000199153
00600010000000000000000647020000000246041330005000000005166867
00600010000000000000000647030000000031103310005000000000653169
00600010000000000000000647040000000077719010005000000001632099
00600010000000000000000647050000000192033060005000000004032694
00600010000000000000000647060000000001760330005000000000036967
00600010000000000000000647070000000036363640005000000000763636
00600010000000000000000647080000000056322310005000000001182769
00600010000000000000000647090000000031074380005000000000652562
00600010000000000000000647100000000017685950005000000000371405
00600010000000000000000647110000000010619830005000000000223017
00600010000000000000000647120000000030702480005000000000644752
00600010000000000000000647130000000001636360005000000000034364
00600010000000000000000647140000000036363640005000000000763636
00600010000000000000000647150000000020661160005000000000433884
00600010000000000000000647160000001511903250005000000031749963
00600010000000000000000647170000000185057840005000000003886216
00600010000000000000000647180000000009669420005000000000203058
00600010000000000000000647190000000114884300005000000002412570
00600010000000000000000647200000000009669420005000000000203058
00600010000000000000000647210000000020661160005000000000433884
00600010000000000000000647220000000079942150005000000001678785
00600010000000000000000647230000000081371900005000000001708810
00600010000000000000000647240000000036363640005000000000763636
00600010000000000000000647250000000065000000005000000001365000
00600010000000000000000647260000000155008270005000000003255173
00600010000000000000000647270000000020661160005000000000433884
00600010000000000000000647280000001785318630005000000037491688
00600010000000000000000647290000000067272770005000000001412728
00600010000000000000000647300000000028099170005000000000590083
00600010000000000000000647310000000023140500005000000000485950
00600010000000000000000647320000000082376030005000000001729897
00600010000000000000000647330000000146603390005000000003078670
00600010000000000000000647340000000155528920005000000003266108
00600010000000000000000647350000000190041250005000000003990867
00600010000000000000000647360000000058930420005000000001237539
00600010000000000000000647370000000271264440005000000005696553
00600010000000000000000647380000000077694220005000000001631578
00600010000000000000000647390000000135706610005000000002849839
00600010000000000000000647400000000023595040005000000000495496
00600010000000000000000647410000000276215090005000000005800516
00600010000000000000000647420000000292020940005000000006132441
00600010000000000000000647430000000063884300005000000001341570
00600010000000000000000647440000000006247930005000000000131207
00600010000000000000000647450000000029669420005000000000623058
00600010000000000000000647460000000020661160005000000000433884
00600010000000000000000647470000000020661160005000000000433884
00600010000000000000000647480000000013305790005000000000279421
00600010000000000000000647490000000029975210005000000000629479
00600010000000000000000647500000000020206610005000000000424339
00600010000000000000000647510000000036363640005000000000763636
00600010000000000000000647520000000036363640005000000000763636
00600010000000000000000647530000000029396690005000000000617331
00600010000000000000000647540000000036363640005000000000763636
00600010000000000000000647550000000076780990005000000001612401
00600010000000000000000647560000000321665280005000000006754972
00600010000000000000000647570000000052264460005000000001097554
00600010000000000000000647580000000241547810005000000005072503
00600010000000000000000647590000000064958680005000000001364132
00600010000000000000000647600000000027892560005000000000585744
00600010000000000000000647610000000130801660005000000002746834
00600010000000000000000647620000000038157020005000000000801298
00600010000000000000000647630000000128582650005000000002700235
00600010000000000000000647640000000014264460005000000000299554
00600010000000000000000647650000000006247930005000000000131207
00600010000000000000000647660000000036363640005000000000763636
00600010000000000000000647670000000015842980005000000000332702
00600010000000000000000647680000000021123970005000000000443603
00600010000000000000000647690000000010413220005000000000218678
00600010000000000000000647700000000006247930005000000000131207
00600010000000000000000647710000000036363640005000000000763636
00600010000000000000000647720000000020677690005000000000434231
00600010000000000000000647730000000072727270005000000001527273
00600010000000000000000647740000000003545450005000000000074455
00600010000000000000000647750000000139016530005000000002919347
00600010000000000000000647760000000022314050005000000000468595
00600010000000000000000647770000000009892560005000000000207744
00600010000000000000000647780000000036363640005000000000763636
00600010000000000000000647790000000009123970005000000000191603
00600010000000000000000647800000000019859500005000000000417050
00600010000000000000000647810000000025140500005000000000527950
00600010000000000000000647820000000244673500005000000005138144
00600010000000000000000647830000000224925630005000000004723438
00600010000000000000000647840000000036363640005000000000763636
00600010000000000000000647850000000038528930005000000000809107
00600010000000000000000647860000000047305790005000000000993421
00600010000000000000000647870000000246743800005000000005181620
00600010000000000000000647880000000020661160005000000000433884
00600010000000000000000647890000000019677690005000000000413231
00600010000000000000000647900000000072130580005000000001514742
00600010000000000000000647910000000120082650005000000002521735
00600010000000000000000647920000000130801660005000000002746834
00600010000000000000000647930000000015768590005000000000331141
00600010000000000000000647940000000018181820005000000000381818
00600010000000000000000647950000000026115700005000000000548430
00600010000000000000000647960000000151900830005000000003189917
00600010000000000000000647970000000232520660005000000004882934
00600010000000000000000647980000000036363640005000000000763636
00600010000000000000000647990000000036363640005000000000763636
00600010000000000000000648000000000017404960005000000000365504
00600010000000000000000648010000000017404960005000000000365504
00600010000000000000000648020000000065123970005000000001367603
00600010000000000000000648030000000018181820005000000000381818
00600010000000000000000648040000000019469420005000000000408858
00600010000000000000000648050000000066867770005000000001404223
00600010000000000000000648060000000052884300005000000001110570
00600010000000000000000648070000000021123970005000000000443603
00600010000000000000000648080000000036363640005000000000763636
00600010000000000000000648090000000036363640005000000000763636
00600010000000000000000648100000000036363640005000000000763636
00600010000000000000000648110000000036363640005000000000763636
00600010000000000000000648120000000020661160005000000000433884
00600010000000000000000648130000000020661160005000000000433884
00600010000000000000000648140000000036363640005000000000763636
00600010000000000000000648150000000363636380005000000007636363
00600010000000000000000648160000000036363640005000000000763636
00600010000000000000000648170000000036363640005000000000763636
00600010000000000000000648180000000019834710005000000000416529
00600010000000000000000648190000000020661160005000000000433884
00600010000000000000000648200000000026380170005000000000553983
00600010000000000000000648210000000108842980005000000002285702
00600010000000000000000648220000000036363640005000000000763636
00600010000000000000000648230000000127078480005000000002668648
00600010000000000000000648240000000017913220005000000000376178
00600010000000000000000648250000000203086780005000000004264822
00600010000000000000000648260000000153334700005000000003220030
00600010000000000000000648270000000036363640005000000000763636
00600010000000000000000648280000000031322310005000000000657769
00600010000000000000000648290000000020661160005000000000433884
00600010000000000000000648300000000020661160005000000000433884
00600010000000000000000648310000000020661160005000000000433884
00600010000000000000000648320000000036363640005000000000763636
00600010000000000000000648330000000010074380005000000000211562
00600010000000000000000648340000000036363640005000000000763636
00600010000000000000000648350000000036363640005000000000763636
00600010000000000000000648360000000433569380005000000009104956
00600010000000000000000648370000000008520660005000000000178934
00600010000000000000000648380000000010074380005000000000211562
00600010000000000000000648390000000007603310005000000000159669
00600010000000000000000648400000000033247930005000000000698207
00600010000000000000000648410000000045702480005000000000959752
00600010000000000000000648420000000034132230005000000000716777
00600010000000000000000648430000000218595050005000000004590495
00600010000000000000000648440000000015669420005000000000329058
00600010000000000000000648450000000061772730005000000001297227
00600010000000000000000648460000000011322310005000000000237769
00600010000000000000000648470000000020413220005000000000428678
00600010000000000000000648480000000010206610005000000000214339
00600010000000000000000648490000000036363640005000000000763636
00600010000000000000000648500000000020305790005000000000426421
00600010000000000000000648510000000033247930005000000000698207
00600010000000000000000648520000000036363640005000000000763636
00600010000000000000000648530000000051520660005000000001081934
00600010000000000000000648540000000017198350005000000000361165
00600010000000000000000648550000000020661160005000000000433884
00600010000000000000000648560000000036363640005000000000763636
00600010000000000000000648570000000036363640005000000000763636
00600010000000000000000648580000000020661160005000000000433884
00600010000000000000000648590000000031611570005000000000663843
00600010000000000000000648600000000126776860005000000002662314
00600010000000000000000648610000000020661160005000000000433884
00600010000000000000000648620000000020661160005000000000433884
00600010000000000000000648630000000020661160005000000000433884
00600010000000000000000648640000000182308270005000000003828473
00600010000000000000000648650000000036363640005000000000763636
00600010000000000000000648660000000020661160005000000000433884
00600010000000000000000648670000000020661160005000000000433884
00600010000000000000000648680000000020661160005000000000433884
00600010000000000000000648690000000020661160005000000000433884
00600010000000000000000648700000000015805790005000000000331921
00600010000000000000000648710000000237373140005000000004984836
00600010000000000000000648720000000122231410005000000002566859
00600010000000000000000648730000000026347110005000000000553289
00600010000000000000000648740000000027603310005000000000579669
00600010000000000000000648750000000036363640005000000000763636
00600010000000000000000648760000000020661160005000000000433884
00600010000000000000000648770000000078181820005000000001641818
00600010000000000000000648780000000018595040005000000000390496
00600010000000000000000648790000000467991840005000000009827828
00600010000000000000000648800000000054000000005000000001134000
00600010000000000000000648810000000114599170005000000002406583
00600010000000000000000648820000000043636360005000000000916364
00600010000000000000000648830000000476479250005000000010006063
00600010000000000000000648840000000624561690005000000013115794
00600010000000000000000648850000000514847630005000000010811800
00600010000000000000000648860000000142181810005000000002985819
00600010000000000000000648870000000039684550005000000000833375
00600010000000000000000648880000000226876030005000000004764397
00600010000000000000000648890000000270173560005000000005673644
00600010000000000000000648900000000206082640005000000004327736
00600010000000000000000648910000000475227280005000000009979772
00600010000000000000000648920000000325880220005000000006843484
00600010000000000000000648930000000486942160005000000010225784
00600010000000000000000648940000000011239670005000000000236033
00600010000000000000000648950000000168351230005000000003535377
00600010000000000000000648960000000031900830005000000000669917
00600010000000000000000648970000000068210740005000000001432426
00600010000000000000000648980000000246743800005000000005181620
00600010000000000000000648990000000913293630005000000019179163
00600010000000000000000649000000000564582810005000000011856238
00600010000000000000000649010000000034280710005000000000719895
00600010000000000000000649020000000063338840005000000001330116
00600010000000000000000649030000000083041320005000000001743868
00600010000000000000000649040000000055735540005000000001170446
00600010000000000000000649050000000009090910005000000000190909
00600010000000000000000649060000000050157020005000000001053298
00600010000000000000000649070000000159206610005000000003343339
00600010000000000000000649080000000018181820005000000000381818
00600010000000000000000649090000000081347110005000000001708289
00600010000000000000000649100000000020661160005000000000433884
00600010000000000000000649110000000026115700005000000000548430
00600010000000000000000649120000000096520660005000000002026934
00600010000000000000000649130000000249169420005000000005232558
00600010000000000000000649140000000141472730005000000002970927
00600010000000000000000649150000000020648760005000000000433624
00600010000000000000000649160000000006768600005000000000142140
00600010000000000000000649170000000011975210005000000000251479
00600010000000000000000649180000000018595040005000000000390496
00600010000000000000000649190000000020661160005000000000433884
00600010000000000000000649200000000052475210005000000001101979
00600010000000000000000649210000000080198340005000000001684166
00600010000000000000000649220000000048260330005000000001013467
00600010000000000000000649230000000036363640005000000000763636
00600010000000000000000649240000000209111560005000000004391344
00600010000000000000000649250000000129669420005000000002723058
00600010000000000000000649260000000237049590005000000004978041
00600010000000000000000649270000000062099170005000000001304083
00600010000000000000000649280000000021917360005000000000460264
00600010000000000000000649290000000053884300005000000001131570
00600010000000000000000649300000000142884300005000000003000570
00600010000000000000000649310000000081909090005000000001720091
00600010000000000000000649320000000116330580005000000002442942
00600010000000000000000649330000000036363640005000000000763636
00600010000000000000000649340000000489586780005000000010281322
00600010000000000000000649350000000114735540005000000002409446
00600010000000000000000649360000000268235530005000000005632947
00600010000000000000000649370000000047876030005000000001005397
00600010000000000000000649380000000072743800005000000001527620
00600010000000000000000649390000000020892560005000000000438744
00600010000000000000000649400000000202760330005000000004257967
00600010000000000000000649410000000066595040005000000001398496
00600010000000000000000649420000000036363640005000000000763636
00600010000000000000000649430000000036363640005000000000763636
00600010000000000000000649440000000097082650005000000002038735
00600010000000000000000649450000000291636380005000000006124363
00600010000000000000000649460000000028190080005000000000591992
00600010000000000000000649470000000384537060005000000008075278
00600010000000000000000649480000000013338840005000000000280116
00600010000000000000000649490000000000115700005000000000002430
00600010000000000000000649500000000087528920005000000001838108
00600010000000000000000649510000000141495880005000000002971413
00600010000000000000000649520000000036363640005000000000763636
00600010000000000000000649530000000018181820005000000000381818
00600010000000000000000649540000000102549590005000000002153541
00600010000000000000000649550000000018743800005000000000393620
00600010000000000000000649560000000123004130005000000002583087
00600010000000000000000649570000000023206610005000000000487339
00600010000000000000000649580000000001024790005000000000021521
00600010000000000000000649590000000042086780005000000000883822
00600010000000000000000649600000000285884310005000000006003569
00600010000000000000000649610000000020537190005000000000431281
00600010000000000000000649620000000190504130005000000004000588
00600010000000000000000649630000000077871900005000000001635310
00600010000000000000000649640000000024867770005000000000522223
00600010000000000000000649650000000056859500005000000001194050
00600010000000000000000649660000000031983470005000000000671653
00600010000000000000000649670000000078161160005000000001641384
00600010000000000000000649680000000234545450005000000004925455
00600010000000000000000649690000000036892560005000000000774744
00600010000000000000000649700000000086210740005000000001810426
00600010000000000000000649710000000048793390005000000001024661
00600010000000000000000649720000000090644630005000000001903538
00600010000000000000000649730000000032665290005000000000685971
00600010000000000000000649740000000027041320005000000000567868
00600010000000000000000649750000000036363640005000000000763636
00600010000000000000000649760000000422777000005000000008878316
00600010000000000000000649770000000380008250005000000007980175
00600010000000000000000649780000000139760310005000000002934966
00600010000000000000000649790000000035107430005000000000737256
00600010000000000000000649800000000656889130005000000013794675
00600010000000000000000649810000000065541320005000000001376368
00600010000000000000000649820000000018314050005000000000384595
00600010000000000000000649830000000160681810005000000003374319
00600010000000000000000649840000000157243800005000000003302120
00600010000000000000000649850000000055429750005000000001164025
00600010000000000000000649860000000091966950005000000001931305
00600010000000000000000649870000000077695870005000000001631613
00600010000000000000000649880000000239131970005000000005021772
00600010000000000000000649890000000131082640005000000002752736
00600010000000000000000649900000000620108130005000000013022269
00600010000000000000000649910000000397008250005000000008337175
00600010000000000000000649920000000063800000005000000001339800
00600010000000000000000649930000001313778250005000000027589350
00600010000000000000000649940000000056066120005000000001177388
00600010000000000000000649950000000011309920005000000000237508
00600010000000000000000649960000000114917340005000000002413264
00600010000000000000000649970000000036363640005000000000763636
00600010000000000000000649980000000027107440005000000000569256
00600010000000000000000649990000000036363640005000000000763636
00600010000000000000000650000000000048793390005000000001024661
00600010000000000000000650010000000036570250005000000000767975
00600010000000000000000650020000000142743800005000000002997620
00600010000000000000000650030000000012396690005000000000260331
00600010000000000000000650040000000114049590005000000002395041
00600010000000000000000650050000000106842980005000000002243702
00600010000000000000000650060000000002975210005000000000062479
00600010000000000000000650070000000058776860005000000001234314
00600010000000000000000650080000000048471070005000000001017893
00600010000000000000000650090000000151322310005000000003177769
00600010000000000000000650100000000069090910005000000001450909
00600010000000000000000650110000000026272730005000000000551727
00600010000000000000000650120000000027929750005000000000586525
00600010000000000000000650130000000006082640005000000000127736
00600010000000000000000650140000000027834710005000000000584529
00600010000000000000000650150000000081851240005000000001718876
00600010000000000000000650160000000155966940005000000003275306
00600010000000000000000650170000000095466950005000000002004805
00600010000000000000000650180000000095466950005000000002004805
00600010000000000000000650190000000006392560005000000000134244
00600010000000000000000650200000000089495870005000000001879413
00600010000000000000000650210000000191776860005000000004027314
00600010000000000000000650220000000060099170005000000001262083
00600010000000000000000650230000000053884300005000000001131570
00600010000000000000000650240000000148838840005000000003125616
00600010000000000000000650250000000201516530005000000004231847
00600010000000000000000650260000000031603310005000000000663669
00600010000000000000000650270000000026834710005000000000563529
00600010000000000000000650280000000031752070005000000000666794
00600010000000000000000650290000000048433060005000000001017094
00600010000000000000000650300000000014330580005000000000300942
00600010000000000000000650310000000195698340005000000004109666
00600010000000000000000650320000000058727270005000000001233273
00600010000000000000000650330000000003694210005000000000077579
00600010000000000000000650340000000149925630005000000003148438
00600010000000000000000650350000000040644630005000000000853537
00600010000000000000000650360000000049586780005000000001041322
00600010000000000000000650370000000142148770005000000002985123
00600010000000000000000650380000000210247940005000000004415206
00600010000000000000000650390000000110611570005000000002322843
00600010000000000000000650400000000123355340005000000002590463
00600010000000000000000650410000000264297530005000000005550247
00600010000000000000000650420000000036363640005000000000763636
00600010000000000000000650430000000048049590005000000001009041
00600010000000000000000650440000000018181820005000000000381818
00600010000000000000000650450000000018181820005000000000381818
00600010000000000000000650460000000043966940005000000000923306
00600010000000000000000650470000000036363640005000000000763636
00600010000000000000000650480000000065586770005000000001377323
00600010000000000000000650490000000263847090005000000005540791
00600010000000000000000650500000000070585130005000000001482288
00600010000000000000000650510000000080264460005000000001685554
00600010000000000000000650520000000111677690005000000002345231
00600010000000000000000650530000000071206610005000000001495339
00600010000000000000000650540000000071851240005000000001508876
00600010000000000000000650550000000009342980005000000000196202
00600010000000000000000650560000000126347110005000000002653289
00600010000000000000000650570000000058512400005000000001228760
00600010000000000000000650580000000119280990005000000002504901
00600010000000000000000650590000000485776660005000000010201309
00600010000000000000000650600000000392460880005000000008241678
00600010000000000000000650610000000617620560005000000012970031
00600010000000000000000650620000000095888430005000000002013657
00600010000000000000000650630000000071735540005000000001506446
00600010000000000000000650640000000040330580005000000000846942
00600010000000000000000650650000000050247930005000000001055207
00600010000000000000000650660000000266049590005000000005587041
00600010000000000000000650670000000328909190005000000006907094
00600010000000000000000650680000000321917560005000000006760269
00600010000000000000000650690000000615607440005000000012927756
00600010000000000000000650700000000825397250005000000017333344
00600010000000000000000650710000000036363640005000000000763636
00600010000000000000000650720000000008289260005000000000174074
00600010000000000000000650730000000036363640005000000000763636
00600010000000000000000650740000000021425620005000000000449938
00600010000000000000000650750000000096727270005000000002031273
00600010000000000000000650760000000010404960005000000000218504
00600010000000000000000650770000000055140500005000000001157950
00600010000000000000000650780000000007586780005000000000159322
00600010000000000000000650790000000032925620005000000000691438
00600010000000000000000650800000000043694210005000000000917579
00600010000000000000000650810000000036363640005000000000763636
00600010000000000000000650820000000045289260005000000000951074
00600010000000000000000650830000000064595040005000000001356496
00600010000000000000000650840000000047404960005000000000995504
00600010000000000000000650850000000036363640005000000000763636
00600010000000000000000650860000000036363640005000000000763636
00600010000000000000000650870000000092628100005000000001945190
00600010000000000000000650880000000084859510005000000001782049
00600010000000000000000650890000000041652890005000000000874711
00600010000000000000000650900000000057652890005000000001210711
00600010000000000000000650910000000391983340005000000008231650
00600010000000000000000650920000000119280970005000000002504900
00600010000000000000000650930000000025785120005000000000541488
00600010000000000000000650940000000033057850005000000000694215
00600010000000000000000650950000000127074380005000000002668562
00600010000000000000000650960000000033851240005000000000710876
00600010000000000000000650970000000053818180005000000001130182
00600010000000000000000650980000000020661160005000000000433884
00600010000000000000000650990000000000991740005000000000020826
00600010000000000000000651000000000133644630005000000002806538
00600010000000000000000651010000000088330580005000000001854942
00600010000000000000000651020000000033057850005000000000694215
00600010000000000000000651030000000040826450005000000000857355
00600010000000000000000651040000000044628100005000000000937190
00600010000000000000000651050000000043173550005000000000906645
00600010000000000000000651060000000122181820005000000002565818
00600010000000000000000651070000000070760330005000000001485967
00600010000000000000000651080000000241224380005000000005065713
00600010000000000000000651090000000350479340005000000007360066
00600010000000000000000651100000000017355370005000000000364463
00600010000000000000000651110000000235330630005000000004941944
00600010000000000000000651120000000036363640005000000000763636
00600010000000000000000651130000000041355370005000000000868463
00600010000000000000000651140000000020231400005000000000424860
00600010000000000000000651150000000008776860005000000000184314
00600010000000000000000651160000000022388430005000000000470157
00600010000000000000000651170000000102165290005000000002145471
00600010000000000000000651180000000189223140005000000003973686
00600010000000000000000651190000000036363640005000000000763636
00600010000000000000000651200000000053966940005000000001133306
00600010000000000000000651210000000398305780005000000008364422
00600010000000000000000651220000000067239670005000000001412033
00600010000000000000000651230000000072892480005000000001530742
00600010000000000000000651240000000067809910005000000001424009
00600010000000000000000651250000000088347100005000000001855289
00600010000000000000000651260000000020247930005000000000425207
00600010000000000000000651270000000060991730005000000001280827
00600010000000000000000651280000000008793390005000000000184661
00600010000000000000000651290000000151206610005000000003175339
00600010000000000000000651300000000047603300005000000000999670
00600010000000000000000651310000000098644630005000000002071538
00600010000000000000000651320000000195702480005000000004109752
00600010000000000000000651330000000009652890005000000000202711
00600010000000000000000651340000000016198350005000000000340165
00600010000000000000000651350000000019388430005000000000407157
00600010000000000000000651360000000119074380005000000002500562
00600010000000000000000651370000000103735540005000000002178446
00600010000000000000000651380000000095348760005000000002002324
00600010000000000000000651390000000156793390005000000003292661
00600010000000000000000651400000000017190080005000000000360992
00600010000000000000000651410000000005991740005000000000125826
00600010000000000000000651420000000159603170005000000003351667
00600010000000000000000651430000000161008390005000000003381177
00600010000000000000000651440000000056303720005000000001182378
00600010000000000000000651450000000017033060005000000000357694
00600010000000000000000651460000000041057850005000000000862215
00600010000000000000000651470000000090115700005000000001892430
00600010000000000000000651480000000065619840005000000001378016
00600010000000000000000651490000000095818180005000000002012182
00600010000000000000000651500000000036363640005000000000763636
00600010000000000000000651510000000255735530005000000005370447
00600010000000000000000651520000000050115840005000000001052432
00600010000000000000000651530000000257520660005000000005407934
00600010000000000000000651540000000338909310005000000007117097
00600010000000000000000651550000000639239750005000000013424038
00600010000000000000000651560000000098481980005000000002068122
00600010000000000000000651570000000032314050005000000000678595
00600010000000000000000651580000000099966950005000000002099305
00600010000000000000000651590000000065619840005000000001378016
00600010000000000000000651600000000212561980005000000004463802
00600010000000000000000651610000000085090910005000000001786909
00600010000000000000000651620000000094148760005000000001977124
00600010000000000000000651630000000091033050005000000001911695
00600010000000000000000651640000000099041320005000000002079868
00600010000000000000000651650000000006876030005000000000144397
00600010000000000000000651660000000096892560005000000002034744
00600010000000000000000651670000000059289260005000000001245074
00600010000000000000000651680000000036363640005000000000763636
00600010000000000000000651690000000010743800005000000000225620
00600010000000000000000651700000000010413220005000000000218678
00600010000000000000000651710000000016661160005000000000349884
00600010000000000000000651720000000111735540005000000002346446
00600010000000000000000651730000000018181820005000000000381818
00600010000000000000000651740000000152198340005000000003196166
00600010000000000000000651750000000147437980005000000003096198
00600010000000000000000651760000000406082500005000000008527731
00600010000000000000000651770000000041851240005000000000878876
00600010000000000000000651780000000027743800005000000000582620
00600010000000000000000651790000000003719010005000000000078099
00600010000000000000000651800000000036363640005000000000763636
00600010000000000000000651810000000058461160005000000001227684
00600010000000000000000651820000000299570250005000000006290975
00600010000000000000000651830000000013884300005000000000291570
00600010000000000000000651840000000138182050005000000002901823
00600010000000000000000651850000000067239670005000000001412033
00600010000000000000000651860000000144049590005000000003025041
00600010000000000000000651870000000025785120005000000000541488
00600010000000000000000651880000000057694210005000000001211579
00600010000000000000000651890000000011530580005000000000242142
00600010000000000000000651900000000072033050005000000001512695
00600010000000000000000651910000000800194440005000000016804081
00600010000000000000000651920000000803776880005000000016879313
00600010000000000000000651930000000773956630005000000016253088
00600010000000000000000651940000000502743810005000000010557619
00600010000000000000000651950000000189223140005000000003973686
00600010000000000000000651960000000304000000005000000006384000
00600010000000000000000651970000000037272730005000000000782727
00600010000000000000000651980000000024462810005000000000513719
00600010000000000000000651990000000522645000005000000010975544
00600010000000000000000652000000000213308080005000000004479469
00600010000000000000000652010000000040793390005000000000856661
00600010000000000000000652020000000080165290005000000001683471
00600010000000000000000652030000000180045280005000000003780952
00600010000000000000000652040000000037090910005000000000778909
00600010000000000000000652050000000058537190005000000001229281
00600010000000000000000652060000000033057850005000000000694215
00600010000000000000000652070000000053636360005000000001126364
00600010000000000000000652080000000103801700005000000002179830
00600010000000000000000652090000000013917360005000000000292264
00600010000000000000000652100000000031822310005000000000668269
00600010000000000000000652110000000171537190005000000003602281
00600010000000000000000652120000000011966940005000000000251306
00600010000000000000000652130000000135669420005000000002849058
00600010000000000000000652140000000198537190005000000004169281
00600010000000000000000652150000000281826440005000000005918356
00600010000000000000000652160000000036363640005000000000763636
00600010000000000000000652160000000009148760005000000000192124
00600010000000000000000652170000000018413220005000000000386678
00600010000000000000000652180000000031962810005000000000671219
00600010000000000000000652190000000028099170005000000000590083
00600010000000000000000652200000000049173550005000000001032645
00600010000000000000000652210000000075061980005000000001576302
00600010000000000000000652220000000017479340005000000000367066
00600010000000000000000652230000000269157530005000000005652309
00600010000000000000000652240000000063074380005000000001324562
00600010000000000000000652250000000019512400005000000000409760
00600010000000000000000652260000000036363640005000000000763636
00600010000000000000000652270000000002256200005000000000047380
00600010000000000000000652280000000015694210005000000000329579
00600010000000000000000652290000000016363640005000000000343636
00600010000000000000000652300000000033768590005000000000709141
00600010000000000000000652310000000046533060005000000000977194
00600010000000000000000652320000000034276860005000000000719814
00600010000000000000000652330000000036363640005000000000763636
00600010000000000000000652340000000119690090005000000002513491
00600010000000000000000652350000000124958680005000000002624132
00600010000000000000000652360000000045950410005000000000964959
00600010000000000000000652370000000126326290005000000002652852
00600010000000000000000652380000000016115700005000000000338430
00600010000000000000000652390000000040165290005000000000843471
00600010000000000000000652400000000071900830005000000001509917
00600010000000000000000652410000000112115700005000000002354430
00600010000000000000000652420000000036363640005000000000763636
00600010000000000000000652430000000014049590005000000000295041
00600010000000000000000652440000000044818180005000000000941182
00600010000000000000000652450000000015991740005000000000335826
00600010000000000000000652460000000072727270005000000001527273
00600010000000000000000652470000000036363640005000000000763636
00600010000000000000000652480000000033471070005000000000702893
00600010000000000000000652490000000027272730005000000000572727
00600010000000000000000652500000000108599170005000000002280583
00600010000000000000000652510000000433652840005000000009106709
00600010000000000000000652520000000141462810005000000002970719
00600010000000000000000652530000000025371900005000000000532810
00600010000000000000000652540000000035537190005000000000746281
00600010000000000000000652550000000044537190005000000000935281
00600010000000000000000652560000000036363640005000000000763636
00600010000000000000000652570000000083264460005000000001748554
00600010000000000000000652580000000095598340005000000002007566
00600010000000000000000652590000000035123970005000000000737603
00600010000000000000000652600000000043842980005000000000920702
00600010000000000000000652610000000049016530005000000001029347
00600010000000000000000652620000000014231410005000000000298859
00600010000000000000000652630000000154694220005000000003248578
00600010000000000000000652640000000102981420005000000002162610
00600010000000000000000652650000000223528880005000000004694106
00600010000000000000000652660000000282888530005000000005940659
00600010000000000000000652670000000182012390005000000003822261
00600010000000000000000652680000000040495870005000000000850413
00600010000000000000000652690000000125330580005000000002631942
00600010000000000000000652700000000031652890005000000000664711
00600010000000000000000652710000000036363640005000000000763636
00600010000000000000000652720000000036363640005000000000763636
00600010000000000000000652730000000036363640005000000000763636
00600010000000000000000652740000000026404960005000000000554504
00600010000000000000000652750000000033991730005000000000713827
00600010000000000000000652760000000075247940005000000001580206
00600010000000000000000652770000000022066120005000000000463388
00800010000000000000000018780000001785318630005000000037491688
00800010000000000000000018790000000130801660005000000002746834
00800010000000000000000018800000000013016530005000000000273347
00800010000000000000000018810000000038528930005000000000809107
00800010000000000000000018820000000015371900005000000000322810
00800010000000000000000018830000000211355380005000000004438463
00800010000000000000000018840000000066595040005000000001398496
00800010000000000000000018850000000142884300005000000003000570
00800010000000000000000018860000000048793390005000000001024661
00800010000000000000000018870000000095466950005000000002004805
00800010000000000000000018880000000065619840005000000001378016
00800010000000000000000018890000000096892560005000000002034744
00800010000000000000000018900000000028099170005000000000590083
00800010000000000000000018910000000029152890005000000000612211
00800010000000000000000018920000000008776860005000000000184314
00100011000000000000000021150000000103471080005000000002172892
00100011000000000000000021160000000029305790005000000000615421
00100011000000000000000021170000000132644630005000000002785538
00100011000000000000000021180000000101404960005000000002129504
00100011000000000000000021190000000033057850005000000000694215
00100011000000000000000021200000000301570250005000000006332975
00100011000000000000000021210000000105950410005000000002224959
00100011000000000000000021220000000049502480005000000001039552
00100011000000000000000021230000000031859500005000000000669050
00100011000000000000000021240000000286611560005000000006018844
00100011000000000000000021250000000104628100005000000002197190
00100011000000000000000021260000000290826440005000000006107356
00100011000000000000000021270000000119826450005000000002516355
00100011000000000000000021280000000040495870005000000000850413
00100011000000000000000021290000000147977690005000000003107531
00100011000000000000000021300000000018968600005000000000398340
00100011000000000000000021310000000054297520005000000001140248
00100011000000000000000021320000000164429750005000000003453025
00100011000000000000000021330000000003719010005000000000078099
00100011000000000000000021340000000128925620005000000002707438
00100011000000000000000021350000000012297520005000000000258248
00300011000000000000000001110000000286611560005000000006018844
00600011000000000000000445600000000036363640005000000000763636
00600011000000000000000445610000000020661160005000000000433884
00600011000000000000000445620000000027892560005000000000585744
00600011000000000000000445630000000020661160005000000000433884
00600011000000000000000445640000000036363640005000000000763636
00600011000000000000000445650000000036363640005000000000763636
00600011000000000000000445660000000041404960005000000000869504
00600011000000000000000445670000000020661160005000000000433884
00600011000000000000000445680000000040495870005000000000850413
00600011000000000000000445690000000043388400005000000000911157
00600011000000000000000445700000000040495870005000000000850413
00600011000000000000000445710000000074884300005000000001572570
00600011000000000000000445720000000005900830005000000000123917
00600011000000000000000445730000000083721480005000000001758152
00600011000000000000000445740000000104739670005000000002199533
00600011000000000000000445750000000010413220005000000000218678
00600011000000000000000445760000000042289260005000000000888074
00600011000000000000000445770000000017702480005000000000371752
00600011000000000000000445780000000036297520005000000000762248
00600011000000000000000445790000000036363640005000000000763636
00600011000000000000000445800000000146905380005000000003085013
00600011000000000000000445810000000151735530005000000003186447
00600011000000000000000445820000000016528930005000000000347107
00600011000000000000000445830000000037132230005000000000779777
00600011000000000000000445840000000030578510005000000000642149
00600011000000000000000445850000000040495870005000000000850413
00600011000000000000000445860000000038181820005000000000801818
00600011000000000000000445870000000076099170005000000001598083
00600011000000000000000445880000000020661160005000000000433884
00600011000000000000000445890000000040495870005000000000850413
00600011000000000000000445900000000014355370005000000000301463
00600011000000000000000445910000000038355370005000000000805463
00600011000000000000000445920000000040495870005000000000850413
00600011000000000000000445930000000053289260005000000001119074
00600011000000000000000445940000000518305780005000000010884422
00600011000000000000000445950000000059008270005000000001239173
00600011000000000000000445960000000040495870005000000000850413
00600011000000000000000445970000000007471070005000000000156893
00600011000000000000000445980000000016289260005000000000342074
00600011000000000000000445990000000010413220005000000000218678
00600011000000000000000446000000000072727270005000000001527273
00600011000000000000000446010000000020991740005000000000440826
00600011000000000000000446020000000162061980005000000003403302
00600011000000000000000446030000000078677690005000000001652231
00600011000000000000000446040000000024371900005000000000511810
00600011000000000000000446050000000036363640005000000000763636
00600011000000000000000446060000000036363640005000000000763636
00600011000000000000000446070000000036363640005000000000763636
00600011000000000000000446080000000020661160005000000000433884
00600011000000000000000446090000000010413220005000000000218678
00600011000000000000000446100000000001983470005000000000041653
00600011000000000000000446110000000020661160005000000000433884
00600011000000000000000446120000000008884300005000000000186570
00600011000000000000000446130000000020661160005000000000433884
00600011000000000000000446140000000046152890005000000000969211
00600011000000000000000446150000000114495870005000000002404413
00600011000000000000000446160000000027466940005000000000576806
00600011000000000000000446170000000036363640005000000000763636
00600011000000000000000446180000000031400830005000000000659417
00600011000000000000000446190000000040495870005000000000850413
00600011000000000000000446200000000046611570005000000000978843
00600011000000000000000446210000000103537190005000000002174281
00600011000000000000000446220000000090710740005000000001904926
00600011000000000000000446230000000127669420005000000002681058
00600011000000000000000446240000000023140500005000000000485950
00600011000000000000000446250000000116561980005000000002447802
00600011000000000000000446260000000020661160005000000000433884
00600011000000000000000446270000000010909090005000000000229091
00600011000000000000000446280000000058095040005000000001219996
00600011000000000000000446290000000008479340005000000000178066
00600011000000000000000446300000000012421490005000000000260851
00600011000000000000000446310000000038074380005000000000799562
00600011000000000000000446320000000184388440005000000003872156
00600011000000000000000446330000000040247930005000000000845207
00600011000000000000000446340000000147881810005000000003105519
00600011000000000000000446350000000030991740005000000000650826
00600011000000000000000446360000000037950410005000000000796959
00600011000000000000000446370000000071880160005000000001509484
00600011000000000000000446380000000011157020005000000000234298
00600011000000000000000446390000000040495870005000000000850413
00600011000000000000000446400000000033057850005000000000694215
00600011000000000000000446410000000007958680005000000000167132
00600011000000000000000446420000000010909090005000000000229091
00600011000000000000000446430000000048165290005000000001011471
00600011000000000000000446440000000016066120005000000000337388
00600011000000000000000446450000000020661160005000000000433884
00600011000000000000000446460000000015950410005000000000334959
00600011000000000000000446470000000040495870005000000000850413
00600011000000000000000446480000000040495870005000000000850413
00600011000000000000000446490000000025512400005000000000535760
00600011000000000000000446500000000003719010005000000000078099
00600011000000000000000446510000000040495870005000000000850413
00600011000000000000000446520000000040495870005000000000850413
00600011000000000000000446530000000040495870005000000000850413
00600011000000000000000446540000000004132230005000000000086777
00600011000000000000000446550000000040495870005000000000850413
00600011000000000000000446560000000110413230005000000002318677
00600011000000000000000446570000000050227270005000000001054773
00600011000000000000000446580000000010578510005000000000222149
00600011000000000000000446590000000068016530005000000001428347
00600011000000000000000446600000000015123970005000000000317603
00600011000000000000000446610000000235264470005000000004940553
00600011000000000000000446620000000268165280005000000005631472
00600011000000000000000446630000000040884300005000000000858570
00600011000000000000000446640000000040495870005000000000850413
00600011000000000000000446650000000020008260005000000000420174
00600011000000000000000446660000000013239670005000000000278033
00600011000000000000000446670000000012421490005000000000260851
00600011000000000000000446680000000020661160005000000000433884
00600011000000000000000446690000000017000000005000000000357000
00600011000000000000000446700000000020826450005000000000437355
00600011000000000000000446710000000037768590005000000000793141
00600011000000000000000446720000000131280980005000000002756902
00600011000000000000000446730000000007808260005000000000163974
00600011000000000000000446740000000057462810005000000001206719
00600011000000000000000446750000000079099170005000000001661083
00600011000000000000000446760000000066446280005000000001395372
00600011000000000000000446770000000048851240005000000001025876
00600011000000000000000446780000000020661160005000000000433884
00600011000000000000000446790000000028462810005000000000597719
00600011000000000000000446800000000132000000005000000002772000
00600011000000000000000446810000000006413220005000000000134678
00600011000000000000000446820000000330181810005000000006933819
00600011000000000000000446830000000276297530005000000005802247
00600011000000000000000446840000000045223140005000000000949686
00600011000000000000000446850000000064066120005000000001345388
00600011000000000000000446860000000009371900005000000000196810
00600011000000000000000446870000000033057850005000000000694215
00600011000000000000000446880000000254247940005000000005339206
00600011000000000000000446890000000085958680005000000001805132
00600011000000000000000446900000000110595040005000000002322496
00600011000000000000000446910000000022570250005000000000473975
00600011000000000000000446920000000016322310005000000000342769
00600011000000000000000446930000000010157850005000000000213315
00600011000000000000000446940000000011157020005000000000234297
00600011000000000000000446950000000033057850005000000000694215
00600011000000000000000446960000000030979340005000000000650566
00600011000000000000000446970000000048347110005000000001015289
00600011000000000000000446980000000048512400005000000001018760
00600011000000000000000446990000000037793390005000000000793661
00600011000000000000000447000000000040495870005000000000850413
00600011000000000000000447010000000068351240005000000001435376
00600011000000000000000447020000000031462810005000000000660719
00600011000000000000000447030000000031900840005000000000669918
00600011000000000000000447040000000127578100005000000002679140
00600011000000000000000447050000000020661160005000000000433884
00600011000000000000000447060000000042561980005000000000893802
00600011000000000000000447070000000026528930005000000000557107
00600011000000000000000447080000000020661160005000000000433884
00600011000000000000000447090000000020661160005000000000433884
00600011000000000000000447100000000020082640005000000000421736
00600011000000000000000447110000000016066120005000000000337388
00600011000000000000000447120000000088264460005000000001853554
00600011000000000000000447130000000020661160005000000000433884
00600011000000000000000447140000000023132230005000000000485777
00600011000000000000000447150000000036446280005000000000765372
00600011000000000000000447160000000010909090005000000000229091
00600011000000000000000447170000000015950410005000000000334959
00600011000000000000000447180000000020661160005000000000433884
00600011000000000000000447190000000036446280005000000000765372
00600011000000000000000447200000000067111570005000000001409343
00600011000000000000000447210000000010909090005000000000229091
00600011000000000000000447220000000166041330005000000003486867
00600011000000000000000447230000000000000830005000000000000017
00600011000000000000000447240000000013768590005000000000289141
00600011000000000000000447250000000126677690005000000002660231
00600011000000000000000447260000000020752070005000000000435793
00600011000000000000000447270000000040495870005000000000850413
00600011000000000000000447280000000040495870005000000000850413
00600011000000000000000447290000000078971080005000000001658392
00600011000000000000000447300000000016214880005000000000340512
00600011000000000000000447310000000038566120005000000000809888
00600011000000000000000447320000000007727270005000000000162273
00600011000000000000000447330000000004289260005000000000090074
00600011000000000000000447340000000065330580005000000001371942
00600011000000000000000447350000000009892560005000000000207744
00600011000000000000000447360000000041487600005000000000871240
00600011000000000000000447370000000040495870005000000000850413
00600011000000000000000447380000000044876030005000000000942397
00600011000000000000000447390000000010909090005000000000229091
00600011000000000000000447400000000033057850005000000000694215
00600011000000000000000447410000000025809920005000000000542008
00600011000000000000000447420000000107107450005000000002249256
00600011000000000000000447430000000020661160005000000000433884
00600011000000000000000447440000000256842970005000000005393703
00600011000000000000000447450000000025785120005000000000541488
00600011000000000000000447460000000020661160005000000000433884
00600011000000000000000447470000000010247930005000000000215207
00600011000000000000000447480000000070000000005000000001470000
00600011000000000000000447490000000038243800005000000000803120
00600011000000000000000447500000000009000000005000000000189000
00600011000000000000000447510000000040495870005000000000850413
00600011000000000000000447520000000040495870005000000000850413
00600011000000000000000447530000000010710740005000000000224926
00600011000000000000000447540000000040495870005000000000850413
00600011000000000000000447550000000036363640005000000000763636
00600011000000000000000447560000000023041320005000000000483868
00600011000000000000000447570000000031330580005000000000657942
00600011000000000000000447580000000010346280005000000000217272
00600011000000000000000447590000000010487600005000000000220240
00600011000000000000000447600000000030698350005000000000644665
00600011000000000000000447610000000040495870005000000000850413
00600011000000000000000447620000000009520660005000000000199934
00600011000000000000000447630000000040495870005000000000850413
00600011000000000000000447640000000014206610005000000000298339
00600011000000000000000447650000000036363640005000000000763636
00600011000000000000000447660000000054413220005000000001142678
00600011000000000000000447670000000040495870005000000000850413
00600011000000000000000447680000000002314050005000000000048595
00600011000000000000000447690000000216031810005000000004536669
00600011000000000000000447700000000020082640005000000000421736
00600011000000000000000447710000000110801660005000000002326834
00600011000000000000000447720000000017256200005000000000362380
00600011000000000000000447730000000008033060005000000000168694
00600011000000000000000447740000000005553720005000000000116628
00600011000000000000000447750000000004628100005000000000097190
00600011000000000000000447760000000031115700005000000000653430
00600011000000000000000447770000000057954550005000000001217045
00600011000000000000000447780000000020082640005000000000421736
00600011000000000000000447790000000023388430005000000000491157
00600011000000000000000447800000000129714880005000000002724013
00600011000000000000000447810000000028309920005000000000594508
00600011000000000000000447820000000118016530005000000002478347
00600011000000000000000447830000000034132230005000000000716777
00600011000000000000000447840000000023388430005000000000491157
00600011000000000000000447850000000150326450005000000003156855
00600011000000000000000447860000000014710740005000000000308926
00600011000000000000000447870000000009669420005000000000203058
00600011000000000000000447880000000133909090005000000002812091
00600011000000000000000447890000000010338840005000000000217116
00600011000000000000000447900000000063508270005000000001333673
00600011000000000000000447910000000051070250005000000001072475
00600011000000000000000447920000000049900830005000000001047917
00600011000000000000000447930000000129421480005000000002717852
00600011000000000000000447940000000040495870005000000000850413
00600011000000000000000447950000000029338840005000000000616116
00600011000000000000000447960000000220086780005000000004621822
00600011000000000000000447970000000050297520005000000001056248
00600011000000000000000447980000000069545450005000000001460455
00600011000000000000000447990000000123636370005000000002596363
00600011000000000000000448000000000061115700005000000001283430
00600011000000000000000448010000000051889260005000000001089674
00600011000000000000000448020000000007809920005000000000164008
00600011000000000000000448030000000030628100005000000000643190
00600011000000000000000448040000000047454550005000000000996545
00600011000000000000000448050000000058611570005000000001230843
00600011000000000000000448060000000010909090005000000000229091
00600011000000000000000448070000000010909090005000000000229091
00600011000000000000000448080000000040495870005000000000850413
00600011000000000000000448090000000031685950005000000000665405
00600011000000000000000448100000000020752070005000000000435793
00600011000000000000000448110000000007735540005000000000162446
00600011000000000000000448120000000023140500005000000000485950
00600011000000000000000448130000000131371910005000000002758809
00600011000000000000000448140000000195570250005000000004106975
00600011000000000000000448150000000018123970005000000000380603
00600011000000000000000448160000000022619830005000000000475017
00600011000000000000000448170000000064264460005000000001349554
00600011000000000000000448180000000132448770005000000002781423
00600011000000000000000448190000000042710740005000000000896926
00600011000000000000000448200000000033768590005000000000709141
00600011000000000000000448210000000014611570005000000000306843
00600011000000000000000448220000000063735950005000000001338455
00600011000000000000000448230000000063669420005000000001337058
00600011000000000000000448240000000025392560005000000000533244
00600011000000000000000448250000000072479340005000000001522066
00600011000000000000000448260000000054214880005000000001138513
00600011000000000000000448270000000043438030005000000000912198
00600011000000000000000448280000000060694210005000000001274579
00600011000000000000000448290000000001785120005000000000037488
00600011000000000000000448300000000001785120005000000000037488
00600011000000000000000448310000000231074380005000000004852563
00600011000000000000000448320000000040495870005000000000850413
00600011000000000000000448330000000006247930005000000000131207
00600011000000000000000448340000000006247930005000000000131207
00600011000000000000000448350000000040495870005000000000850413
00600011000000000000000448360000000027107440005000000000569256
00600011000000000000000448370000000031962810005000000000671219
00600011000000000000000448380000000031400830005000000000659417
00600011000000000000000448390000000071008270005000000001491173
00600011000000000000000448400000000056942150005000000001195785
00600011000000000000000448410000000106644630005000000002239538
00600011000000000000000448420000000045289260005000000000951074
00600011000000000000000448430000000061884300005000000001299570
00600011000000000000000448440000000045355370005000000000952463
00600011000000000000000448450000000000909090005000000000019091
00600011000000000000000448460000000117586770005000000002469323
00600011000000000000000448470000000225983470005000000004745653
00600011000000000000000448480000000013066120005000000000274388
00600011000000000000000448490000000015173550005000000000318645
00600011000000000000000448500000000070743800005000000001485620
00600011000000000000000448510000000070479340005000000001480066
00600011000000000000000448520000000024132230005000000000506777
00600011000000000000000448530000000184181810005000000003867819
00600011000000000000000448540000000098776860005000000002074314
00600011000000000000000448550000000021223140005000000000445686
00600011000000000000000448560000000017140500005000000000359950
00600011000000000000000448570000000073520660005000000001543934
00600011000000000000000448580000000040495870005000000000850413
00600011000000000000000448590000000040495870005000000000850413
00600011000000000000000448600000000059570250005000000001250975
00600011000000000000000448610000000038847110005000000000815789
00600011000000000000000448620000000020247930005000000000425207
00600011000000000000000448630000000140505380005000000002950613
00600011000000000000000448640000000189752060005000000003984794
00600011000000000000000448650000000021566120005000000000452888
00600011000000000000000448660000000083239670005000000001748033
00600011000000000000000448670000000005917360005000000000124264
00600011000000000000000448680000000057917360005000000001216264
00600011000000000000000448690000000077404960005000000001625504
00600011000000000000000448700000000019173550005000000000402645
00600011000000000000000448710000000069752060005000000001464794
00600011000000000000000448720000000040495870005000000000850413
00600011000000000000000448730000000008289260005000000000174074
00600011000000000000000448740000000040495870005000000000850413
00600011000000000000000448750000000093024800005000000001953520
00600011000000000000000448760000000040495870005000000000850413
00600011000000000000000448770000000015103310005000000000317169
00600011000000000000000448780000000001859500005000000000039050
00600011000000000000000448790000000015322310005000000000321769
00600011000000000000000448800000000040495870005000000000850413
00600011000000000000000448810000000151867770005000000003189223
00600011000000000000000448820000000086454550005000000001815545
00600011000000000000000448830000000040495870005000000000850413
00600011000000000000000448840000000040495870005000000000850413
00600011000000000000000448850000000029293390005000000000615161
00600011000000000000000448860000000012293390005000000000258161
00600011000000000000000448870000000035867770005000000000753223
00600011000000000000000448880000000079169420005000000001662558
00600011000000000000000448890000000023578510005000000000495149
00600011000000000000000448900000000012421490005000000000260851
00600011000000000000000448910000000044107440005000000000926256
00600011000000000000000448920000000043636360005000000000916364
00600011000000000000000448930000000037177690005000000000780731
00600011000000000000000448940000000131768590005000000002767141
00600011000000000000000448950000000090768590005000000001906141
00600011000000000000000448960000000234380170005000000004921983
00600011000000000000000448970000000091950410005000000001930959
00600011000000000000000448980000000007066120005000000000148388
00600011000000000000000448990000000092834710005000000001949529
00600011000000000000000449000000000197371910005000000004144809
00600011000000000000000449010000000094479340005000000001984066
00600011000000000000000449020000000010909090005000000000229091
00600011000000000000000449030000000086545450005000000001817455
00600011000000000000000449040000000113851240005000000002390876
00600011000000000000000449050000000032314050005000000000678595
00600011000000000000000449060000000013838840005000000000290616
00600011000000000000000449070000000040495870005000000000850413
00600011000000000000000449080000000036363640005000000000763636
00600011000000000000000449090000000064793390005000000001360661
00600011000000000000000449100000000025322310005000000000531769
00600011000000000000000449110000000089785130005000000001885488
00600011000000000000000449120000000040495870005000000000850413
00600011000000000000000449130000000040495870005000000000850413
00600011000000000000000449140000000040495870005000000000850413
00600011000000000000000449150000000040495870005000000000850413
00600011000000000000000449160000000040495870005000000000850413
00600011000000000000000449170000000040495870005000000000850413
00600011000000000000000449180000000062214880005000000001306513
00600011000000000000000449190000000006942150005000000000145785
00600011000000000000000449200000000026479340005000000000556066
00600011000000000000000449210000000110380160005000000002317984
00600011000000000000000449220000000023404960005000000000491504
00600011000000000000000449230000000080859510005000000001698049
00600011000000000000000449240000000124495870005000000002614413
00600011000000000000000449250000000004187600005000000000087940
00600011000000000000000449260000000006421490005000000000134851
00600011000000000000000449270000000025765290005000000000541071
00600011000000000000000449280000000025570250005000000000536975
00600011000000000000000449290000000040495870005000000000850413
00600011000000000000000449300000000040495870005000000000850413
00600011000000000000000449310000000040495870005000000000850413
00600011000000000000000449320000000040495870005000000000850413
00600011000000000000000449330000000011008260005000000000231174
00600011000000000000000449340000000222809920005000000004679008
00600011000000000000000449350000000049785130005000000001045488
00600011000000000000000449360000000056132230005000000001178777
00600011000000000000000449370000000070495870005000000001480413
00600011000000000000000449380000000164231410005000000003448859
00600011000000000000000449390000000045752070005000000000960793
00600011000000000000000449400000000245487610005000000005155239
00600011000000000000000449410000000153355380005000000003220463
00600011000000000000000449420000000032417360005000000000680764
00600011000000000000000449430000000069421480005000000001457852
00600011000000000000000449440000000006462810005000000000135719
00600011000000000000000449450000000040495870005000000000850413
00600011000000000000000449460000000153355380005000000003220463
00600011000000000000000449470000000153355380005000000003220463
00600011000000000000000449480000000054016530005000000001134347
00600011000000000000000449490000000022900830005000000000480917
00600011000000000000000449500000000040495870005000000000850413
00600011000000000000000449510000000040495870005000000000850413
00600011000000000000000449520000000018148760005000000000381124
00600011000000000000000449530000000062148760005000000001305124
00600011000000000000000449540000000051173550005000000001074645
00600011000000000000000449550000000054801650005000000001150835
00600011000000000000000449560000000017190080005000000000360992
00600011000000000000000449570000000065785130005000000001381488
00600011000000000000000449580000000060743800005000000001275620
00600011000000000000000449590000000006859500005000000000144050
00600011000000000000000449600000000027438020005000000000576198
00600011000000000000000449610000000003086780005000000000064822
00600011000000000000000449620000000053652890005000000001126711
00600011000000000000000449630000000031073550005000000000652545
00600011000000000000000449640000000003429750005000000000072025
00600011000000000000000449650000000091636370005000000001924363
00600011000000000000000449660000000053950410005000000001132959
00600011000000000000000449670000000008033060005000000000168694
00600011000000000000000449680000000031933880005000000000670612
00600011000000000000000449690000000086082650005000000001807735
00600011000000000000000449700000000013315700005000000000279630
00600011000000000000000449710000000097983470005000000002057653
00600011000000000000000449720000000047140500005000000000989950
00600011000000000000000449730000000060743800005000000001275620
00600011000000000000000449740000000091900830005000000001929917
00600011000000000000000449750000000021685950005000000000455405
00600011000000000000000449760000000006016530005000000000126347
00600011000000000000000449770000000060743800005000000001275620
00600011000000000000000449780000000020247930005000000000425207
00600011000000000000000449790000000020247930005000000000425207
00600011000000000000000449800000000008917360005000000000187264
00600011000000000000000449810000000182512390005000000003832761
00600011000000000000000449820000000019074380005000000000400562
00600011000000000000000449830000000023884300005000000000501570
00600011000000000000000449840000000031272730005000000000656727
00600011000000000000000449850000000066512400005000000001396760
00600011000000000000000449860000000078082650005000000001639735
00600011000000000000000449870000000016859500005000000000354050
00600011000000000000000449880000000087289260005000000001833074
00600011000000000000000449890000000018115700005000000000380430
00600011000000000000000449900000000028363640005000000000595636
00600011000000000000000449910000000040495870005000000000850413
00600011000000000000000449920000000184752060005000000003879794
00600011000000000000000449930000000020661160005000000000433884
00600011000000000000000449940000000015950410005000000000334959
00600011000000000000000449950000000020628100005000000000433190
00600011000000000000000449960000000141487580005000000002971239
00600011000000000000000449970000000040495870005000000000850413
00600011000000000000000449980000000037020660005000000000777434
00600011000000000000000449990000000065586770005000000001377323
00600011000000000000000450000000000040495870005000000000850413
00600011000000000000000450010000000020231400005000000000424860
00600011000000000000000450020000000005623140005000000000118086
00600011000000000000000450030000000001966940005000000000041306
00600011000000000000000450040000000064991730005000000001364827
00600011000000000000000450050000000017851240005000000000374876
00600011000000000000000450060000000064297520005000000001350248
00600011000000000000000450070000000055206610005000000001159339
00600011000000000000000450080000000039426450005000000000827955
00600011000000000000000450090000000047644630005000000001000537
00600011000000000000000450100000000116308270005000000002442473
00600011000000000000000450110000000014049590005000000000295041
00600011000000000000000450120000000044297520005000000000930248
00600011000000000000000450130000000066295870005000000001392213
00600011000000000000000450140000000022479340005000000000472066
00600011000000000000000450150000000081652890005000000001714711
00600011000000000000000450160000000034842980005000000000731702
00600011000000000000000450170000000057123970005000000001199603
00600011000000000000000450180000000012760330005000000000267967
00600011000000000000000450190000000167104550005000000003509195
00600011000000000000000450200000000198148770005000000004161123
00600011000000000000000450210000000015661160005000000000328884
00600011000000000000000450220000000063024790005000000001323521
00600011000000000000000450230000000030809920005000000000647008
00600011000000000000000450240000000063024790005000000001323521
00600011000000000000000450250000000040495870005000000000850413
00600011000000000000000450260000000002314050005000000000048595
00600011000000000000000450270000000041117360005000000000863464
00600011000000000000000450280000000078173550005000000001641645
00600011000000000000000450290000000215553720005000000004526628
00600011000000000000000450300000000159322310005000000003345769
00600011000000000000000450310000000037140500005000000000779950
00600011000000000000000450320000000118942150005000000002497785
00600011000000000000000450330000000112793390005000000002368661
00600011000000000000000450340000000040495870005000000000850413
00600011000000000000000450350000000077289260005000000001623074
00600011000000000000000450360000000016528930005000000000347107
00600011000000000000000450370000000173966940005000000003653306
00600011000000000000000450380000000016264460005000000000341554
00600011000000000000000450390000000039173550005000000000822645
00600011000000000000000450400000000040495870005000000000850413
00600011000000000000000450410000000094280990005000000001979901
00600011000000000000000450420000000025958680005000000000545132
00600011000000000000000450430000000042644630005000000000895537
00600011000000000000000450440000000038595040005000000000810496
00600011000000000000000450450000000079066120005000000001660388
00600011000000000000000450460000000017917360005000000000376264
00600011000000000000000450470000000074942150005000000001573785
00600011000000000000000450480000000040495870005000000000850413
00600011000000000000000450490000000017578510005000000000369149
00600011000000000000000450500000000022314050005000000000468595
00600011000000000000000450510000000058512400005000000001228760
00600011000000000000000450520000000018842970005000000000395703
00600011000000000000000450530000000042181820005000000000885818
00600011000000000000000450540000000045487600005000000000955240
00600011000000000000000450550000000017190080005000000000360992
00600011000000000000000450560000000247335530005000000005194047
00600011000000000000000450570000000026880170005000000000564483
00600011000000000000000450580000000144132230005000000003026777
00600011000000000000000450590000000031462810005000000000660719
00600011000000000000000450600000000042314050005000000000888595
00600011000000000000000450610000000104652890005000000002197711
00600011000000000000000450620000000184198340005000000003868166
00600011000000000000000450630000000023867770005000000000501223
00600011000000000000000450640000000014710740005000000000308926
00600011000000000000000450650000000135471080005000000002844892
00600011000000000000000450660000000290710750005000000006104925
00600011000000000000000450670000000122694220005000000002576578
00600011000000000000000450680000000013223140005000000000277686
00600011000000000000000450690000000049041320005000000001029868
00800011000000000000000012330000000008925620005000000000187438
00800011000000000000000012340000000008776860005000000000184314
00800011000000000000000012350000000262508250005000000005512675
00800011000000000000000012360000000007516530005000000000157847
00800011000000000000000012370000000002314050005000000000048595
00800011000000000000000012380000000023388430005000000000491157
00800011000000000000000012390000000001785120005000000000037488
00800011000000000000000012400000000231074380005000000004852563
00800011000000000000000012410000000153355380005000000003220463
00800011000000000000000012420000000153355380005000000003220463
00800011000000000000000012430000000006016530005000000000126347
00800011000000000000000012440000000009851240005000000000206876
00800011000000000000000012450000000063024790005000000001323521
00100012000000000000000018710000000059652890005000000001252711
00100012000000000000000018720000000045289260005000000000951074
00100012000000000000000018730000000017024790005000000000357521
00100012000000000000000018740000000269628090005000000005662191
00100012000000000000000018750000000035454550005000000000744545
00100012000000000000000018760000000013611600005000000000285844
00100012000000000000000018770000000002669420005000000000056058
00100012000000000000000018780000000036363640005000000000763636
00100012000000000000000018790000000340272720005000000007145728
00100012000000000000000018800000000101086770005000000002122823
00100012000000000000000018810000000189404950005000000003977505
00100012000000000000000018820000000110045450005000000002310955
00100012000000000000000018830000000021818180005000000000458182
00100012000000000000000018840000000246859500005000000005184050
00100012000000000000000018850000000024024790005000000000504521
00100012000000000000000018860000000212500000005000000004462500
00100012000000000000000018870000000052355350005000000001099462
00100012000000000000000018880000000210314050005000000004416595
00100012000000000000000018890000000238702480005000000005012752
00100012000000000000000018900000000047768590005000000001003141
00100012000000000000000018910000000036363640005000000000763636
00100012000000000000000018920000000081586770005000000001713323
00100012000000000000000018930000000060909090005000000001279091
00100012000000000000000018940000000058760330005000000001233967
00100012000000000000000018950000000106677690005000000002240231
00100012000000000000000018960000000008760330005000000000183967
00100012000000000000000018970000000271404970005000000005699503
00100012000000000000000018980000000207933890005000000004366611
00100012000000000000000018990000000010743800005000000000225620
00100012000000000000000019000000000151487610005000000003181239
00100012000000000000000019010000000041235540005000000000865946
00100012000000000000000019020000000185190080005000000003888992
00300012000000000000000000760000000081586770005000000001713323
00600012000000000000000360660000000100876030005000000002118397
00600012000000000000000360670000000100946280005000000002119872
00600012000000000000000360680000000036363640005000000000763636
00600012000000000000000360690000000120020660005000000002520434
00600012000000000000000360700000000009223550005000000000193695
00600012000000000000000360710000000059219010005000000001243599
00600012000000000000000360720000000007190080005000000000150992
00600012000000000000000360730000000026623970005000000000559103
00600012000000000000000360740000000018181820005000000000381818
00600012000000000000000360750000000022314050005000000000468595
00600012000000000000000360760000000043719010005000000000918099
00600012000000000000000360770000000010338840005000000000217116
00600012000000000000000360780000000036363640005000000000763636
00600012000000000000000360790000000036363640005000000000763636
00600012000000000000000360800000000036363640005000000000763636
00600012000000000000000360810000000036363640005000000000763636
00600012000000000000000360820000000023140500005000000000485950
00600012000000000000000360830000000022785120005000000000478488
00600012000000000000000360840000000010909090005000000000229091
00600012000000000000000360850000000087760330005000000001842967
00600012000000000000000360860000000081929750005000000001720525
00600012000000000000000360870000000054863640005000000001152136
00600012000000000000000360880000000015322310005000000000321769
00600012000000000000000360890000000046413220005000000000974678
00600012000000000000000360900000000063433880005000000001332112
00600012000000000000000360910000000022198350005000000000466165
00600012000000000000000360920000000020661160005000000000433884
00600012000000000000000360930000000036363640005000000000763636
00600012000000000000000360940000000096326450005000000002022855
00600012000000000000000360950000000006413220005000000000134678
00600012000000000000000360960000000153852890005000000003230911
00600012000000000000000360970000000072727270005000000001527273
00600012000000000000000360980000000064838840005000000001361616
00600012000000000000000360990000000072198340005000000001516166
00600012000000000000000361000000000025586780005000000000537322
00600012000000000000000361010000000014049590005000000000295041
00600012000000000000000361020000000085223140005000000001789686
00600012000000000000000361030000000036363640005000000000763636
00600012000000000000000361040000000046458680005000000000975632
00600012000000000000000361050000000057842980005000000001214702
00600012000000000000000361060000000059484300005000000001249170
00600012000000000000000361070000000202876030005000000004260397
00600012000000000000000361080000000117876030005000000002475397
00600012000000000000000361090000000059484300005000000001249170
00600012000000000000000361100000000020661160005000000000433884
00600012000000000000000361110000000040809920005000000000857008
00600012000000000000000361120000000018181820005000000000381818
00600012000000000000000361130000000056338840005000000001183116
00600012000000000000000361140000000139933890005000000002938611
00600012000000000000000361150000000127991730005000000002687827
00600012000000000000000361160000000028140500005000000000590950
00600012000000000000000361170000000028140500005000000000590950
00600012000000000000000361180000000020661160005000000000433884
00600012000000000000000361190000000052958680005000000001112132
00600012000000000000000361200000000066215700005000000001390530
00600012000000000000000361210000000036363640005000000000763636
00600012000000000000000361220000000102433880005000000002151112
00600012000000000000000361230000000018181820005000000000381818
00600012000000000000000361240000000008214880005000000000172512
00600012000000000000000361250000000023140500005000000000485950
00600012000000000000000361260000000023140500005000000000485950
00600012000000000000000361270000000101438020005000000002130198
00600012000000000000000361280000000139033060005000000002919694
00600012000000000000000361290000000087747940005000000001842706
00600012000000000000000361300000000038347110005000000000805289
00600012000000000000000361310000000044185950005000000000927905
00600012000000000000000361320000000017190080005000000000360992
00600012000000000000000361330000000010446280005000000000219372
00600012000000000000000361340000000024917360005000000000523264
00600012000000000000000361350000000028900830005000000000606917
00600012000000000000000361360000000028859500005000000000606050
00600012000000000000000361370000000010223140005000000000214686
00600012000000000000000361380000000036363640005000000000763636
00600012000000000000000361390000000011132230005000000000233777
00600012000000000000000361400000000167123970005000000003509603
00600012000000000000000361410000000038809920005000000000815008
00600012000000000000000361420000000036363640005000000000763636
00600012000000000000000361430000000042570250005000000000893975
00600012000000000000000361440000000069842980005000000001466702
00600012000000000000000361450000000029293390005000000000615161
00600012000000000000000361460000000007438020005000000000156198
00600012000000000000000361470000000033247930005000000000698207
00600012000000000000000361480000000029231400005000000000613860
00600012000000000000000361490000000017611570005000000000369843
00600012000000000000000361500000000063504130005000000001333587
00600012000000000000000361510000000061628100005000000001294190
00600012000000000000000361520000000020661160005000000000433884
00600012000000000000000361530000000010909090005000000000229091
00600012000000000000000361540000000047355370005000000000994463
00600012000000000000000361550000000041723140005000000000876186
00600012000000000000000361560000000036363640005000000000763636
00600012000000000000000361570000000036363640005000000000763636
00600012000000000000000361580000000009256200005000000000194380
00600012000000000000000361590000000034710740005000000000728926
00600012000000000000000361600000000140264470005000000002945553
00600012000000000000000361610000000126446280005000000002655372
00600012000000000000000361620000000070247940005000000001475206
00600012000000000000000361630000000020991740005000000000440826
00600012000000000000000361640000000059132230005000000001241777
00600012000000000000000361650000000163188440005000000003426956
00600012000000000000000361660000000007586780005000000000159322
00600012000000000000000361670000000031900830005000000000669917
00600012000000000000000361680000000026776860005000000000562314
00600012000000000000000361690000000033578510005000000000705149
00600012000000000000000361700000000017181820005000000000360818
00600012000000000000000361710000000036363640005000000000763636
00600012000000000000000361720000000036363640005000000000763636
00600012000000000000000361730000000028338840005000000000595116
00600012000000000000000361740000000024793390005000000000520661
00600012000000000000000361750000000036157020005000000000759298
00600012000000000000000361760000000010074380005000000000211562
00600012000000000000000361770000000036363640005000000000763636
00600012000000000000000361780000000071933880005000000001510612
00600012000000000000000361790000000075516530005000000001585847
00600012000000000000000361800000000068495870005000000001438413
00600012000000000000000361810000000115593390005000000002427461
00600012000000000000000361820000000037181820005000000000780818
00600012000000000000000361830000000025371900005000000000532810
00600012000000000000000361840000000372962810005000000007832219
00600012000000000000000361850000000197958670005000000004157133
00600012000000000000000361860000000016669420005000000000350058
00600012000000000000000361870000000020570250005000000000431975
00600012000000000000000361880000000036363640005000000000763636
00600012000000000000000361890000000130053720005000000002731128
00600012000000000000000361900000000074363630005000000001561637
00600012000000000000000361910000000146842970005000000003083703
00600012000000000000000361920000000173723140005000000003648186
00600012000000000000000361930000000028078100005000000000589640
00600012000000000000000361940000000278545470005000000005849453
00600012000000000000000361950000000041165290005000000000864471
00600012000000000000000361960000000012148760005000000000255124
00600012000000000000000361970000000016330580005000000000342942
00600012000000000000000361980000000040909090005000000000859091
00600012000000000000000361990000000087318180005000000001833682
00600012000000000000000362000000000013557850005000000000284715
00600012000000000000000362010000000036363640005000000000763636
00600012000000000000000362020000000082190090005000000001725991
00600012000000000000000362030000000189070250005000000003970475
00600012000000000000000362040000000019950410005000000000418959
00600012000000000000000362050000000036363640005000000000763636
00600012000000000000000362060000000012012400005000000000252260
00600012000000000000000362070000000023140500005000000000485950
00600012000000000000000362080000000036363640005000000000763636
00600012000000000000000362090000000008640500005000000000181450
00600012000000000000000362100000000036214880005000000000760513
00600012000000000000000362110000000031735540005000000000666446
00600012000000000000000362120000000010826450005000000000227355
00600012000000000000000362130000000036363640005000000000763636
00600012000000000000000362140000000048495870005000000001018413
00600012000000000000000362150000000036363640005000000000763636
00600012000000000000000362160000000027000000005000000000567000
00600012000000000000000362170000000036363640005000000000763636
00600012000000000000000362180000000036363640005000000000763636
00600012000000000000000362190000000036363640005000000000763636
00600012000000000000000362200000000021636360005000000000454364
00600012000000000000000362210000000026033060005000000000546694
00600012000000000000000362220000000008553720005000000000179628
00600012000000000000000362230000000020661160005000000000433884
00600012000000000000000362240000000087318180005000000001833682
00600012000000000000000362250000000036363640005000000000763636
00600012000000000000000362260000000036363640005000000000763636
00600012000000000000000362270000000030661160005000000000643884
00600012000000000000000362280000000036363640005000000000763636
00600012000000000000000362290000000024024790005000000000504521
00600012000000000000000362300000000021785120005000000000457488
00600012000000000000000362310000000006157020005000000000129298
00600012000000000000000362320000000006157020005000000000129298
00600012000000000000000362330000000063917360005000000001342264
00600012000000000000000362340000000036363640005000000000763636
00600012000000000000000362350000000006157020005000000000129298
00600012000000000000000362360000000008595040005000000000180496
00600012000000000000000362370000000027520660005000000000577934
00600012000000000000000362380000000030206610005000000000634339
00600012000000000000000362390000000027747930005000000000582707
00600012000000000000000362400000000018181820005000000000381818
00600012000000000000000362410000000009421490005000000000197851
00600012000000000000000362420000000020661160005000000000433884
00600012000000000000000362430000000018181820005000000000381818
00600012000000000000000362440000000018181820005000000000381818
00600012000000000000000362450000000018181820005000000000381818
00600012000000000000000362460000000026033060005000000000546694
00600012000000000000000362470000000122231410005000000002566859
00600012000000000000000362480000000018239670005000000000383033
00600012000000000000000362490000000036363640005000000000763636
00600012000000000000000362500000000018181820005000000000381818
00600012000000000000000362510000000069334710005000000001456029
00600012000000000000000362520000000106181820005000000002229818
00600012000000000000000362530000000036363640005000000000763636
00600012000000000000000362540000000249768590005000000005245141
00600012000000000000000362550000000011677690005000000000245231
00600012000000000000000362560000000020661160005000000000433884
00600012000000000000000362570000000054214880005000000001138513
00600012000000000000000362580000000012421490005000000000260851
00600012000000000000000362590000000047557850005000000000998715
00600012000000000000000362600000000020661160005000000000433884
00600012000000000000000362610000000095371900005000000002002810
00600012000000000000000362620000000081090910005000000001702909
00600012000000000000000362630000000036363640005000000000763636
00600012000000000000000362640000000020661160005000000000433884
00600012000000000000000362650000000020661160005000000000433884
00600012000000000000000362660000000006859500005000000000144050
00600012000000000000000362670000000036363640005000000000763636
00600012000000000000000362680000000093851240005000000001970876
00600012000000000000000362690000000009371900005000000000196810
00600012000000000000000362700000000031016530005000000000651347
00600012000000000000000362710000000036363640005000000000763636
00600012000000000000000362720000000062180160005000000001305784
00600012000000000000000362730000000036363640005000000000763636
00600012000000000000000362740000000020661160005000000000433884
00600012000000000000000362750000000178801660005000000003754834
00600012000000000000000362760000000067207440005000000001411356
00600012000000000000000362770000000035404960005000000000743504
00600012000000000000000362780000000041388430005000000000869157
00600012000000000000000362790000000015103310005000000000317169
00600012000000000000000362800000000033785130005000000000709488
00600012000000000000000362810000000202714880005000000004257013
00600012000000000000000362820000000023603310005000000000495669
00600012000000000000000362830000000023252070005000000000488293
00600012000000000000000362840000000203107440005000000004265256
00600012000000000000000362850000000192000000005000000004032000
00600012000000000000000362860000000173818190005000000003650181
00600012000000000000000362870000000061657020005000000001294798
00600012000000000000000362880000000023140500005000000000485950
00600012000000000000000362890000000012504130005000000000262587
00600012000000000000000362900000000028871900005000000000606310
00600012000000000000000362910000000036363640005000000000763636
00600012000000000000000362920000000036363640005000000000763636
00600012000000000000000362930000000036363640005000000000763636
00600012000000000000000362940000000036363640005000000000763636
00600012000000000000000362950000000197958670005000000004157133
00600012000000000000000362960000000355772720005000000007471228
00600012000000000000000362970000000057363640005000000001204636
00600012000000000000000362980000000039537190005000000000830281
00600012000000000000000362990000000034983470005000000000734653
00600012000000000000000363000000000011082640005000000000232736
00600012000000000000000363010000000036363640005000000000763636
00600012000000000000000363020000000005563640005000000000116836
00600012000000000000000363030000000009669420005000000000203058
00600012000000000000000363040000000036363640005000000000763636
00600012000000000000000363050000000010909090005000000000229091
00600012000000000000000363060000000137280980005000000002882902
00600012000000000000000363070000000032561980005000000000683802
00600012000000000000000363080000000085884300005000000001803570
00600012000000000000000363090000000033628100005000000000706190
00600012000000000000000363100000000082612810005000000001734869
00600012000000000000000363110000000014214880005000000000298512
00600012000000000000000363120000000036363640005000000000763636
00600012000000000000000363130000000072727270005000000001527273
00600012000000000000000363140000000018181820005000000000381818
00600012000000000000000363150000000021793390005000000000457661
00600012000000000000000363160000000040111570005000000000842343
00600012000000000000000363170000000014413220005000000000302678
00600012000000000000000363180000000143874380005000000003021363
00600012000000000000000363190000000043202480005000000000907252
00600012000000000000000363200000000025785120005000000000541488
00600012000000000000000363210000000036363640005000000000763636
00600012000000000000000363220000000014355370005000000000301463
00600012000000000000000363230000000043483470005000000000913153
00600012000000000000000363240000000041547110005000000000872489
00600012000000000000000363250000000030148760005000000000633124
00600012000000000000000363260000000007140500005000000000149950
00600012000000000000000363270000000025429750005000000000534025
00600012000000000000000363280000000017851240005000000000374876
00600012000000000000000363290000000080644630005000000001693538
00600012000000000000000363300000000038566120005000000000809888
00600012000000000000000363310000000024797520005000000000520748
00600012000000000000000363320000000021847110005000000000458789
00600012000000000000000363330000000036690080005000000000770492
00600012000000000000000363340000000036363640005000000000763636
00600012000000000000000363350000000068206610005000000001432339
00600012000000000000000363360000000036363640005000000000763636
00600012000000000000000363370000000047272730005000000000992727
00600012000000000000000363380000000019256200005000000000404380
00600012000000000000000363390000000035053720005000000000736128
00600012000000000000000363400000000063082640005000000001324736
00600012000000000000000363410000000006776860005000000000142314
00600012000000000000000363420000000025809920005000000000542008
00600012000000000000000363430000000033719010005000000000708099
00600012000000000000000363440000000010909090005000000000229091
00600012000000000000000363450000000023140500005000000000485950
00600012000000000000000363460000000007214880005000000000151512
00600012000000000000000363470000000036363640005000000000763636
00600012000000000000000363480000000048623970005000000001021103
00600012000000000000000363490000000017351240005000000000364376
00600012000000000000000363500000000215384300005000000004523070
00600012000000000000000363510000000078115700005000000001640430
00600012000000000000000363520000000028801650005000000000604835
00600012000000000000000363530000000147173550005000000003090645
00600012000000000000000363540000000113169420005000000002376558
00600012000000000000000363550000000036363640005000000000763636
00600012000000000000000363560000000036363640005000000000763636
00600012000000000000000363570000000036363640005000000000763636
00600012000000000000000363580000000036363640005000000000763636
00600012000000000000000363590000000036363640005000000000763636
00600012000000000000000363600000000036363640005000000000763636
00600012000000000000000363610000000036528930005000000000767107
00600012000000000000000363620000000225454550005000000004734545
00600012000000000000000363630000000098446280005000000002067372
00600012000000000000000363640000000034913220005000000000733178
00600012000000000000000363650000000022314050005000000000468595
00600012000000000000000363660000000043719010005000000000918099
00600012000000000000000363670000000005861160005000000000123084
00600012000000000000000363680000000013884300005000000000291570
00600012000000000000000363690000000036363640005000000000763636
00600012000000000000000363700000000050917360005000000001069264
00600012000000000000000363710000000054545450005000000001145455
00600012000000000000000363720000000004950410005000000000103959
00600012000000000000000363730000000036363640005000000000763636
00600012000000000000000363740000000028636360005000000000601364
00600012000000000000000363750000000040198350005000000000844165
00600012000000000000000363760000000043057850005000000000904215
00600012000000000000000363770000000048541320005000000001019368
00600012000000000000000363780000000047107440005000000000989256
00600012000000000000000363790000000016859500005000000000354050
00600012000000000000000363800000000009702480005000000000203752
00600012000000000000000363810000000043702480005000000000917752
00600012000000000000000363820000000014950410005000000000313959
00600012000000000000000363830000000058181820005000000001221818
00600012000000000000000363840000000051570250005000000001082975
00600012000000000000000363850000000042396700005000000000890330
00600012000000000000000363860000000013462810005000000000282719
00600012000000000000000363870000000006280990005000000000131901
00600012000000000000000363880000000089785130005000000001885488
00600012000000000000000363890000000022314050005000000000468595
00600012000000000000000363900000000016119830005000000000338517
00600012000000000000000363910000000041057850005000000000862215
00600012000000000000000363920000000081586770005000000001713323
00600012000000000000000363930000000081586770005000000001713323
00600012000000000000000363940000000036363640005000000000763636
00600012000000000000000363950000000069355380005000000001456463
00600012000000000000000363960000000127603300005000000002679670
00600012000000000000000363970000000052181820005000000001095818
00600012000000000000000363980000000036363640005000000000763636
00600012000000000000000363990000000006247930005000000000131207
00600012000000000000000364000000000066975200005000000001406479
00600012000000000000000364010000000110421480005000000002318852
00600012000000000000000364020000000048066120005000000001009388
00600012000000000000000364030000000015314050005000000000321595
00600012000000000000000364040000000033966940005000000000713306
00600012000000000000000364050000000020231400005000000000424860
00600012000000000000000364060000000050247930005000000001055207
00600012000000000000000364070000000028809920005000000000605008
00600012000000000000000364080000000024876030005000000000522397
00600012000000000000000364090000000012148760005000000000255124
00600012000000000000000364100000000025917350005000000000544264
00600012000000000000000364110000000056826450005000000001193355
00600012000000000000000364120000000010446280005000000000219372
00600012000000000000000364130000000041586780005000000000873322
00600012000000000000000364140000000055471070005000000001164893
00600012000000000000000364150000000038264460005000000000803554
00600012000000000000000364160000000048330580005000000001014942
00600012000000000000000364170000000036363640005000000000763636
00600012000000000000000364180000000035404960005000000000743504
00600012000000000000000364190000000155636360005000000003268364
00600012000000000000000364200000000017140500005000000000359950
00600012000000000000000364210000000010710740005000000000224926
00600012000000000000000364220000000064885950005000000001362605
00600012000000000000000364230000000012396690005000000000260331
00600012000000000000000364240000000059760330005000000001254967
00600012000000000000000364250000000037570250005000000000788975
00600012000000000000000364260000000045090910005000000000946909
00600012000000000000000364270000000004958680005000000000104132
00600012000000000000000364280000000011099170005000000000233083
00600012000000000000000364290000000088413230005000000001856677
00600012000000000000000364300000000093223140005000000001957686
00600012000000000000000364310000000050115700005000000001052430
00600012000000000000000364320000000006016530005000000000126347
00600012000000000000000364330000000015471070005000000000324893
00600012000000000000000364340000000045535540005000000000956246
00600012000000000000000364350000000029157030005000000000612297
00600012000000000000000364360000000036100830005000000000758117
00600012000000000000000364370000000007801650005000000000163835
00600012000000000000000364380000000019504130005000000000409587
00600012000000000000000364390000000108826450005000000002285355
00600012000000000000000364400000000173636360005000000003646364
00600012000000000000000364410000000048305790005000000001014421
00600012000000000000000364420000000114140490005000000002396951
00600012000000000000000364430000000183206610005000000003847339
00600012000000000000000364440000000072710740005000000001526926
00600012000000000000000364450000000068669420005000000001442058
00600012000000000000000364460000000007462840005000000000156720
00600012000000000000000364470000000060289260005000000001266074
00600012000000000000000364480000000086717350005000000001821065
00600012000000000000000364490000000065400830005000000001373417
00600012000000000000000364500000000006644630005000000000139537
00600012000000000000000364510000000021355370005000000000448463
00600012000000000000000364520000000035900830005000000000753917
00600012000000000000000364530000000036363640005000000000763636
00600012000000000000000364540000000020289260005000000000426074
00600012000000000000000364550000000022611570005000000000474843
00600012000000000000000364560000000024657030005000000000517797
00600012000000000000000364570000000051305790005000000001077421
00600012000000000000000364580000000029570250005000000000620975
00600012000000000000000364590000000030876030005000000000648397
00600012000000000000000364600000000004041320005000000000084868
00600012000000000000000364610000000017000000005000000000357000
00600012000000000000000364620000000036561980005000000000767802
00600012000000000000000364630000000011309920005000000000237508
00600012000000000000000364640000000019599170005000000000411583
00600012000000000000000364650000000036363640005000000000763636
00600012000000000000000364660000000069685950005000000001463405
00600012000000000000000364670000000076958680005000000001616132
00600012000000000000000364680000000096710740005000000002030926
00600012000000000000000364690000000008595040005000000000180496
00600012000000000000000364700000000018239670005000000000383033
00600012000000000000000364710000000024462810005000000000513719
00600012000000000000000364720000000006247930005000000000131207
00600012000000000000000364730000000017190080005000000000360992
00600012000000000000000364740000000007520660005000000000157934
00600012000000000000000364750000000002479340005000000000052066
00600012000000000000000364760000000001487600005000000000031240
00600012000000000000000364770000000009132230005000000000191777
00600012000000000000000364780000000036363640005000000000763636
00600012000000000000000364790000000046347110005000000000973289
00600012000000000000000364800000000002991740005000000000062826
00600012000000000000000364810000000010314050005000000000216595
00600012000000000000000364820000000014586780005000000000306322
00600012000000000000000364830000000036363640005000000000763636
00600012000000000000000364840000000043504130005000000000913587
00600012000000000000000364850000000097768590005000000002053141
00600012000000000000000364860000000051008270005000000001071173
00600012000000000000000364870000000050710740005000000001064926
00600012000000000000000364880000000006090910005000000000127909
00600012000000000000000364890000000054611570005000000001146843
00600012000000000000000364900000000010198350005000000000214165
00600012000000000000000364910000000009793390005000000000205661
00600012000000000000000364920000000016528930005000000000347107
00600012000000000000000364930000000016561980005000000000347802
00600012000000000000000364940000000036363640005000000000763636
00600012000000000000000364950000000036363640005000000000763636
00600012000000000000000364960000000010909090005000000000229091
00600012000000000000000364970000000076694220005000000001610578
00600012000000000000000364980000000013834710005000000000290529
00600012000000000000000364990000000003719010005000000000078099
00600012000000000000000365000000000022685950005000000000476405
00600012000000000000000365010000000010743800005000000000225620
00600012000000000000000365020000000012148760005000000000255124
00600012000000000000000365030000000012148760005000000000255124
00600012000000000000000365040000000114842980005000000002411702
00600012000000000000000365050000000017851240005000000000374876
00600012000000000000000365060000000098380160005000000002065984
00600012000000000000000365070000000061553720005000000001292628
00600012000000000000000365080000000104793400005000000002200662
00600012000000000000000365090000000026776860005000000000562314
00600012000000000000000365100000000066115700005000000001388430
00600012000000000000000365110000000065884300005000000001383570
00600012000000000000000365120000000073855380005000000001550963
00600012000000000000000365130000000023140490005000000000485950
00600012000000000000000365140000000008595040005000000000180496
00600012000000000000000365150000000028925620005000000000607438
00600012000000000000000365160000000084214880005000000001768513
00600012000000000000000365170000000036363640005000000000763636
00600012000000000000000365180000000036363640005000000000763636
00600012000000000000000365190000000016016530005000000000336347
00600012000000000000000365200000000012396690005000000000260331
00600012000000000000000365210000000018074380005000000000379562
00600012000000000000000365220000000030979340005000000000650566
00600012000000000000000365230000000058727270005000000001233273
00600012000000000000000365240000000013752070005000000000288793
00600012000000000000000365250000000025991740005000000000545826
00600012000000000000000365260000000009669420005000000000203058
00600012000000000000000365270000000012714880005000000000267012
00600012000000000000000365280000000017351240005000000000364376
00600012000000000000000365290000000006611570005000000000138843
00600012000000000000000365300000000008132230005000000000170777
00600012000000000000000365310000000021847110005000000000458789
00600012000000000000000365320000000111752060005000000002346794
00600012000000000000000365330000000125128100005000000002627690
00600012000000000000000365340000000004115700005000000000086430
00600012000000000000000365350000000036363640005000000000763636
00600012000000000000000365360000000077066120005000000001618388
00600012000000000000000365370000000076710740005000000001610926
00600012000000000000000365380000000072181820005000000001515818
00600012000000000000000365390000000011768590005000000000247141
00600012000000000000000365400000000054644630005000000001147537
00600012000000000000000365410000000035214880005000000000739513
00600012000000000000000365420000000080132230005000000001682777
00600012000000000000000365430000000155404950005000000003263505
00600012000000000000000365440000000041586780005000000000873322
00600012000000000000000365450000000031537190005000000000662281
00600012000000000000000365460000000005830580005000000000122442
00600012000000000000000365470000000052058680005000000001093232
00600012000000000000000365480000000141355380005000000002968463
00600012000000000000000365490000000041900830005000000000879917
00600012000000000000000365500000000019264460005000000000404554
00600012000000000000000365510000000036942150005000000000775785
00600012000000000000000365520000000054148760005000000001137124
00600012000000000000000365530000000108181820005000000002271818
00600012000000000000000365540000000153309920005000000003219508
00600012000000000000000365550000000052396700005000000001100330
00600012000000000000000365560000000297437880005000000006246194
00600012000000000000000365570000000009173550005000000000192645
00600012000000000000000365580000000055198350005000000001159165
00600012000000000000000365590000000015842980005000000000332702
00600012000000000000000365600000000051983470005000000001091653
00600012000000000000000365610000000047045450005000000000987955
00600012000000000000000365620000000012148760005000000000255124
00600012000000000000000365630000000020661160005000000000433884
00600012000000000000000365640000000036363640005000000000763636
00600012000000000000000365650000000005363640005000000000112636
00600012000000000000000365660000000035123970005000000000737603
00600012000000000000000365670000000115933880005000000002434612
00600012000000000000000365680000000079173550005000000001662645
00600012000000000000000365690000000016264460005000000000341554
00600012000000000000000365700000000014471070005000000000303893
00600012000000000000000365710000000054545450005000000001145455
00600012000000000000000365720000000053057850005000000001114215
00600012000000000000000365730000000050909090005000000001069091
00600012000000000000000365740000000015991740005000000000335826
00600012000000000000000365750000000002851240005000000000059876
00600012000000000000000365760000000046694210005000000000980579
00600012000000000000000365770000000170318190005000000003576681
00600012000000000000000365780000000012561980005000000000263802
00600012000000000000000365790000000014690080005000000000308492
00600012000000000000000365800000000017190080005000000000360992
00600012000000000000000365810000000012148760005000000000255124
00600012000000000000000365820000000008595040005000000000180496
00600012000000000000000365830000000009876030005000000000207397
00600012000000000000000365840000000035000000005000000000735000
00600012000000000000000365850000000018966940005000000000398306
00600012000000000000000365860000000011157020005000000000234298
00600012000000000000000365870000000150677690005000000003164231
00600012000000000000000365880000000089438020005000000001878198
00600012000000000000000365890000000028033060005000000000588694
00600012000000000000000365900000000021793390005000000000457661
00600012000000000000000365910000000030487600005000000000640240
00600012000000000000000365920000000024380170005000000000511983
00600012000000000000000365930000000019834710005000000000416529
00600012000000000000000365940000000068264460005000000001433554
00600012000000000000000365950000000017768600005000000000373140
00600012000000000000000365960000000017768600005000000000373140
00600012000000000000000365970000000128578520005000000002700148
00600012000000000000000365980000000034561980005000000000725802
00600012000000000000000365990000000013834710005000000000290529
00600012000000000000000366000000000076776860005000000001612314
00600012000000000000000366010000000018181820005000000000381818
00600012000000000000000366020000000036363640005000000000763636
00600012000000000000000366030000000018181820005000000000381818
00600012000000000000000366040000000005900830005000000000123917
00600012000000000000000366050000000072727270005000000001527273
00600012000000000000000366060000000012148760005000000000255124
00600012000000000000000366070000000003090910005000000000064909
00600012000000000000000366080000000020132230005000000000422777
00600012000000000000000366090000000011570250005000000000242975
00600012000000000000000366100000000085008270005000000001785173
00600012000000000000000366110000000036363640005000000000763636
00600012000000000000000366120000000021652890005000000000454711
00600012000000000000000366130000000027466940005000000000576806
00600012000000000000000366140000000020165290005000000000423471
00600012000000000000000366150000000054545450005000000001145455
00600012000000000000000366160000000011322310005000000000237769
00600012000000000000000366170000000006181820005000000000129818
00600012000000000000000366180000000059148770005000000001242124
00600012000000000000000366190000000015537190005000000000326281
00600012000000000000000366200000000032727270005000000000687273
00600012000000000000000366210000000040495870005000000000850413
00800012000000000000000010800000000059484300005000000001249170
00800012000000000000000010810000000008780990005000000000184401
00800012000000000000000010820000000001561980005000000000032802
00800012000000000000000010830000000197958670005000000004157133
00800012000000000000000010840000000372962810005000000007832219
00800012000000000000000010850000000087318180005000000001833682
00800012000000000000000010860000000000942150005000000000019785
00800012000000000000000010870000000030495870005000000000640413
00800012000000000000000010880000000011487600005000000000241240
00800012000000000000000010890000000036363640005000000000763636
00800012000000000000000010900000000081586770005000000001713323
00800012000000000000000010910000000007933880005000000000166612
00800012000000000000000010920000000005950410005000000000124959
00800012000000000000000010930000000017768600005000000000373140
00800012000000000000000010940000000018181820005000000000381818
00100013000000000000000014060000000029842970005000000000626703
00100013000000000000000014070000000033227270005000000000697773
00100013000000000000000014080000000025785120005000000000541488
00100013000000000000000014090000000023966940005000000000503306
00100013000000000000000014100000000204210750005000000004288425
00100013000000000000000014110000000067095040005000000001408996
00100013000000000000000014120000000042429750005000000000891025
00100013000000000000000014130000000127471080005000000002676892
00100013000000000000000014140000000050925620005000000001069438
00100013000000000000000014150000000019834710005000000000416529
00100013000000000000000014160000000368842970005000000007745703
00600013000000000000000374930000000036363640005000000000763636
00600013000000000000000374940000000095045450005000000001995955
00600013000000000000000374950000000021487600005000000000451240
00600013000000000000000374960000000021487600005000000000451240
00600013000000000000000374970000000050371900005000000001057810
00600013000000000000000374980000000052685950005000000001106405
00600013000000000000000374990000000009066120005000000000190388
00600013000000000000000375000000000021074380005000000000442562
00600013000000000000000375010000000024132230005000000000506777
00600013000000000000000375020000000014545450005000000000305455
00600013000000000000000375030000000015206610005000000000319339
00600013000000000000000375040000000057842980005000000001214702
00600013000000000000000375050000000036363640005000000000763636
00600013000000000000000375060000000010074380005000000000211562
00600013000000000000000375070000000006392560005000000000134244
00600013000000000000000375080000000010909090005000000000229091
00600013000000000000000375090000000036363640005000000000763636
00600013000000000000000375100000000076066120005000000001597388
00600013000000000000000375110000000020231400005000000000424860
00600013000000000000000375120000000208016530005000000004368347
00600013000000000000000375130000000204669420005000000004298058
00600013000000000000000375140000000014214880005000000000298512
00600013000000000000000375150000000012314050005000000000258595
00600013000000000000000375160000000086194220005000000001810078
00600013000000000000000375170000000017768600005000000000373140
00600013000000000000000375180000000007140500005000000000149950
00600013000000000000000375190000000069728100005000000001464290
00600013000000000000000375200000000018595040005000000000390496
00600013000000000000000375210000000153520660005000000003223934
00600013000000000000000375220000000105851240005000000002222876
00600013000000000000000375230000000046512400005000000000976760
00600013000000000000000375240000000103177690005000000002166731
00600013000000000000000375250000000071301660005000000001497334
00600013000000000000000375260000000076123970005000000001598603
00600013000000000000000375270000000116892560005000000002454744
00600013000000000000000375280000000054958680005000000001154132
00600013000000000000000375290000000059768590005000000001255141
00600013000000000000000375300000000004826450005000000000101355
00600013000000000000000375310000000058657020005000000001231798
00600013000000000000000375320000000036363640005000000000763636
00600013000000000000000375330000000075305780005000000001581422
00600013000000000000000375340000000015206610005000000000319339
00600013000000000000000375350000000102516530005000000002152847
00600013000000000000000375360000000023429750005000000000492025
00600013000000000000000375370000000013363640005000000000280636
00600013000000000000000375380000000009173550005000000000192645
00600013000000000000000375390000000005785120005000000000121488
00600013000000000000000375400000000007685950005000000000161405
00600013000000000000000375410000000013239670005000000000278033
00600013000000000000000375420000000078396700005000000001646330
00600013000000000000000375430000000007975210005000000000167479
00600013000000000000000375440000000109938020005000000002308698
00600013000000000000000375450000000124173550005000000002607645
00600013000000000000000375460000000036363640005000000000763636
00600013000000000000000375470000000036363640005000000000763636
00600013000000000000000375480000000036363640005000000000763636
00600013000000000000000375490000000058247930005000000001223207
00600013000000000000000375500000000085421480005000000001793852
00600013000000000000000375510000000039619840005000000000832016
00600013000000000000000375520000000036363640005000000000763636
00600013000000000000000375530000000060086780005000000001261822
00600013000000000000000375540000000060764460005000000001276054
00600013000000000000000375550000000017438020005000000000366198
00600013000000000000000375560000000019317360005000000000405664
00600013000000000000000375570000000006652890005000000000139711
00600013000000000000000375580000000022016530005000000000462347
00600013000000000000000375590000000044033060005000000000924694
00600013000000000000000375600000000002876030005000000000060397
00600013000000000000000375610000000025289260005000000000531074
00600013000000000000000375620000000044185950005000000000927905
00600013000000000000000375630000000018434880005000000000387132
00600013000000000000000375640000000036363640005000000000763636
00600013000000000000000375650000000031838840005000000000668616
00600013000000000000000375660000000074049590005000000001555041
00600013000000000000000375670000000018512400005000000000388760
00600013000000000000000375680000000074049590005000000001555041
00600013000000000000000375690000000058867770005000000001236223
00600013000000000000000375700000000009338840005000000000196116
00600013000000000000000375710000000004512400005000000000094760
00600013000000000000000375720000000051297520005000000001077248
00600013000000000000000375730000000009479340005000000000199066
00600013000000000000000375740000000028710740005000000000602926
00600013000000000000000375750000000131500000005000000002761500
00600013000000000000000375760000000024524790005000000000515021
00600013000000000000000375770000000012421490005000000000260851
00600013000000000000000375780000000014809920005000000000311008
00600013000000000000000375790000000013975210005000000000293479
00600013000000000000000375800000000034421490005000000000722851
00600013000000000000000375810000000036280990005000000000761901
00600013000000000000000375820000000033768590005000000000709141
00600013000000000000000375830000000069090910005000000001450909
00600013000000000000000375840000000017851240005000000000374876
00600013000000000000000375850000000068144630005000000001431038
00600013000000000000000375860000000013173550005000000000276645
00600013000000000000000375870000000032727270005000000000687273
00600013000000000000000375880000000010578510005000000000222149
00600013000000000000000375890000000017355370005000000000364463
00600013000000000000000375900000000036363640005000000000763636
00600013000000000000000375910000000021487600005000000000451240
00600013000000000000000375920000000029855370005000000000626963
00600013000000000000000375930000000015123970005000000000317603
00600013000000000000000375940000000093388430005000000001961157
00600013000000000000000375950000000087247940005000000001832206
00600013000000000000000375960000000017355370005000000000364463
00600013000000000000000375970000000019917360005000000000418264
00600013000000000000000375980000000017351240005000000000364376
00600013000000000000000375990000000019880170005000000000417483
00600013000000000000000376000000000036363640005000000000763636
00600013000000000000000376010000000014752070005000000000309793
00600013000000000000000376020000000081976950005000000001721516
00600013000000000000000376030000000021487600005000000000451240
00600013000000000000000376040000000022355370005000000000469463
00600013000000000000000376050000000007363640005000000000154636
00600013000000000000000376060000000041818180005000000000878182
00600013000000000000000376070000000135520660005000000002845934
00600013000000000000000376080000000036628100005000000000769190
00600013000000000000000376090000000060661160005000000001273884
00600013000000000000000376100000000020661160005000000000433884
00600013000000000000000376110000000036363640005000000000763636
00600013000000000000000376120000000036363640005000000000763636
00600013000000000000000376130000000006115700005000000000128430
00600013000000000000000376140000000021487600005000000000451240
00600013000000000000000376150000000021487600005000000000451240
00600013000000000000000376160000000014462810005000000000303719
00600013000000000000000376170000000134710750005000000002828925
00600013000000000000000376180000000048512400005000000001018760
00600013000000000000000376190000000021487600005000000000451240
00600013000000000000000376200000000051157020005000000001074298
00600013000000000000000376210000000020661160005000000000433884
00600013000000000000000376220000000020661160005000000000433884
00600013000000000000000376230000000021487600005000000000451240
00600013000000000000000376240000000012338840005000000000259116
00600013000000000000000376250000000046280990005000000000971901
00600013000000000000000376260000000004958680005000000000104132
00600013000000000000000376270000000020661160005000000000433884
00600013000000000000000376280000000021487600005000000000451240
00600013000000000000000376290000000036148760005000000000759124
00600013000000000000000376300000000006157020005000000000129298
00600013000000000000000376310000000034157020005000000000717298
00600013000000000000000376320000000040909090005000000000859091
00600013000000000000000376330000000012314050005000000000258595
00600013000000000000000376340000000032314050005000000000678595
00600013000000000000000376350000000036363640005000000000763636
00600013000000000000000376360000000036363640005000000000763636
00600013000000000000000376370000000036363640005000000000763636
00600013000000000000000376380000000045000000005000000000945000
00600013000000000000000376390000000031132230005000000000653777
00600013000000000000000376400000000036363640005000000000763636
00600013000000000000000376410000000036363640005000000000763636
00600013000000000000000376420000000036363640005000000000763636
00600013000000000000000376430000000060165290005000000001263471
00600013000000000000000376440000000014214880005000000000298512
00600013000000000000000376450000000022727270005000000000477273
00600013000000000000000376460000000005892560005000000000123744
00600013000000000000000376470000000028347110005000000000595289
00600013000000000000000376480000000009966940005000000000209306
00600013000000000000000376490000000020661160005000000000433884
00600013000000000000000376500000000020661160005000000000433884
00600013000000000000000376510000000009752070005000000000204793
00600013000000000000000376520000000101206610005000000002125339
00600013000000000000000376530000000023388430005000000000491157
00600013000000000000000376540000000020661160005000000000433884
00600013000000000000000376550000000020661160005000000000433884
00600013000000000000000376560000000015950410005000000000334959
00600013000000000000000376570000000032314050005000000000678595
00600013000000000000000376580000000020661160005000000000433884
00600013000000000000000376590000000005553720005000000000116628
00600013000000000000000376600000000091900830005000000001929917
00600013000000000000000376610000000036363640005000000000763636
00600013000000000000000376620000000095867770005000000002013223
00600013000000000000000376630000000026033060005000000000546694
00600013000000000000000376640000000056338840005000000001183116
00600013000000000000000376650000000020661160005000000000433884
00600013000000000000000376660000000025520660005000000000535934
00600013000000000000000376670000000025520660005000000000535934
00600013000000000000000376680000000014132230005000000000296777
00600013000000000000000376690000000031611570005000000000663843
00600013000000000000000376700000000028512400005000000000598760
00600013000000000000000376710000000006247930005000000000131207
00600013000000000000000376720000000036363640005000000000763636
00600013000000000000000376730000000020661160005000000000433884
00600013000000000000000376740000000021487600005000000000451240
00600013000000000000000376750000000021487600005000000000451240
00600013000000000000000376760000000021487600005000000000451240
00600013000000000000000376770000000044793410005000000000940661
00600013000000000000000376780000000021487600005000000000451240
00600013000000000000000376790000000044888430005000000000942657
00600013000000000000000376800000000047768590005000000001003141
00600013000000000000000376810000000027024790005000000000567521
00600013000000000000000376820000000072214880005000000001516513
00600013000000000000000376830000000019066120005000000000400388
00600013000000000000000376840000000021157030005000000000444297
00600013000000000000000376850000000005132230005000000000107777
00600013000000000000000376860000000032396690005000000000680331
00600013000000000000000376870000000024553720005000000000515628
00600013000000000000000376880000000041818180005000000000878182
00600013000000000000000376890000000048681820005000000001022318
00600013000000000000000376900000000063867770005000000001341223
00600013000000000000000376910000000014132230005000000000296777
00600013000000000000000376920000000016520660005000000000346934
00600013000000000000000376930000000000000080005000000000000002
00600013000000000000000376940000000012421490005000000000260851
00600013000000000000000376950000000011611570005000000000243843
00600013000000000000000376960000000002314050005000000000048595
00600013000000000000000376970000000085371900005000000001792810
00600013000000000000000376980000000020000000005000000000420000
00600013000000000000000376990000000050789260005000000001066574
00600013000000000000000377000000000006033060005000000000126694
00600013000000000000000377010000000004413220005000000000092678
00600013000000000000000377020000000070223140005000000001474686
00600013000000000000000377030000000029917190005000000000628261
00600013000000000000000377040000000032925620005000000000691438
00600013000000000000000377050000000065851240005000000001382876
00600013000000000000000377060000000105326450005000000002211855
00600013000000000000000377070000000050086780005000000001051822
00600013000000000000000377080000000082049590005000000001723041
00600013000000000000000377090000000013223140005000000000277686
00600013000000000000000377100000000017479340005000000000367066
00600013000000000000000377110000000024095040005000000000505996
00600013000000000000000377120000000135929750005000000002854525
00600013000000000000000377130000000013834710005000000000290529
00600013000000000000000377140000000012314050005000000000258595
00600013000000000000000377150000000151231410005000000003175859
00600013000000000000000377160000000744698380005000000015638663
00600013000000000000000377170000000008925620005000000000187438
00600013000000000000000377180000000036363640005000000000763636
00600013000000000000000377190000000040181820005000000000843818
00600013000000000000000377200000000042561980005000000000893802
00600013000000000000000377210000000007826450005000000000164355
00600013000000000000000377220000000080698340005000000001694666
00600013000000000000000377230000000045124010005000000000947604
00600013000000000000000377240000000008661160005000000000181884
00600013000000000000000377250000000092628100005000000001945190
00600013000000000000000377260000000064276860005000000001349814
00600013000000000000000377270000000044206610005000000000928339
00600013000000000000000377280000000078723140005000000001653186
00600013000000000000000377290000000077223140005000000001621686
00600013000000000000000377300000000081640490005000000001714451
00600013000000000000000377310000000008991740005000000000188826
00600013000000000000000377320000000033508270005000000000703673
00600013000000000000000377330000000008640500005000000000181450
00600013000000000000000377340000000036363640005000000000763636
00600013000000000000000377350000000021090910005000000000442909
00600013000000000000000377360000000041818180005000000000878182
00600013000000000000000377370000000036363640005000000000763636
00600013000000000000000377380000000036363640005000000000763636
00600013000000000000000377390000000017140500005000000000359950
00600013000000000000000377400000000080264460005000000001685554
00600013000000000000000377410000000058446280005000000001227372
00600013000000000000000377420000000093966950005000000001973305
00600013000000000000000377430000000002256200005000000000047380
00600013000000000000000377440000000018896690005000000000396831
00600013000000000000000377450000000059239670005000000001244033
00600013000000000000000377460000000058776860005000000001234314
00600013000000000000000377470000000040132230005000000000842777
00600013000000000000000377480000000041818180005000000000878182
00600013000000000000000377490000000010074380005000000000211562
00600013000000000000000377500000000050512400005000000001060760
00600013000000000000000377510000000021487600005000000000451240
00600013000000000000000377520000000012760330005000000000267967
00600013000000000000000377530000000024586760005000000000516322
00600013000000000000000377540000000025008260005000000000525174
00600013000000000000000377550000000025500000005000000000535500
00600013000000000000000377560000000067371900005000000001414810
00600013000000000000000377570000000031983880005000000000671662
00600013000000000000000377580000000036363640005000000000763636
00600013000000000000000377590000000019669420005000000000413058
00600013000000000000000377600000000177913220005000000003736178
00600013000000000000000377610000000029152890005000000000612211
00600013000000000000000377620000000015173550005000000000318645
00600013000000000000000377630000000001694210005000000000035579
00600013000000000000000377640000000023884300005000000000501570
00600013000000000000000377650000000229884300005000000004827570
00600013000000000000000377660000000224991730005000000004724827
00600013000000000000000377670000000036363640005000000000763636
00600013000000000000000377680000000021198350005000000000445165
00600013000000000000000377690000000031157030005000000000654297
00600013000000000000000377700000000021487600005000000000451240
00600013000000000000000377710000000013611570005000000000285843
00600013000000000000000377720000000051239670005000000001076033
00600013000000000000000377730000000100033050005000000002100695
00600013000000000000000377740000000002314050005000000000048595
00600013000000000000000377750000000100454550005000000002109545
00600013000000000000000377760000000019264460005000000000404554
00600013000000000000000377770000000002314050005000000000048595
00600013000000000000000377780000000004628100005000000000097190
00600013000000000000000377790000000004950410005000000000103959
00600013000000000000000377800000000396099190005000000008318081
00600013000000000000000377810000000041818180005000000000878182
00600013000000000000000377820000000036363640005000000000763636
00600013000000000000000377830000000051421490005000000001079851
00600013000000000000000377840000000076363630005000000001603637
00600013000000000000000377850000000181090910005000000003802909
00600013000000000000000377860000000040462810005000000000849719
00600013000000000000000377870000000013801650005000000000289835
00600013000000000000000377880000000019264460005000000000404554
00600013000000000000000377890000000064330580005000000001350942
00600013000000000000000377900000000022314050005000000000468595
00600013000000000000000377910000000036363640005000000000763636
00600013000000000000000377920000000012314050005000000000258595
00600013000000000000000377930000000054219010005000000001138599
00600013000000000000000377940000000033636360005000000000706364
00600013000000000000000377950000000056925620005000000001195438
00600013000000000000000377960000000048190080005000000001011992
00600013000000000000000377970000000033367770005000000000700723
00600013000000000000000377980000000015805790005000000000331921
00600013000000000000000377990000000071863630005000000001509137
00600013000000000000000378000000000140566110005000000002951889
00600013000000000000000378010000000007727270005000000000162273
00600013000000000000000378020000000014710700005000000000308925
00600013000000000000000378030000000036363640005000000000763636
00600013000000000000000378040000000013223140005000000000277686
00600013000000000000000378050000000013223140005000000000277686
00600013000000000000000378060000000021487600005000000000451240
00600013000000000000000378070000000065454550005000000001374545
00600013000000000000000378080000000033367770005000000000700723
00600013000000000000000378090000000011661160005000000000244884
00600013000000000000000378100000000030785120005000000000646488
00600013000000000000000378110000000024090910005000000000505909
00600013000000000000000378120000000021528930005000000000452107
00600013000000000000000378130000000033355370005000000000700463
00600013000000000000000378140000000058264460005000000001223554
00600013000000000000000378150000000050508270005000000001060673
00600013000000000000000378160000000016227270005000000000340773
00600013000000000000000378170000000078528920005000000001649108
00600013000000000000000378180000000036363640005000000000763636
00600013000000000000000378190000000008925620005000000000187438
00600013000000000000000378200000000045619840005000000000958016
00600013000000000000000378210000000019669420005000000000413058
00600013000000000000000378220000000030991740005000000000650826
00600013000000000000000378230000000030991740005000000000650826
00600013000000000000000378240000000000165290005000000000003471
00600013000000000000000378250000000062942150005000000001321785
00600013000000000000000378260000000108533050005000000002279195
00600013000000000000000378270000000036363640005000000000763636
00600013000000000000000378280000000518305780005000000010884422
00600013000000000000000378290000000011347110005000000000238289
00600013000000000000000378300000000029677690005000000000623231
00600013000000000000000378310000000066338840005000000001393116
00600013000000000000000378320000000093884300005000000001971570
00600013000000000000000378330000000035785130005000000000751488
00600013000000000000000378340000000014710740005000000000308926
00600013000000000000000378350000000036363640005000000000763636
00600013000000000000000378360000000041404960005000000000869504
00600013000000000000000378370000000019247930005000000000404207
00600013000000000000000378380000000109876030005000000002307397
00600013000000000000000378390000000044132230005000000000926777
00600013000000000000000378400000000044297520005000000000930248
00600013000000000000000378410000000018347110005000000000385289
00600013000000000000000378420000000130611570005000000002742843
00600013000000000000000378430000000021157030005000000000444297
00600013000000000000000378440000000021983470005000000000461653
00600013000000000000000378450000000017190080005000000000360992
00600013000000000000000378460000000011363640005000000000238636
00600013000000000000000378470000000053528930005000000001124107
00600013000000000000000378480000000086776860005000000001822314
00600013000000000000000378490000000055371730005000000001162806
00600013000000000000000378500000000005493730005000000000115368
00600013000000000000000378510000000005494540005000000000115385
00600013000000000000000378520000000054462810005000000001143719
00600013000000000000000378530000000009917360005000000000208264
00600013000000000000000378540000000020413220005000000000428678
00600013000000000000000378550000000021487600005000000000451240
00600013000000000000000378560000000086962810005000000001826219
00600013000000000000000378570000000046776860005000000000982314
00600013000000000000000378580000000021487600005000000000451240
00600013000000000000000378590000000021487600005000000000451240
00600013000000000000000378600000000021487600005000000000451240
00600013000000000000000378610000000015041320005000000000315868
00600013000000000000000378620000000044297680005000000000930251
00600013000000000000000378630000000008694210005000000000182579
00600013000000000000000378640000000057842980005000000001214702
00600013000000000000000378650000000528661190005000000011101881
00600013000000000000000378660000000165561980005000000003476802
00600013000000000000000378670000000086280990005000000001811901
00600013000000000000000378680000000033181820005000000000696818
00600013000000000000000378690000000018181820005000000000381818
00600013000000000000000378700000000065454550005000000001374545
00600013000000000000000378710000000024165290005000000000507471
00600013000000000000000378720000000014206610005000000000298339
00600013000000000000000378730000000021487600005000000000451240
00600013000000000000000378740000000065206610005000000001369339
00600013000000000000000378750000000031074380005000000000652562
00600013000000000000000378760000000022809920005000000000479008
00600013000000000000000378770000000053760330005000000001128967
00600013000000000000000378780000000041900830005000000000879917
00600013000000000000000378790000000021487600005000000000451240
00600013000000000000000378800000000036363640005000000000763636
00600013000000000000000378810000000025785120005000000000541488
00600013000000000000000378820000000049305790005000000001035421
00600013000000000000000378830000000049400830005000000001037417
00600013000000000000000378840000000030950410005000000000649959
00600013000000000000000378850000000036363640005000000000763636
00600013000000000000000378860000000095462810005000000002004719
00600013000000000000000378870000000026842970005000000000563703
00600013000000000000000378880000000021487600005000000000451240
00600013000000000000000378890000000020975210005000000000440479
00600013000000000000000378900000000002314050005000000000048595
00600013000000000000000378910000000188595050005000000003960495
00600013000000000000000378920000000069256200005000000001454380
00600013000000000000000378930000000148925630005000000003127438
00600013000000000000000378940000000047768590005000000001003141
00600013000000000000000378950000000017107440005000000000359256
00600013000000000000000378960000000045309920005000000000951508
00600013000000000000000378970000000052194210005000000001096079
00600013000000000000000378980000000032314050005000000000678595
00600013000000000000000378990000000063823140005000000001340286
00600013000000000000000379000000000068057850005000000001429215
00600013000000000000000379010000000024297520005000000000510248
00600013000000000000000379020000000072727270005000000001527273
00600013000000000000000379030000000009090910005000000000190909
00600013000000000000000379040000000050495870005000000001060413
00600013000000000000000379050000000036363640005000000000763636
00600013000000000000000379060000000036363640005000000000763636
00600013000000000000000379070000000011157020005000000000234298
00600013000000000000000379080000000118041320005000000002478868
00600013000000000000000379090000000015950410005000000000334959
00600013000000000000000379100000000013557850005000000000284715
00600013000000000000000379110000000013557850005000000000284715
00600013000000000000000379120000000048842980005000000001025702
00600013000000000000000379130000000030165290005000000000633471
00600013000000000000000379140000000011570250005000000000242975
00600013000000000000000379150000000100429750005000000002109025
00600013000000000000000379160000000062148760005000000001305124
00600013000000000000000379170000000036363640005000000000763636
00600013000000000000000379180000000008595040005000000000180496
00600013000000000000000379190000000096714880005000000002031013
00600013000000000000000379200000000128925620005000000002707438
00600013000000000000000379210000000022809920005000000000479008
00600013000000000000000379220000000019008260005000000000399174
00600013000000000000000379230000000018181820005000000000381818
00600013000000000000000379240000000101785130005000000002137488
00600013000000000000000379250000000036363640005000000000763636
00600013000000000000000379260000000022314050005000000000468595
00600013000000000000000379270000000009090910005000000000190909
00600013000000000000000379280000000029359500005000000000616550
00800013000000000000000010310000000006392560005000000000134244
00800013000000000000000010320000000208016530005000000004368347
00800013000000000000000010330000000137685950005000000002891405
00800013000000000000000010340000000054958680005000000001154132
00800013000000000000000010350000000022016530005000000000462347
00800013000000000000000010360000000074049590005000000001555041
00800013000000000000000010370000000090644630005000000001903538
00800013000000000000000010380000000069090910005000000001450909
00800013000000000000000010390000000051297520005000000001077248
00800013000000000000000010400000000036148760005000000000759124
00800013000000000000000010410000000025520660005000000000535934
00800013000000000000000010420000000000000080005000000000000002
00800013000000000000000010430000000080698340005000000001694666
00800013000000000000000010440000000013223140005000000000277686
00800013000000000000000010450000000033367770005000000000700723
00800013000000000000000010460000000055371730005000000001162806
00800013000000000000000010470000000005493730005000000000115368
00800013000000000000000010480000000005494540005000000000115385
00100015000000000000000003070000000011570250005000000000242975
00100015000000000000000003080000000124690090005000000002618491
00600015000000000000000209010000000036363640005000000000763636
00600015000000000000000209020000000011082640005000000000232736
00600015000000000000000209030000000150008270005000000003150173
00600015000000000000000209040000000040165290005000000000843471
00600015000000000000000209050000000123095040005000000002584996
00600015000000000000000209060000000035041320005000000000735868
00600015000000000000000209070000000036363640005000000000763636
00600015000000000000000209080000000028991740005000000000608826
00600015000000000000000209090000000036462810005000000000765719
00600015000000000000000209100000000056925620005000000001195438
00600015000000000000000209110000000094413230005000000001982677
00600015000000000000000209120000000078359510005000000001645549
00600015000000000000000209130000000023933880005000000000502612
00600015000000000000000209140000000125421480005000000002633852
00600015000000000000000209150000000036363640005000000000763636
00600015000000000000000209160000000036371900005000000000763810
00600015000000000000000209170000000090000000005000000001890000
00600015000000000000000209180000000036363640005000000000763636
00600015000000000000000209190000000036363640005000000000763636
00600015000000000000000209200000000003000000005000000000063000
00600015000000000000000209210000000004016530005000000000084347
00600015000000000000000209220000000025487600005000000000535240
00600015000000000000000209230000000036363640005000000000763636
00600015000000000000000209240000000036363640005000000000763636
00600015000000000000000209250000000036363640005000000000763636
00600015000000000000000209260000000036363640005000000000763636
00600015000000000000000209270000000036363640005000000000763636
00600015000000000000000209280000000021785120005000000000457488
00600015000000000000000209290000000016487600005000000000346240
00600015000000000000000209300000000036363640005000000000763636
00600015000000000000000209310000000044640500005000000000937450
00600015000000000000000209320000000036363640005000000000763636
00600015000000000000000209330000000020661160005000000000433884
00600015000000000000000209340000000011975210005000000000251479
00600015000000000000000209350000000048293390005000000001014161
00600015000000000000000209360000000073851240005000000001550876
00600015000000000000000209370000000077074380005000000001618562
00600015000000000000000209380000000036363640005000000000763636
00600015000000000000000209390000000021735540005000000000456446
00600015000000000000000209400000000043776820005000000000919313
00600015000000000000000209410000000145644630005000000003058538
00600015000000000000000209420000000034966940005000000000734306
00600015000000000000000209430000000089495870005000000001879413
00600015000000000000000209440000000103045450005000000002163955
00600015000000000000000209450000000036966940005000000000776306
00600015000000000000000209460000000072661160005000000001525884
00600015000000000000000209470000000020661160005000000000433884
00600015000000000000000209480000000024586780005000000000516322
00600015000000000000000209490000000061950410005000000001300959
00600015000000000000000209500000000044185950005000000000927905
00600015000000000000000209510000000020454540005000000000429546
00600015000000000000000209520000000033247930005000000000698207
00600015000000000000000209530000000017925620005000000000376438
00600015000000000000000209540000000052475210005000000001101979
00600015000000000000000209550000000036363640005000000000763636
00600015000000000000000209560000000036363640005000000000763636
00600015000000000000000209570000000020793390005000000000436661
00600015000000000000000209580000000036363640005000000000763636
00600015000000000000000209590000000036363640005000000000763636
00600015000000000000000209600000000020793390005000000000436661
00600015000000000000000209610000000056950410005000000001195959
00600015000000000000000209620000000036363640005000000000763636
00600015000000000000000209630000000036363640005000000000763636
00600015000000000000000209640000000036363640005000000000763636
00600015000000000000000209650000000036363640005000000000763636
00600015000000000000000209660000000020793390005000000000436661
00600015000000000000000209670000000036363640005000000000763636
00600015000000000000000209680000000020793390005000000000436661
00600015000000000000000209690000000020661160005000000000433884
00600015000000000000000209700000000010909090005000000000229091
00600015000000000000000209710000000036363640005000000000763636
00600015000000000000000209720000000026702480005000000000560752
00600015000000000000000209730000000023033060005000000000483694
00600015000000000000000209740000000023008260005000000000483174
00600015000000000000000209750000000090479340005000000001900066
00600015000000000000000209760000000110628100005000000002323190
00600015000000000000000209770000000007925620005000000000166438
00600015000000000000000209780000000036363640005000000000763636
00600015000000000000000209790000000157528920005000000003308108
00600015000000000000000209800000000034756200005000000000729880
00600015000000000000000209810000000003983470005000000000083653
00600015000000000000000209820000000024842970005000000000521703
00600015000000000000000209830000000156429750005000000003285025
00600015000000000000000209840000000026611570005000000000558843
00600015000000000000000209850000000022388430005000000000470157
00600015000000000000000209860000000015289260005000000000321074
00600015000000000000000209870000000022388430005000000000470157
00600015000000000000000209880000000010413220005000000000218678
00600015000000000000000209890000000009917360005000000000208264
00600015000000000000000209900000000036363640005000000000763636
00600015000000000000000209910000000036363640005000000000763636
00600015000000000000000209920000000036363640005000000000763636
00600015000000000000000209930000000008909090005000000000187091
00600015000000000000000209940000000082561980005000000001733802
00600015000000000000000209950000000020661160005000000000433884
00600015000000000000000209960000000020157030005000000000423297
00600015000000000000000209970000000036363640005000000000763636
00600015000000000000000209980000000014801650005000000000310835
00600015000000000000000209990000000079028920005000000001659608
00600015000000000000000210000000000155900830005000000003273917
00600015000000000000000210010000000244181810005000000005127819
00600015000000000000000210020000000372570250005000000007823975
00600015000000000000000210030000000010909090005000000000229091
00600015000000000000000210040000000246533060005000000005177194
00600015000000000000000210050000000389917340005000000008188266
00600015000000000000000210060000000060495870005000000001270413
00600015000000000000000210070000000077520660005000000001627934
00600015000000000000000210080000000069752060005000000001464794
00600015000000000000000210090000000071962810005000000001511219
00600015000000000000000210100000000036363640005000000000763636
00600015000000000000000210110000000129669420005000000002723058
00600015000000000000000210120000000104710740005000000002198926
00600015000000000000000210130000000036363640005000000000763636
00600015000000000000000210140000000136991730005000000002876827
00600015000000000000000210150000000228479340005000000004798066
00600015000000000000000210160000000036363640005000000000763636
00600015000000000000000210170000000036363640005000000000763636
00600015000000000000000210180000000080607670005000000001692761
00600015000000000000000210190000000019834710005000000000416529
00600015000000000000000210200000000180909090005000000003799091
00600015000000000000000210210000000129256200005000000002714380
00600015000000000000000210220000000062107440005000000001304256
00600015000000000000000210230000000142859500005000000003000050
00600015000000000000000210240000000011694210005000000000245579
00600015000000000000000210250000000117520660005000000002467934
00600015000000000000000210260000000350247940005000000007355206
00600015000000000000000210270000000142082640005000000002983736
00600015000000000000000210280000000277103190005000000005819166
00600015000000000000000210290000000434975310005000000009134481
00600015000000000000000210300000000058909090005000000001237091
00600015000000000000000210310000000489388440005000000010277156
00600015000000000000000210320000000528198380005000000011092163
00600015000000000000000210330000000332959090005000000006992141
00600015000000000000000210340000000144198530005000000003028169
00600015000000000000000210350000000036363640005000000000763636
00600015000000000000000210360000000057842980005000000001214702
00600015000000000000000210370000000014710740005000000000308926
00600015000000000000000210380000000053586780005000000001125322
00600015000000000000000210390000000033694210005000000000707579
00600015000000000000000210400000000036363640005000000000763636
00600015000000000000000210410000000020793390005000000000436661
00600015000000000000000210420000000020793390005000000000436661
00600015000000000000000210430000000018966940005000000000398306
00600015000000000000000210440000000036363640005000000000763636
00600015000000000000000210450000000036363640005000000000763636
00600015000000000000000210460000000056950410005000000001195959
00600015000000000000000210470000000036363640005000000000763636
00600015000000000000000210480000000020793390005000000000436661
00600015000000000000000210490000000036363640005000000000763636
00600015000000000000000210500000000036363640005000000000763636
00600015000000000000000210510000000036363640005000000000763636
00600015000000000000000210520000000036363640005000000000763636
00600015000000000000000210530000000020793390005000000000436661
00600015000000000000000210540000000020793390005000000000436661
00600015000000000000000210550000000036363640005000000000763636
00600015000000000000000210560000000020793390005000000000436661
00600015000000000000000210570000000036363640005000000000763636
00600015000000000000000210580000000056950410005000000001195959
00600015000000000000000210590000000038157020005000000000801298
00600015000000000000000210600000000036363640005000000000763636
00600015000000000000000210610000000036363640005000000000763636
00600015000000000000000210620000000009917360005000000000208264
00600015000000000000000210630000000007917360005000000000166264
00600015000000000000000210640000000085491730005000000001795327
00600015000000000000000210650000000020793390005000000000436661
00600015000000000000000210660000000255140500005000000005357950
00600015000000000000000210670000000270495880005000000005680413
00600015000000000000000210680000000187169530005000000003930561
00600015000000000000000210690000000127404960005000000002675504
00600015000000000000000210700000000013797520005000000000289748
00600015000000000000000210710000000031487600005000000000661240
00600015000000000000000210720000000011301660005000000000237335
00600015000000000000000210730000000009917360005000000000208264
00600015000000000000000210740000000015190080005000000000318992
00600015000000000000000210750000000036363640005000000000763636
00600015000000000000000210760000000036363640005000000000763636
00600015000000000000000210770000000015991740005000000000335826
00600015000000000000000210780000000033057850005000000000694215
00600015000000000000000210790000000014876030005000000000312397
00600015000000000000000210800000000036363640005000000000763636
00600015000000000000000210810000000097209090005000000002041391
00600015000000000000000210820000000036363640005000000000763636
00600015000000000000000210830000000036363640005000000000763636
00600015000000000000000210840000000036363640005000000000763636
00600015000000000000000210850000000028710740005000000000602926
00600015000000000000000210860000000046776860005000000000982314
00600015000000000000000210870000000093140490005000000001955951
00600015000000000000000210880000000036363640005000000000763636
00600015000000000000000210890000000008264460005000000000173554
00600015000000000000000210900000000036363640005000000000763636
00600015000000000000000210910000000036363640005000000000763636
00600015000000000000000210920000000026743800005000000000561620
00600015000000000000000210930000000036363640005000000000763636
00600015000000000000000210940000000036363640005000000000763636
00600015000000000000000210950000000036363640005000000000763636
00600015000000000000000210960000000036363640005000000000763636
00600015000000000000000210970000000036363640005000000000763636
00600015000000000000000210980000000036363640005000000000763636
00600015000000000000000210990000000036363640005000000000763636
00600015000000000000000211000000000036363640005000000000763636
00600015000000000000000211010000000036363640005000000000763636
00600015000000000000000211020000000036363640005000000000763636
00600015000000000000000211030000000080661160005000000001693884
00600015000000000000000211040000000036363640005000000000763636
00600015000000000000000211050000000036363640005000000000763636
00600015000000000000000211060000000017355370005000000000364463
00600015000000000000000211070000000036363640005000000000763636
00600015000000000000000211080000000036363640005000000000763636
00600015000000000000000211090000000016768600005000000000352140
00600015000000000000000211100000000036363640005000000000763636
00600015000000000000000211110000000036363640005000000000763636
00600015000000000000000211120000000036363640005000000000763636
00600015000000000000000211130000000033785130005000000000709488
00600015000000000000000211140000000033057850005000000000694215
00600015000000000000000211150000000036363640005000000000763636
00600015000000000000000211160000000019743800005000000000414620
00600015000000000000000211170000000020305790005000000000426421
00600015000000000000000211180000000002256200005000000000047380
00600015000000000000000211190000000023884300005000000000501570
00600015000000000000000211200000000058347110005000000001225289
00600015000000000000000211210000000018074380005000000000379562
00600015000000000000000211220000000008256200005000000000173380
00600015000000000000000211230000000036363640005000000000763636
00600015000000000000000211240000000036363640005000000000763636
00600015000000000000000211250000000036363640005000000000763636
00600015000000000000000211260000000034884300005000000000732570
00600015000000000000000211270000000036363640005000000000763636
00600015000000000000000211280000000036363640005000000000763636
00600015000000000000000211290000000036363640005000000000763636
00600015000000000000000211300000000036363640005000000000763636
00600015000000000000000211310000000034876030005000000000732397
00600015000000000000000211320000000008264460005000000000173554
00600015000000000000000211330000000004330580005000000000090942
00600015000000000000000211340000000036363640005000000000763636
00600015000000000000000211350000000017355370005000000000364463
00600015000000000000000211360000000000909090005000000000019091
00600015000000000000000211370000000020661160005000000000433884
00600015000000000000000211380000000031570250005000000000662975
00600015000000000000000211390000000036363640005000000000763636
00600015000000000000000211400000000020661160005000000000433884
00600015000000000000000211410000000034140500005000000000716950
00600015000000000000000211420000000042512400005000000000892760
00600015000000000000000211430000000136140500005000000002858950
00600015000000000000000211440000000036363640005000000000763636
00600015000000000000000211450000000017768600005000000000373140
00600015000000000000000211460000000015103310005000000000317169
00600015000000000000000211470000000036363640005000000000763636
00600015000000000000000211480000000036363640005000000000763636
00600015000000000000000211490000000036363640005000000000763636
00600015000000000000000211500000000033057850005000000000694215
00600015000000000000000211510000000019834710005000000000416529
00600015000000000000000211520000000139838840005000000002936616
00600015000000000000000211530000000009917360005000000000208264
00600015000000000000000211540000000009917360005000000000208264
00600015000000000000000211550000000022231400005000000000466860
00600015000000000000000211560000000074322310005000000001560769
00600015000000000000000211570000000008702480005000000000182752
00600015000000000000000211580000000036363640005000000000763636
00600015000000000000000211590000000028057850005000000000589215
00600015000000000000000211600000000017157030005000000000360297
00600015000000000000000211610000000036363640005000000000763636
00600015000000000000000211620000000011545450005000000000242455
00600015000000000000000211630000000036363640005000000000763636
00600015000000000000000211640000000021628100005000000000454190
00600015000000000000000211650000000036363640005000000000763636
00600015000000000000000211660000000036363640005000000000763636
00600015000000000000000211670000000036363640005000000000763636
00600015000000000000000211680000000323628090005000000006796191
00600015000000000000000211690000000006611570005000000000138843
00600015000000000000000211700000000038987600005000000000818740
00600015000000000000000211710000000001983470005000000000041653
00600015000000000000000211720000000130314050005000000002736595
00600015000000000000000211730000000042570250005000000000893975
00600015000000000000000211740000000010190080005000000000213992
00600015000000000000000211750000000036363640005000000000763636
00600015000000000000000211760000000036363640005000000000763636
00600015000000000000000211770000000036363640005000000000763636
00600015000000000000000211780000000020661160005000000000433884
00600015000000000000000211790000000036363640005000000000763636
00600015000000000000000211800000000036363640005000000000763636
00600015000000000000000211810000000036363640005000000000763636
00600015000000000000000211820000000036363640005000000000763636
00600015000000000000000211830000000010661160005000000000223884
00600015000000000000000211840000000019834710005000000000416529
00600015000000000000000211850000000036363640005000000000763636
00600015000000000000000211860000000036363640005000000000763636
00600015000000000000000211870000000036363640005000000000763636
00600015000000000000000211880000000010909090005000000000229091
00600015000000000000000211890000000036363640005000000000763636
00600015000000000000000211900000000036363640005000000000763636
00600015000000000000000211910000000036363640005000000000763636
00600015000000000000000211920000000036363640005000000000763636
00600015000000000000000211930000000024099170005000000000506083
00600015000000000000000211940000000036363640005000000000763636
00600015000000000000000211950000000036363640005000000000763636
00600015000000000000000211960000000036363640005000000000763636
00600015000000000000000211970000000018057850005000000000379215
00600015000000000000000211980000000117851240005000000002474876
00600015000000000000000211990000000036363640005000000000763636
00600015000000000000000212000000000036363640005000000000763636
00600015000000000000000212010000000015206610005000000000319339
00600015000000000000000212020000000030330580005000000000636942
00600015000000000000000212030000000020661160005000000000433884
00600015000000000000000212040000000069966950005000000001469305
00600015000000000000000212050000000007388430005000000000155157
00600015000000000000000212060000000053528930005000000001124107
00600015000000000000000212070000000085553720005000000001796628
00600015000000000000000212080000000036363640005000000000763636
00600015000000000000000212090000000016438020005000000000345198
00600015000000000000000212100000000054442150005000000001143285
00600015000000000000000212110000000096446280005000000002025372
00600015000000000000000212120000000067789260005000000001423574
00600015000000000000000212130000000013305790005000000000279421
00600015000000000000000212140000000033929750005000000000712525
00600015000000000000000212150000000007471070005000000000156893
00600015000000000000000212160000000025206610005000000000529339
00600015000000000000000212170000000033789260005000000000709574
00600015000000000000000212180000000003619830005000000000076017
00600015000000000000000212190000000048822310005000000001025269
00600015000000000000000212200000000036363640005000000000763636
00600015000000000000000212210000000036363640005000000000763636
00600015000000000000000212220000000025206610005000000000529339
00600015000000000000000212230000000004132230005000000000086777
00600015000000000000000212240000000036363640005000000000763636
00600015000000000000000212250000000025636360005000000000538364
00600015000000000000000212260000000020793390005000000000436661
00600015000000000000000212270000000036363640005000000000763636
00600015000000000000000212280000000025371900005000000000532810
00600015000000000000000212290000000066033050005000000001386695
00600015000000000000000212300000000020661160005000000000433884
00600015000000000000000212310000000015900830005000000000333917
00600015000000000000000212320000000032636360005000000000685364
00600015000000000000000212330000000001041320005000000000021868
00600015000000000000000212340000000014429750005000000000303025
00600015000000000000000212350000000019834710005000000000416529
00600015000000000000000212360000000002314050005000000000048595
00600015000000000000000212370000000007305790005000000000153421
00600015000000000000000212380000000036363640005000000000763636
00600015000000000000000212390000000088933880005000000001867612
00600015000000000000000212400000000010909090005000000000229091
00600015000000000000000212410000000036363640005000000000763636
00600015000000000000000212420000000008264460005000000000173554
00600015000000000000000212430000000062611570005000000001314843
00600015000000000000000212440000000020661160005000000000433884
00600015000000000000000212450000000046280990005000000000971901
00600015000000000000000212460000000023446280005000000000492372
00600015000000000000000212470000000044677690005000000000938231
00600015000000000000000212480000000036363640005000000000763636
00600015000000000000000212490000000055495870005000000001165413
00600015000000000000000212500000000011975210005000000000251479
00600015000000000000000212510000000062603300005000000001314670
00600015000000000000000212520000000063925620005000000001342438
00600015000000000000000212530000000015991740005000000000335826
00600015000000000000000212540000000212851230005000000004469877
00600015000000000000000212550000000010909090005000000000229091
00600015000000000000000212560000000050719010005000000001065099
00600015000000000000000212570000000015471070005000000000324893
00600015000000000000000212580000000106239670005000000002231033
00600015000000000000000212590000000036363640005000000000763636
00600015000000000000000212600000000003719010005000000000078099
00600015000000000000000212610000000068633050005000000001441295
00600015000000000000000212620000000176677690005000000003710231
00600015000000000000000212630000000040392560005000000000848244
00600015000000000000000212640000000036363640005000000000763636
00600015000000000000000212650000000049033060005000000001029694
00600015000000000000000212660000000009764460005000000000205054
00600015000000000000000212670000000036363640005000000000763636
00600015000000000000000212680000000036363640005000000000763636
00600015000000000000000212690000000019834710005000000000416529
00600015000000000000000212700000000030909090005000000000649091
00600015000000000000000212710000000030624790005000000000643121
00600015000000000000000212720000000085235540005000000001789946
00600015000000000000000212730000000034491730005000000000724327
00600015000000000000000212740000000036363640005000000000763636
00600015000000000000000212750000000040495870005000000000850413
00600015000000000000000212760000000018297520005000000000384248
00600015000000000000000212770000000036363640005000000000763636
00600015000000000000000212780000000020115700005000000000422430
00600015000000000000000212790000000014057850005000000000295215
00600015000000000000000212800000000030909090005000000000649091
00600015000000000000000212810000000098417350005000000002066765
00600015000000000000000212820000000019413220005000000000407678
00600015000000000000000212830000000002256200005000000000047380
00600015000000000000000212840000000036363640005000000000763636
00600015000000000000000212850000000010909090005000000000229091
00600015000000000000000212860000000041123970005000000000863603
00600015000000000000000212870000000078347110005000000001645289
00600015000000000000000212880000000006157020005000000000129298
00600015000000000000000212890000000026132230005000000000548777
00600015000000000000000212900000000036363640005000000000763636
00600015000000000000000212910000000018454540005000000000387546
00600015000000000000000212920000000095272730005000000002000727
00600015000000000000000212930000000018966940005000000000398306
00600015000000000000000212940000000019834710005000000000416529
00600015000000000000000212950000000019834710005000000000416529
00600015000000000000000212960000000019834710005000000000416529
00600015000000000000000212970000000055471070005000000001164893
00600015000000000000000212980000000050842980005000000001067702
00600015000000000000000212990000000007471070005000000000156893
00600015000000000000000213000000000006157020005000000000129298
00600015000000000000000213010000000018033060005000000000378694
00600015000000000000000213020000000009917360005000000000208264
00600015000000000000000213030000000001024790005000000000021521
00600015000000000000000213040000000006272730005000000000131727
00600015000000000000000213050000000010330580005000000000216942
00600015000000000000000213060000000009917360005000000000208264
00600015000000000000000213070000000006157020005000000000129298
00600015000000000000000213080000000036363640005000000000763636
00600015000000000000000213090000000004132230005000000000086777
00600015000000000000000213100000000036363640005000000000763636
00600015000000000000000213110000000010049590005000000000211041
00600015000000000000000213120000000033586780005000000000705322
00600015000000000000000213130000000049057850005000000001030215
00600015000000000000000213140000000076925620005000000001615438
00600015000000000000000213150000000019305790005000000000405421
00600015000000000000000213160000000044826450005000000000941355
00600015000000000000000213170000000087537190005000000001838281
00600015000000000000000213180000000045355370005000000000952463
00600015000000000000000213190000000009917360005000000000208264
00600015000000000000000213200000000011041320005000000000231868
00600015000000000000000213210000000036363640005000000000763636
00600015000000000000000213220000000018454540005000000000387546
00600015000000000000000213230000000033929750005000000000712525
00600015000000000000000213240000000232330580005000000004878942
00600015000000000000000213250000000042644630005000000000895537
00600015000000000000000213260000000037752070005000000000792793
00600015000000000000000213270000000061884300005000000001299570
00600015000000000000000213280000000034421490005000000000722851
00600015000000000000000213290000000009256200005000000000194380
00600015000000000000000213300000000027239670005000000000572033
00600015000000000000000213310000000065256200005000000001370380
00600015000000000000000213320000000055495870005000000001165413
00600015000000000000000213330000000040661160005000000000853884
00600015000000000000000213340000000024376030005000000000511897
00600015000000000000000213350000000037421490005000000000785851
00600015000000000000000213360000000028826450005000000000605355
00600015000000000000000213370000000061355370005000000001288463
00600015000000000000000213380000000147305780005000000003093422
00600015000000000000000213390000000010334710005000000000217029
00600015000000000000000213400000000044297520005000000000930248
00600015000000000000000213410000000010888430005000000000228657
00600015000000000000000213420000000019834710005000000000416529
00600015000000000000000213430000000075206610005000000001579339
00600015000000000000000213440000000039008270005000000000819173
00600015000000000000000213450000000036363640005000000000763636
00600015000000000000000213460000000012223140005000000000256686
00600015000000000000000213470000000014752070005000000000309793
00600015000000000000000213480000000015206610005000000000319339
00600015000000000000000213490000000096396700005000000002024330
00600015000000000000000213500000000050115700005000000001052430
00600015000000000000000213510000000058115700005000000001220430
00600015000000000000000213520000000046082640005000000000967736
00600015000000000000000213530000000020661160005000000000433884
00600015000000000000000213540000000032363640005000000000679636
00600015000000000000000213550000000060033060005000000001260694
00600015000000000000000213560000000088000000005000000001848000
00600015000000000000000213570000000122380160005000000002569984
00600015000000000000000213580000000036363640005000000000763636
00600015000000000000000213590000000055942150005000000001174785
00600015000000000000000213600000000040661160005000000000853884
00600015000000000000000213610000000059371900005000000001246810
00600015000000000000000213620000000033227270005000000000697773
00600015000000000000000213630000000053950410005000000001132959
00600015000000000000000213640000000024095040005000000000505996
00600015000000000000000213650000000053950410005000000001132959
00600015000000000000000213660000000057652890005000000001210711
00600015000000000000000213670000000083636370005000000001756363
00600015000000000000000213680000000009132230005000000000191777
00600015000000000000000213690000000036115700005000000000758430
00600015000000000000000213700000000064132230005000000001346777
00600015000000000000000213710000000017842970005000000000374703
00600015000000000000000213720000000048562810005000000001019819
00600015000000000000000213730000000038588430005000000000810357
00600015000000000000000213740000000157024800005000000003297520
00600015000000000000000213750000000017351240005000000000364376
00600015000000000000000213760000000056198350005000000001180165
00600015000000000000000213770000000020661160005000000000433884
00600015000000000000000213780000000084231410005000000001768859
00600015000000000000000213790000000030280990005000000000635901
00600015000000000000000213800000000013884300005000000000291570
00600015000000000000000213810000000020661160005000000000433884
00600015000000000000000213820000000097586770005000000002049323
00600015000000000000000213830000000035371900005000000000742810
00600015000000000000000213840000000043636360005000000000916364
00600015000000000000000213850000000041917360005000000000880264
00600015000000000000000213860000000178049590005000000003739041
00600015000000000000000213870000000052099170005000000001094083
00600015000000000000000213880000000058842980005000000001235702
00600015000000000000000213890000000033057850005000000000694215
00600015000000000000000213900000000036157020005000000000759298
00600015000000000000000213910000000011132230005000000000233777
00600015000000000000000213920000000145917360005000000003064264
00600015000000000000000213930000000019834710005000000000416529
00600015000000000000000213940000000025785120005000000000541488
00600015000000000000000213950000000023388430005000000000491157
00600015000000000000000213960000000045619840005000000000958016
00600015000000000000000213970000000033057850005000000000694215
00600015000000000000000213980000000020661160005000000000433884
00600015000000000000000213990000000030057850005000000000631215
00600015000000000000000214000000000028429750005000000000597025
00600015000000000000000214010000000036628100005000000000769190
00600015000000000000000214020000000053719010005000000001128099
00600015000000000000000214030000000000115700005000000000002430
00600015000000000000000214040000000000231400005000000000004860
00600015000000000000000214050000000019834710005000000000416529
00600015000000000000000214060000000020661160005000000000433884
00600015000000000000000214070000000012314050005000000000258595
00600015000000000000000214080000000015785120005000000000331488
00600015000000000000000214090000000012223140005000000000256686
00600015000000000000000214100000000010909090005000000000229091
00600015000000000000000214110000000027966940005000000000587306
00600015000000000000000214120000000020661160005000000000433884
00600015000000000000000214130000000009752070005000000000204793
00600015000000000000000214140000000019834710005000000000416529
00600015000000000000000214150000000019834710005000000000416529
00600015000000000000000214160000000043252070005000000000908293
00600015000000000000000214170000000020661160005000000000433884
00600015000000000000000214180000000019834710005000000000416529
00600015000000000000000214190000000008925620005000000000187438
00600015000000000000000214200000000008925620005000000000187438
00600015000000000000000214210000000006942150005000000000145785
00600015000000000000000214220000000019834710005000000000416529
00600015000000000000000214230000000028842970005000000000605703
00600015000000000000000214240000000132033060005000000002772694
00600015000000000000000214250000000020454540005000000000429546
00600015000000000000000214260000000019834710005000000000416529
00600015000000000000000214270000000074314050005000000001560595
00600015000000000000000214280000000036363640005000000000763636
00600015000000000000000214290000000019834710005000000000416529
00600015000000000000000214300000000009892560005000000000207744
00600015000000000000000214310000000012123970005000000000254603
00600015000000000000000214320000000004628100005000000000097190
00600015000000000000000214330000000005487600005000000000115240
00600015000000000000000214340000000036363640005000000000763636
00600015000000000000000214350000000003305790005000000000069421
00600015000000000000000214360000000001983470005000000000041653
00600015000000000000000214370000000030942150005000000000649785
00600015000000000000000214380000000026553720005000000000557628
00600015000000000000000214390000000026553720005000000000557628
00600015000000000000000214400000000112925620005000000002371438
00600015000000000000000214410000000019834710005000000000416529
00600015000000000000000214420000000011661160005000000000244884
00600015000000000000000214430000000009090910005000000000190909
00600015000000000000000214440000000132562810005000000002783819
00600015000000000000000214450000000025884300005000000000543570
00600015000000000000000214460000000011553720005000000000242628
00600015000000000000000214470000000019834710005000000000416529
00600015000000000000000214480000000009917360005000000000208264
00600015000000000000000214490000000036371900005000000000763810
00600015000000000000000214500000000084495870005000000001774413
00600015000000000000000214510000000114995870005000000002414913
00600015000000000000000214520000000097644630005000000002050538
00600015000000000000000214530000000129669420005000000002723058
00600015000000000000000214540000000130735540005000000002745446
00600015000000000000000214550000000183471080005000000003852892
00600015000000000000000214560000000032396690005000000000680331
00600015000000000000000214570000000181752060005000000003816794
00600015000000000000000214580000000193590910005000000004065409
00600015000000000000000214590000000075900830005000000001593917
00600015000000000000000214600000000136227270005000000002860773
00600015000000000000000214610000000213561980005000000004484802
00600015000000000000000214620000000083979340005000000001763566
00600015000000000000000214630000000064991730005000000001364827
00600015000000000000000214640000000100628100005000000002113190
00600015000000000000000214650000000050115700005000000001052430
00600015000000000000000214660000000101487600005000000002131240
00600015000000000000000214670000000518305780005000000010884422
00600015000000000000000214680000000048471070005000000001017893
00600015000000000000000214690000000316561970005000000006647803
00600015000000000000000214700000000173305780005000000003639422
00600015000000000000000214710000000011157020005000000000234298
00600015000000000000000214720000000011157020005000000000234298
00600015000000000000000214730000000021719010005000000000456099
00600015000000000000000214740000000054710740005000000001148926
00600015000000000000000214750000000167752060005000000003522794
00600015000000000000000214760000000128132230005000000002690777
00600015000000000000000214770000000036363640005000000000763636
00600015000000000000000214780000000098067770005000000002059423
00600015000000000000000214790000000011157020005000000000234298
00600015000000000000000214800000000002314050005000000000048595
00600015000000000000000214810000000058512400005000000001228760
00600015000000000000000214820000000013305790005000000000279421
00600015000000000000000214830000000050644630005000000001063537
00600015000000000000000214840000000006876030005000000000144397
00600015000000000000000214850000000056363640005000000001183636
00600015000000000000000214860000000013801650005000000000289835
00600015000000000000000214870000000059615700005000000001251930
00600015000000000000000214880000000072727270005000000001527273
00600015000000000000000214890000000013636360005000000000286364
00600015000000000000000214900000000071487600005000000001501240
00600015000000000000000214910000000025512400005000000000535760
00600015000000000000000214920000000046735540005000000000981446
00600015000000000000000214930000000063033060005000000001323694
00600015000000000000000214940000000112090910005000000002353909
00600015000000000000000214950000000086673550005000000001820145
00600015000000000000000214960000000012975210005000000000272479
00600015000000000000000214970000000042768590005000000000898141
00600015000000000000000214980000000022231400005000000000466860
00600015000000000000000214990000000006033060005000000000126694
00600015000000000000000215000000000071735540005000000001506446
00600015000000000000000215010000000037933880005000000000796612
00600015000000000000000215020000000038636360005000000000811364
00600015000000000000000215030000000015991740005000000000335826
00600015000000000000000215040000000079661160005000000001672884
00600015000000000000000215050000000148219830005000000003112617
00600015000000000000000215060000000020008260005000000000420174
00600015000000000000000215070000000098628100005000000002071190
00600015000000000000000215080000000087731410005000000001842359
00600015000000000000000215090000000078698340005000000001652666
00600015000000000000000215100000000019834710005000000000416529
00600015000000000000000215110000000035289260005000000000741074
00600015000000000000000215120000000039917360005000000000838264
00600015000000000000000215130000000098785130005000000002074488
00600015000000000000000215140000000129669420005000000002723058
00600015000000000000000215150000000010909090005000000000229091
00600015000000000000000215160000000036206610005000000000760339
00600015000000000000000215170000000094157020005000000001977298
00600015000000000000000215180000000049421490005000000001037851
00600015000000000000000215190000000051322310005000000001077769
00600015000000000000000215200000000086776860005000000001822314
00600015000000000000000215210000000109090910005000000002290909
00600015000000000000000215220000000077520660005000000001627934
00600015000000000000000215230000000011107440005000000000233256
00600015000000000000000215240000000071388430005000000001499157
00600015000000000000000215250000000019834710005000000000416529
00600015000000000000000215260000000036363640005000000000763636
00600015000000000000000215270000000019834710005000000000416529
00600015000000000000000215280000000040247930005000000000845207
00600015000000000000000215290000000011157020005000000000234298
00600015000000000000000215300000000009090910005000000000190909
00600015000000000000000215310000000080413230005000000001688677
00600015000000000000000215320000000128691320005000000002702518
00600015000000000000000215330000000051157020005000000001074298
00600015000000000000000215340000000029305790005000000000615421
00600015000000000000000215350000000098066120005000000002059388
00600015000000000000000215360000000017685950005000000000371405
00600015000000000000000215370000000005132230005000000000107777
00600015000000000000000215380000000004826450005000000000101355
00600015000000000000000215390000000018297520005000000000384248
00600015000000000000000215400000000014115700005000000000296430
00600015000000000000000215410000000007603310005000000000159669
00600015000000000000000215420000000036363640005000000000763636
00600015000000000000000215430000000009917360005000000000208264
00600015000000000000000215440000000002396690005000000000050331
00600015000000000000000215450000000022971070005000000000482393
00600015000000000000000215460000000029975210005000000000629479
00600015000000000000000215470000000100876030005000000002118397
00600015000000000000000215480000000013305790005000000000279421
00600015000000000000000215490000000006950410005000000000145959
00600015000000000000000215500000000073140490005000000001535951
00600015000000000000000215510000000038016530005000000000798347
00600015000000000000000215520000000012148760005000000000255124
00600015000000000000000215530000000026611570005000000000558843
00600015000000000000000215540000000037603300005000000000789670
00600015000000000000000215550000000030743800005000000000645620
00600015000000000000000215560000000050206610005000000001054339
00600015000000000000000215570000000103140490005000000002165951
00600015000000000000000215580000000004793390005000000000100661
00600015000000000000000215590000000053479340005000000001123066
00600015000000000000000215600000000059173550005000000001242645
00600015000000000000000215610000000020528930005000000000431107
00600015000000000000000215620000000110856200005000000002327980
00600015000000000000000215630000000072214880005000000001516513
00600015000000000000000215640000000040082640005000000000841736
00600015000000000000000215650000000176516530005000000003706847
00600015000000000000000215660000000020082640005000000000421736
00600015000000000000000215670000000027107440005000000000569256
00600015000000000000000215680000000023933880005000000000502612
00600015000000000000000215690000000061404960005000000001289504
00600015000000000000000215700000000194586780005000000004086322
00600015000000000000000215710000000068491730005000000001438327
00600015000000000000000215720000000112644630005000000002365538
00600015000000000000000215730000000032561980005000000000683802
00600015000000000000000215740000000033884300005000000000711570
00600015000000000000000215750000000026330580005000000000552942
00600015000000000000000215760000000021847110005000000000458789
00600015000000000000000215770000000010991740005000000000230826
00600015000000000000000215780000000065123970005000000001367603
00600015000000000000000215790000000010991740005000000000230826
00800015000000000000000001340000000036363640005000000000763636
00800015000000000000000001350000000030909090005000000000649091
00800015000000000000000001360000000026553720005000000000557628
