00100010000000000000000137470000000151603310005000000003183669
00100010000000000000000137480000000125206610005000000002629339
00100010000000000000000137490000001656051880005000000034777088
00100010000000000000000137500000002371612500005000000049803850
00100010000000000000000137510000000122181820005000000002565818
00100010000000000000000137520000000310651250005000000006523675
00100010000000000000000137530000000978677690005000000020552231
00100010000000000000000137540000000687999940005000000014448000
00100010000000000000000137550000000925586750005000000019437325
00100010000000000000000137560000000114624800005000000002407121
00100010000000000000000137570000001281652880005000000026914713
00100010000000000000000137580000000160264470005000000003365553
00100010000000000000000137590000000257587380005000000005409334
00100010000000000000000137600000002649297500005000000055635250
00100010000000000000000137610000001840249630005000000038645238
00100010000000000000000137620000001690152130005000000035493188
00100010000000000000000137630000000194280980005000000004079902
00100010000000000000000137640000000229219830005000000004813617
00100010000000000000000137650000000752636250005000000015805363
00100010000000000000000137660000000597494500005000000012547388
00100010000000000000000137670000000470907030005000000009889047
00100010000000000000000137680000000366413030005000000007694672
00100010000000000000000137690000000679371810005000000014266806
00100010000000000000000137700000000527315750005000000011073631
00100010000000000000000137710000000141623800005000000002974100
00100010000000000000000137720000004061158250005000000085284325
00100010000000000000000137730000004505384500005000000094613050
00100010000000000000000137740000001267356250005000000026614475
00100010000000000000000137750000000993800750005000000020869813
00100010000000000000000137760000001951239630005000000040976038
00100010000000000000000137770000000022644630005000000000475537
00100010000000000000000137780000001058300000005000000022224300
00100010000000000000000137790000000378823130005000000007955288
00100010000000000000000137800000000491239660005000000010316034
00100010000000000000000137810000000112595040005000000002364496
00100010000000000000000137820000000342545530005000000007193456
00100010000000000000000137830000000314644840005000000006607541
00100010000000000000000137840000000301090780005000000006322906
00100010000000000000000137850000000224661050005000000004717883
00100010000000000000000137860000000507300000005000000010653300
00100010000000000000000137870000000828100000005000000017390100
00100010000000000000000137880000000485685940005000000010199406
00100010000000000000000137890000000406740250005000000008541544
00100010000000000000000137900000000868120560005000000018230531
00100010000000000000000137910000000682243000005000000014327100
00100010000000000000000137920000000059563640005000000001250836
00100010000000000000000137930000000559068000005000000011740425
00100010000000000000000137940000000354365910005000000007441684
00100010000000000000000137950000000241442380005000000005070291
00100010000000000000000137960000000126901190005000000002664925
00100010000000000000000137970000000577400810005000000012125419
00100010000000000000000137980000000058458680005000000001227632
00100010000000000000000137990000000152092560005000000003193944
00100010000000000000000138000000000576496630005000000012106431
00100010000000000000000138010000000131404950005000000002759505
00100010000000000000000138020000000976867250005000000020514213
00100010000000000000000138030000000774378500005000000016261950
00100010000000000000000138040000000481022630005000000010101475
00100010000000000000000138050000000839146380005000000017622075
00100010000000000000000138060000000100892560005000000002118744
00100010000000000000000138070000000722462380005000000015171713
00100010000000000000000138080000000416892560005000000008754744
00100010000000000000000138090000000200826720005000000004217361
00100010000000000000000138100000000046016650005000000000966350
00100010000000000000000138110000000881276880005000000018506813
00100010000000000000000138120000000009694210005000000000203579
00100010000000000000000138130000000029925620005000000000628438
00100010000000000000000138140000000149818190005000000003146181
00100010000000000000000138150000000608417380005000000012776763
00100010000000000000000138160000000337330720005000000007083944
00100010000000000000000138170000000073865700005000000001551180
00100010000000000000000138180000000517657030005000000010870797
00100010000000000000000138190000000373173560005000000007836644
00100010000000000000000138200000000738134060005000000015500813
00100010000000000000000138210000000861661440005000000018094894
00100010000000000000000138220000000385245880005000000008090163
00100010000000000000000138230000000554008500005000000011634181
00100010000000000000000138240000000492044840005000000010332941
00100010000000000000000138250000000498523130005000000010468988
00100010000000000000000138260000000563194750005000000011827088
00100010000000000000000138270000000681532940005000000014312194
00100010000000000000000138280000000063778510005000000001339349
00100010000000000000000138290000000036644630005000000000769537
00100010000000000000000138300000000044892560005000000000942744
00100010000000000000000138310000001419495880005000000029809413
00100010000000000000000138320000001487355380005000000031234463
00100010000000000000000138330000001376281000005000000028901900
00100010000000000000000138340000001945535750005000000040856250
00100010000000000000000138350000000516523660005000000010846997
00100010000000000000000138360000000129123970005000000002711603
00100010000000000000000138370000000506231410005000000010630859
00100010000000000000000138380000000457256030005000000009602378
00100010000000000000000138390000000265171660005000000005568606
00100010000000000000000138400000000113533950005000000002384213
00100010000000000000000138410000000619215190005000000013003519
00100010000000000000000138420000000612149000005000000012855131
00100010000000000000000138430000000109805780005000000002305922
00100010000000000000000138440000000230350080005000000004837352
00100010000000000000000138450000000423530590005000000008894144
00100010000000000000000138460000000088700730005000000001862716
00100010000000000000000138470000002102876250005000000044160400
00100010000000000000000138480000001328060380005000000027889263
00100010000000000000000138490000001078000000005000000022638000
00100010000000000000000138500000000027297520005000000000573248
00100010000000000000000138510000000506694220005000000010640578
00100010000000000000000138520000000199107440005000000004181256
00100010000000000000000138530000000071446280005000000001500372
00100010000000000000000138540000000349851880005000000007346891
00300010000000000000000009120000000194280980005000000004079902
00300010000000000000000009130000000828100000005000000017390100
00300010000000000000000009140000000563194750005000000011827088
00600010000000000000000674460000000566865630005000000011904175
00600010000000000000000674470000000558928310005000000011737494
00600010000000000000000674480000000483867810005000000010161225
00600010000000000000000674490000000604026380005000000012684556
00600010000000000000000674500000000167822310005000000003524269
00600010000000000000000674510000000041008270005000000000861173
00600010000000000000000674520000000039355370005000000000826463
00600010000000000000000674530000000025983470005000000000545653
00600010000000000000000674540000000041256200005000000000866380
00600010000000000000000674550000000158148770005000000003321123
00600010000000000000000674560000000284958410005000000005984128
00600010000000000000000674570000000002669420005000000000056058
00600010000000000000000674580000000007933880005000000000166612
00600010000000000000000674590000000028297520005000000000594248
00600010000000000000000674600000000131033050005000000002751695
00600010000000000000000674610000000015338840005000000000322116
00600010000000000000000674620000000018512400005000000000388760
00600010000000000000000674630000000041776860005000000000877314
00600010000000000000000674640000000013553720005000000000284628
00600010000000000000000674650000000258247940005000000005423206
00600010000000000000000674660000000023404960005000000000491504
00600010000000000000000674670000000214677690005000000004508231
00600010000000000000000674680000000216330580005000000004542942
00600010000000000000000674690000000079735540005000000001674446
00600010000000000000000674700000000141661160005000000002974884
00600010000000000000000674710000000036363640005000000000763636
00600010000000000000000674720000000109355380005000000002296463
00600010000000000000000674730000000045454550005000000000954545
00600010000000000000000674740000000043801650005000000000919835
00600010000000000000000674750000000068099170005000000001430083
00600010000000000000000674760000000060297520005000000001266248
00600010000000000000000674770000000027694210005000000000581579
00600010000000000000000674780000000063338840005000000001330116
00600010000000000000000674790000000043239670005000000000908033
00600010000000000000000674800000000043801650005000000000919835
00600010000000000000000674810000000026578510005000000000558149
00600010000000000000000674820000000494405220005000000010382509
00600010000000000000000674830000000227006200005000000004767130
00600010000000000000000674840000000070016530005000000001470347
00600010000000000000000674850000000040595040005000000000852496
00600010000000000000000674860000000124152890005000000002607211
00600010000000000000000674870000000021818180005000000000458182
00600010000000000000000674880000000043801650005000000000919835
00600010000000000000000674890000000043801650005000000000919835
00600010000000000000000674900000000080991730005000000001700827
00600010000000000000000674910000000029884300005000000000627570
00600010000000000000000674920000000041353660005000000000868427
00600010000000000000000674930000000013553720005000000000284628
00600010000000000000000674940000000039735540005000000000834446
00600010000000000000000674950000000018380170005000000000385983
00600010000000000000000674960000000005752070005000000000120793
00600010000000000000000674970000000070958680005000000001490132
00600010000000000000000674980000000017586780005000000000369322
00600010000000000000000674990000000137772730005000000002893227
00600010000000000000000675000000000026975210005000000000566479
00600010000000000000000675010000000024727270005000000000519273
00600010000000000000000675020000000247438410005000000005196206
00600010000000000000000675030000000030148760005000000000633124
00600010000000000000000675040000000285136810005000000005987872
00600010000000000000000675050000000084231410005000000001768859
00600010000000000000000675060000000013289260005000000000279074
00600010000000000000000675070000000056595040005000000001188496
00600010000000000000000675080000000096991730005000000002036827
00600010000000000000000675090000000038842980005000000000815702
00600010000000000000000675100000000032000000005000000000672000
00600010000000000000000675110000000040380160005000000000847984
00600010000000000000000675120000000126876030005000000002664397
00600010000000000000000675130000000031206610005000000000655339
00600010000000000000000675140000000035834710005000000000752529
00600010000000000000000675150000000132743800005000000002787620
00600010000000000000000675160000000139927390005000000002938475
00600010000000000000000675170000000087884300005000000001845570
00600010000000000000000675180000000014297520005000000000300248
00600010000000000000000675190000000041942150005000000000880785
00600010000000000000000675200000000286446280005000000006015372
00600010000000000000000675210000000033785130005000000000709488
00600010000000000000000675220000000011157020005000000000234298
00600010000000000000000675230000000073586770005000000001545323
00600010000000000000000675240000000047206610005000000000991339
00600010000000000000000675250000000190000000005000000003990000
00600010000000000000000675260000000045165290005000000000948471
00600010000000000000000675270000000055471070005000000001164893
00600010000000000000000675280000000050644630005000000001063537
00600010000000000000000675290000000028677690005000000000602231
00600010000000000000000675300000000068677690005000000001442231
00600010000000000000000675310000000015867770005000000000333223
00600010000000000000000675320000000060297520005000000001266248
00600010000000000000000675330000000055165290005000000001158471
00600010000000000000000675340000000038566120005000000000809888
00600010000000000000000675350000000200231410005000000004204859
00600010000000000000000675360000000043801650005000000000919835
00600010000000000000000675370000000040495870005000000000850413
00600010000000000000000675380000000019173550005000000000402645
00600010000000000000000675390000000056330580005000000001182942
00600010000000000000000675400000000019305790005000000000405421
00600010000000000000000675410000000020826450005000000000437355
00600010000000000000000675420000000340597090005000000007152541
00600010000000000000000675430000000252471360005000000005301898
00600010000000000000000675440000000194479590005000000004084072
00600010000000000000000675450000000048727270005000000001023273
00600010000000000000000675460000000017851240005000000000374876
00600010000000000000000675470000000172826720005000000003629361
00600010000000000000000675480000000057107440005000000001199256
00600010000000000000000675490000000110000000005000000002310000
00600010000000000000000675500000000107504130005000000002257587
00600010000000000000000675510000000128561980005000000002699802
00600010000000000000000675520000000020661160005000000000433884
00600010000000000000000675530000000065702480005000000001379752
00600010000000000000000675540000000054727270005000000001149273
00600010000000000000000675550000000056446280005000000001185372
00600010000000000000000675560000001298710750005000000027272925
00600010000000000000000675570000000102479340005000000002152066
00600010000000000000000675580000000068297520005000000001434248
00600010000000000000000675590000000163795050005000000003439695
00600010000000000000000675600000000013636360005000000000286364
00600010000000000000000675610000000156958670005000000003296133
00600010000000000000000675620000000027900830005000000000585917
00600010000000000000000675630000000113107440005000000002375256
00600010000000000000000675640000000019471070005000000000408893
00600010000000000000000675650000000040495870005000000000850413
00600010000000000000000675660000000113041320005000000002373868
00600010000000000000000675670000000125392560005000000002633244
00600010000000000000000675680000000045702480005000000000959752
00600010000000000000000675690000000026033060005000000000546694
00600010000000000000000675700000000048000000005000000001008000
00600010000000000000000675710000000039380160005000000000826984
00600010000000000000000675720000000043801650005000000000919835
00600010000000000000000675730000000092504130005000000001942587
00600010000000000000000675740000000160462810005000000003369719
00600010000000000000000675750000000033966940005000000000713306
00600010000000000000000675760000000061297520005000000001287248
00600010000000000000000675770000000080710740005000000001694926
00600010000000000000000675780000000094132230005000000001976777
00600010000000000000000675790000000012975210005000000000272479
00600010000000000000000675800000000050644630005000000001063537
00600010000000000000000675810000000020082640005000000000421736
00600010000000000000000675820000000184776860005000000003880314
00600010000000000000000675830000000176090910005000000003697909
00600010000000000000000675840000000218066110005000000004579389
00600010000000000000000675850000000165487530005000000003475239
00600010000000000000000675860000000026677690005000000000560231
00600010000000000000000675870000000098446280005000000002067372
00600010000000000000000675880000000174115700005000000003656430
00600010000000000000000675890000000041818180005000000000878182
00600010000000000000000675900000000192198340005000000004036166
00600010000000000000000675910000000008132230005000000000170777
00600010000000000000000675920000000068842980005000000001445702
00600010000000000000000675930000000011636430005000000000244365
00600010000000000000000675940000000047074380005000000000988562
00600010000000000000000675950000000096235760005000000002020951
00600010000000000000000675960000000418380160005000000008785984
00600010000000000000000675970000000052528930005000000001103107
00600010000000000000000675980000000092975200005000000001952480
00600010000000000000000675990000000150028920005000000003150608
00600010000000000000000676000000000085702480005000000001799752
00600010000000000000000676010000000215206610005000000004519339
00600010000000000000000676020000000027603310005000000000579669
00600010000000000000000676030000000036297520005000000000762248
00600010000000000000000676040000000009586780005000000000201322
00600010000000000000000676050000000072297520005000000001518248
00600010000000000000000676060000000045702480005000000000959752
00600010000000000000000676070000000017355370005000000000364463
00600010000000000000000676080000000045595040005000000000957496
00600010000000000000000676090000000020231400005000000000424860
00600010000000000000000676100000000016049590005000000000337041
00600010000000000000000676110000000056690080005000000001190492
00600010000000000000000676120000000054958680005000000001154132
00600010000000000000000676130000000031818180005000000000668182
00600010000000000000000676140000000019834710005000000000416529
00600010000000000000000676150000000037272730005000000000782727
00600010000000000000000676160000000056157020005000000001179298
00600010000000000000000676170000000106917350005000000002245265
00600010000000000000000676180000000165495880005000000003475413
00600010000000000000000676190000000012727270005000000000267273
00600010000000000000000676200000000041900830005000000000879917
00600010000000000000000676210000000131157030005000000002754297
00600010000000000000000676220000000091801660005000000001927834
00600010000000000000000676230000000019669420005000000000413058
00600010000000000000000676240000000149351230005000000003136377
00600010000000000000000676250000000021900830005000000000459917
00600010000000000000000676260000000042710740005000000000896926
00600010000000000000000676270000000148946280005000000003127872
00600010000000000000000676280000000029586780005000000000621322
00600010000000000000000676290000000006694210005000000000140579
00600010000000000000000676300000000008595040005000000000180496
00600010000000000000000676310000000059917360005000000001258264
00600010000000000000000676320000000153487610005000000003223239
00600010000000000000000676330000000064793390005000000001360661
00600010000000000000000676340000000119132230005000000002501777
00600010000000000000000676350000000127169480005000000002670559
00600010000000000000000676360000000037115700005000000000779430
00600010000000000000000676370000000037115700005000000000779430
00600010000000000000000676380000000009834710005000000000206529
00600010000000000000000676390000000008677690005000000000182231
00600010000000000000000676400000000039008270005000000000819173
00600010000000000000000676410000000183322310005000000003849769
00600010000000000000000676420000000020413220005000000000428678
00600010000000000000000676430000000101190090005000000002124991
00600010000000000000000676440000000078958680005000000001658132
00600010000000000000000676450000000010413220005000000000218678
00600010000000000000000676460000000047644630005000000001000537
00600010000000000000000676470000000123545450005000000002594455
00600010000000000000000676480000000117520660005000000002467934
00600010000000000000000676490000000060165300005000000001263471
00600010000000000000000676500000000071735540005000000001506446
00600010000000000000000676510000000025619830005000000000538017
00600010000000000000000676520000000022314050005000000000468595
00600010000000000000000676530000000073785130005000000001549488
00600010000000000000000676540000000096603300005000000002028670
00600010000000000000000676550000000081322310005000000001707769
00600010000000000000000676560000000037115700005000000000779430
00600010000000000000000676570000000018892560005000000000396744
00600010000000000000000676580000000231607440005000000004863756
00600010000000000000000676590000000086776860005000000001822314
00600010000000000000000676600000000034913220005000000000733178
00600010000000000000000676610000000012995870005000000000272913
00600010000000000000000676620000000057024790005000000001197521
00600010000000000000000676630000000221966940005000000004661306
00600010000000000000000676640000000075148760005000000001578124
00600010000000000000000676650000000050495870005000000001060413
00600010000000000000000676660000000047867770005000000001005223
00600010000000000000000676670000000009520660005000000000199934
00600010000000000000000676680000000015917360005000000000334264
00600010000000000000000676690000000470016530005000000009870347
00600010000000000000000676700000000137355380005000000002884463
00600010000000000000000676710000000201322310005000000004227769
00600010000000000000000676720000000031487600005000000000661240
00600010000000000000000676730000000030247930005000000000635207
00600010000000000000000676740000000126743800005000000002661620
00600010000000000000000676750000000011239670005000000000236033
00600010000000000000000676760000000038413220005000000000806678
00600010000000000000000676770000000013305790005000000000279421
00600010000000000000000676780000000033619840005000000000706016
00600010000000000000000676790000000058785130005000000001234488
00600010000000000000000676800000000015388430005000000000323157
00600010000000000000000676810000000285528090005000000005996091
00600010000000000000000676820000000070884300005000000001488570
00600010000000000000000676830000000021900830005000000000459917
00600010000000000000000676840000000113942150005000000002392785
00600010000000000000000676850000000021900830005000000000459917
00600010000000000000000676860000000008330580005000000000174942
00600010000000000000000676870000000255735530005000000005370447
00600010000000000000000676880000000028628100005000000000601190
00600010000000000000000676890000000089045450005000000001869955
00600010000000000000000676900000000045239670005000000000950033
00600010000000000000000676910000000089045450005000000001869955
00600010000000000000000676920000000082115700005000000001724430
00600010000000000000000676930000000044181820005000000000927818
00600010000000000000000676940000000028413220005000000000596678
00600010000000000000000676950000000135309920005000000002841508
00600010000000000000000676960000000062293390005000000001308161
00600010000000000000000676970000000104578520005000000002196148
00600010000000000000000676980000000155157030005000000003258297
00600010000000000000000676990000000075504130005000000001585587
00600010000000000000000677000000000044818180005000000000941182
00600010000000000000000677010000000154297360005000000003240244
00600010000000000000000677020000000066776860005000000001402314
00600010000000000000000677030000000012809920005000000000269008
00600010000000000000000677040000000023140500005000000000485950
00600010000000000000000677050000000110553720005000000002321628
00600010000000000000000677060000000123293390005000000002589161
00600010000000000000000677070000000093706610005000000001967839
00600010000000000000000677080000000398429590005000000008367022
00600010000000000000000677090000000138557840005000000002909716
00600010000000000000000677100000000031900740005000000000669916
00600010000000000000000677110000000028760330005000000000603967
00600010000000000000000677120000000183801660005000000003859834
00600010000000000000000677130000000050206610005000000001054339
00600010000000000000000677140000000179504130005000000003769588
00600010000000000000000677150000000210855380005000000004427963
00600010000000000000000677160000000051504130005000000001081587
00600010000000000000000677170000000057123970005000000001199603
00600010000000000000000677180000000097801660005000000002053834
00600010000000000000000677190000000047454550005000000000996545
00600010000000000000000677200000000011157020005000000000234298
00600010000000000000000677210000000177938000005000000003736698
00600010000000000000000677220000000023884300005000000000501570
00600010000000000000000677230000000055890080005000000001173692
00600010000000000000000677240000000108016530005000000002268347
00600010000000000000000677250000000181309090005000000003807491
00800010000000000000000019450000000020826450005000000000437355
00800010000000000000000019460000000042644630005000000000895537
00800010000000000000000019470000000102479340005000000002152066
00800010000000000000000019480000000039355370005000000000826463
00800010000000000000000019490000000089045450005000000001869955
00100011000000000000000021890000000438595030005000000009210497
00100011000000000000000021900000000150479340005000000003160066
00100011000000000000000021910000000150479340005000000003160066
00100011000000000000000021920000000011570250005000000000242975
00100011000000000000000021930000000306694220005000000006440578
00100011000000000000000021940000000259834700005000000005456530
00100011000000000000000021950000000060743800005000000001275620
00300011000000000000000001120000000150479340005000000003160066
00600011000000000000000465070000000013636360005000000000286364
00600011000000000000000465080000000024991740005000000000524826
00600011000000000000000465090000000039669420005000000000833058
00600011000000000000000465100000000139504130005000000002929588
00600011000000000000000465110000000088842980005000000001865702
00600011000000000000000465120000000061330580005000000001287942
00600011000000000000000465130000000040495870005000000000850413
00600011000000000000000465140000000013636360005000000000286364
00600011000000000000000465150000000021859500005000000000459050
00600011000000000000000465160000000008595040005000000000180496
00600011000000000000000465170000000018677690005000000000392231
00600011000000000000000465180000000049166530005000000001032497
00600011000000000000000465190000000013636360005000000000286364
00600011000000000000000465200000000024421490005000000000512851
00600011000000000000000465210000000021735540005000000000456446
00600011000000000000000465220000000030495870005000000000640413
00600011000000000000000465230000000031140500005000000000653950
00600011000000000000000465240000000005785120005000000000121488
00600011000000000000000465250000000000578520005000000000012149
00600011000000000000000465260000000020231400005000000000424860
00600011000000000000000465270000000073454550005000000001542545
00600011000000000000000465280000000105719010005000000002220099
00600011000000000000000465290000000401322310005000000008427769
00600011000000000000000465300000000050975210005000000001070479
00600011000000000000000465310000000000561980005000000000011802
00600011000000000000000465320000000111404960005000000002339504
00600011000000000000000465330000000056066120005000000001177388
00600011000000000000000465340000000022809920005000000000479008
00600011000000000000000465350000000024661160005000000000517884
00600011000000000000000465360000000122710740005000000002576926
00600011000000000000000465370000000013636360005000000000286364
00600011000000000000000465380000000034247930005000000000719207
00600011000000000000000465390000000050454550005000000001059545
00600011000000000000000465400000000013636360005000000000286364
00600011000000000000000465410000000041322310005000000000867769
00600011000000000000000465420000000249282640005000000005234936
00600011000000000000000465430000000049586780005000000001041322
00600011000000000000000465440000000013636360005000000000286364
00600011000000000000000465450000000185231410005000000003889859
00600011000000000000000465460000000036363640005000000000763636
00600011000000000000000465470000000048264460005000000001013554
00600011000000000000000465480000000074644630005000000001567538
00600011000000000000000465490000000016115700005000000000338430
00600011000000000000000465500000000102214880005000000002146513
00600011000000000000000465510000000035636360005000000000748364
00600011000000000000000465520000000016776860005000000000352314
00600011000000000000000465530000000001983470005000000000041653
00600011000000000000000465540000000048859500005000000001026050
00600011000000000000000465550000000011157020005000000000234298
00600011000000000000000465560000000049586780005000000001041322
00600011000000000000000465570000000049586780005000000001041322
00600011000000000000000465580000000049586780005000000001041322
00600011000000000000000465590000000042512400005000000000892760
00600011000000000000000465600000000010909090005000000000229091
00600011000000000000000465610000000024809920005000000000521008
00600011000000000000000465620000000060231410005000000001264859
00600011000000000000000465630000000013636360005000000000286364
00600011000000000000000465640000000013636360005000000000286364
00600011000000000000000465650000000032033060005000000000672694
00600011000000000000000465660000000177371910005000000003724809
00600011000000000000000465670000000056942150005000000001195785
00600011000000000000000465680000000018512400005000000000388760
00600011000000000000000465690000000013636360005000000000286364
00600011000000000000000465700000000013636360005000000000286364
00600011000000000000000465710000000093008270005000000001953173
00600011000000000000000465720000000013636360005000000000286364
00600011000000000000000465730000000048595040005000000001020496
00600011000000000000000465740000000133752060005000000002808794
00600011000000000000000465750000000013636360005000000000286364
00600011000000000000000465760000000040495870005000000000850413
00600011000000000000000465770000000053057850005000000001114215
00600011000000000000000465780000000009586780005000000000201322
00600011000000000000000465790000000040495870005000000000850413
00600011000000000000000465800000000214727270005000000004509273
00600011000000000000000465810000000013636360005000000000286364
00600011000000000000000465820000000071768590005000000001507141
00600011000000000000000465830000000009624790005000000000202121
00600011000000000000000465840000000086776860005000000001822314
00600011000000000000000465850000000013636360005000000000286364
00600011000000000000000465860000000013636360005000000000286364
00600011000000000000000465870000000024347110005000000000511289
00600011000000000000000465880000000018446280005000000000387372
00600011000000000000000465890000000045818180005000000000962182
00600011000000000000000465900000000028165290005000000000591471
00600011000000000000000465910000000018380170005000000000385983
00600011000000000000000465920000000008595040005000000000180496
00600011000000000000000465930000000016859500005000000000354050
00600011000000000000000465940000000075371900005000000001582810
00600011000000000000000465950000000013636360005000000000286364
00600011000000000000000465960000000046363640005000000000973636
00600011000000000000000465970000000013636360005000000000286364
00600011000000000000000465980000000013636360005000000000286364
00600011000000000000000465990000000022314050005000000000468595
00600011000000000000000466000000000049586780005000000001041322
00600011000000000000000466010000000056041320005000000001176868
00600011000000000000000466020000000329256190005000000006914381
00600011000000000000000466030000000033471070005000000000702893
00600011000000000000000466040000000009504130005000000000199587
00600011000000000000000466050000000076165290005000000001599471
00600011000000000000000466060000000013636360005000000000286364
00600011000000000000000466070000000033057850005000000000694215
00600011000000000000000466080000000069421480005000000001457852
00600011000000000000000466090000000054132230005000000001136777
00600011000000000000000466100000000051859500005000000001089050
00600011000000000000000466110000000090247940005000000001895206
00600011000000000000000466120000000054347110005000000001141289
00600011000000000000000466130000000022314050005000000000468595
00600011000000000000000466140000000013636360005000000000286364
00600011000000000000000466150000000058512400005000000001228760
00600011000000000000000466160000000169388440005000000003557156
00600011000000000000000466170000000045454550005000000000954545
00600011000000000000000466180000000013636360005000000000286364
00600011000000000000000466190000000069157020005000000001452298
00600011000000000000000466200000000069049590005000000001450041
00600011000000000000000466210000000016817360005000000000353164
00600011000000000000000466220000000045454550005000000000954545
00600011000000000000000466230000000013636360005000000000286364
00600011000000000000000466240000000038395040005000000000806296
00600011000000000000000466250000000006694210005000000000140579
00600011000000000000000466260000000051983470005000000001091653
00600011000000000000000466270000000013636360005000000000286364
00600011000000000000000466280000000013636360005000000000286364
00600011000000000000000466290000000017851240005000000000374876
00600011000000000000000466300000000059900830005000000001257917
00600011000000000000000466310000000013636360005000000000286364
00600011000000000000000466320000000058239670005000000001223033
00600011000000000000000466330000000013636360005000000000286364
00600011000000000000000466340000000049586780005000000001041322
00600011000000000000000466350000000001239670005000000000026033
00600011000000000000000466360000000033190080005000000000696992
00600011000000000000000466370000000013636360005000000000286364
00600011000000000000000466380000000013636360005000000000286364
00600011000000000000000466390000000039669420005000000000833058
00600011000000000000000466400000000065041320005000000001365868
00600011000000000000000466410000000005619830005000000000118017
00600011000000000000000466420000000243735530005000000005118447
00600011000000000000000466430000000307190090005000000006450991
00600011000000000000000466440000000565785130005000000011881488
00600011000000000000000466450000000568008250005000000011928175
00600011000000000000000466460000000023140500005000000000485950
00600011000000000000000466470000000094049590005000000001975041
00600011000000000000000466480000000014272730005000000000299727
00600011000000000000000466490000000048842980005000000001025702
00600011000000000000000466500000000145041330005000000003045867
00600011000000000000000466510000000040909090005000000000859091
00600011000000000000000466520000000145652890005000000003058711
00600011000000000000000466530000000020413220005000000000428678
00600011000000000000000466540000000096446280005000000002025372
00600011000000000000000466550000000036684300005000000000770370
00600011000000000000000466560000000035867770005000000000753223
00600011000000000000000466570000000060082640005000000001261736
00600011000000000000000466580000000078917350005000000001657265
00600011000000000000000466590000000009297520005000000000195248
00600011000000000000000466600000000040495870005000000000850413
00600011000000000000000466610000000081628100005000000001714190
00600011000000000000000466620000000039846280005000000000836772
00600011000000000000000466630000000072537190005000000001523281
00600011000000000000000466640000000015173550005000000000318645
00600011000000000000000466650000000020231400005000000000424860
00600011000000000000000466660000000068876030005000000001446397
00600011000000000000000466670000000005727270005000000000120273
00600011000000000000000466680000000125702480005000000002639752
00600011000000000000000466690000000027371900005000000000574810
00600011000000000000000466700000000070661160005000000001483884
00600011000000000000000466710000000042512400005000000000892760
00600011000000000000000466720000000038074380005000000000799562
00600011000000000000000466730000000035574380005000000000747062
00600011000000000000000466740000000046644630005000000000979537
00600011000000000000000466750000000034586780005000000000726322
00600011000000000000000466760000000038395040005000000000806296
00600011000000000000000466770000000017933880005000000000376612
00600011000000000000000466780000000033735540005000000000708446
00600011000000000000000466790000000044958680005000000000944132
00600011000000000000000466800000000013636360005000000000286364
00600011000000000000000466810000000038395040005000000000806296
00600011000000000000000466820000000013464460005000000000282754
00600011000000000000000466830000000038395040005000000000806296
00600011000000000000000466840000000033256200005000000000698380
00600011000000000000000466850000000070644630005000000001483538
00600011000000000000000466860000000149801660005000000003145834
00600011000000000000000466870000000013636360005000000000286364
00600011000000000000000466880000000049586780005000000001041322
00600011000000000000000466890000000026528930005000000000557107
00600011000000000000000466900000000016776860005000000000352314
00600011000000000000000466910000000020247930005000000000425207
00600011000000000000000466920000000038390580005000000000806202
00600011000000000000000466930000000013636360005000000000286364
00600011000000000000000466940000000068181820005000000001431818
00600011000000000000000466950000000020247930005000000000425207
00600011000000000000000466960000000031119830005000000000653517
00600011000000000000000466970000000020247930005000000000425207
00600011000000000000000466980000000020247930005000000000425207
00600011000000000000000466990000000020247930005000000000425207
00600011000000000000000467000000000018842970005000000000395703
00600011000000000000000467010000000060743800005000000001275620
00600011000000000000000467020000000090971080005000000001910392
00600011000000000000000467030000000033157020005000000000696298
00600011000000000000000467040000000013537190005000000000284281
00600011000000000000000467050000000010041320005000000000210868
00600011000000000000000467060000000020247930005000000000425207
00600011000000000000000467070000000062396700005000000001310330
00600011000000000000000467080000000013636360005000000000286364
00600011000000000000000467090000000011528930005000000000242107
00600011000000000000000467100000000078677690005000000001652231
00600011000000000000000467110000000030247930005000000000635207
00600011000000000000000467120000000027958680005000000000587132
00600011000000000000000467130000000071793390005000000001507661
00600011000000000000000467140000000046293390005000000000972161
00600011000000000000000467150000000043904960005000000000922004
00600011000000000000000467160000000055404960005000000001163504
00600011000000000000000467170000000075528920005000000001586108
00600011000000000000000467180000000029752070005000000000624793
00600011000000000000000467190000000035404960005000000000743504
00600011000000000000000467200000000032975210005000000000692479
00600011000000000000000467210000000069173550005000000001452645
00600011000000000000000467220000000045454550005000000000954545
00600011000000000000000467230000000035278510005000000000740849
00600011000000000000000467240000000013636360005000000000286364
00600011000000000000000467250000000013636360005000000000286364
00600011000000000000000467260000000067933880005000000001426612
00600011000000000000000467270000000010636360005000000000223364
00600011000000000000000467280000000047842980005000000001004702
00600011000000000000000467290000000078471080005000000001647892
00600011000000000000000467300000000016322310005000000000342769
00600011000000000000000467310000000016322310005000000000342769
00600011000000000000000467320000000078471080005000000001647892
00600011000000000000000467330000000053487600005000000001123240
00600011000000000000000467340000000052429750005000000001101025
00600011000000000000000467350000000076595040005000000001608496
00600011000000000000000467360000000122446280005000000002571372
00600011000000000000000467370000000013559500005000000000284750
00600011000000000000000467380000000108760330005000000002283967
00600011000000000000000467390000000013636360005000000000286364
00600011000000000000000467400000000015289260005000000000321074
00600011000000000000000467410000000022892560005000000000480744
00600011000000000000000467420000000023553720005000000000494628
00600011000000000000000467430000000045454550005000000000954545
00600011000000000000000467440000000022314050005000000000468595
00600011000000000000000467450000000045454550005000000000954545
00600011000000000000000467460000000019933880005000000000418612
00600011000000000000000467470000000013636360005000000000286364
00600011000000000000000467480000000113743800005000000002388620
00600011000000000000000467490000000036280990005000000000761901
00600011000000000000000467500000000126446420005000000002655375
00600011000000000000000467510000000013636360005000000000286364
00600011000000000000000467520000000038395040005000000000806296
00600011000000000000000467530000000045454550005000000000954545
00600011000000000000000467540000000013636360005000000000286364
00600011000000000000000467550000000013636360005000000000286364
00600011000000000000000467560000000038945450005000000000817855
00600011000000000000000467570000000021741320005000000000456568
00600011000000000000000467580000000163636360005000000003436364
00600011000000000000000467590000000034628100005000000000727190
00600011000000000000000467600000000221685950005000000004655405
00600011000000000000000467610000000234462810005000000004923719
00600011000000000000000467620000000061148760005000000001284124
00600011000000000000000467630000000079173550005000000001662645
00600011000000000000000467640000000060330580005000000001266942
00600011000000000000000467650000000031909090005000000000670091
00600011000000000000000467660000000013636360005000000000286364
00600011000000000000000467670000000058462810005000000001227719
00600011000000000000000467680000000011371900005000000000238810
00600011000000000000000467690000000163223140005000000003427686
00600011000000000000000467700000000049180160005000000001032784
00600011000000000000000467710000000030330580005000000000636942
00600011000000000000000467720000000178222310005000000003742669
00600011000000000000000467730000000074570250005000000001565975
00600011000000000000000467740000000013636360005000000000286364
00600011000000000000000467750000000013289260005000000000279074
00600011000000000000000467760000000066942150005000000001405785
00600011000000000000000467770000000228214880005000000004792513
00600011000000000000000467780000000013636360005000000000286364
00600011000000000000000467790000000089504130005000000001879587
00600011000000000000000467800000000023140500005000000000485950
00600011000000000000000467810000000090652890005000000001903711
00600011000000000000000467820000000256824800005000000005393320
00600011000000000000000467830000000080272730005000000001685727
00600011000000000000000467840000000012809920005000000000269008
00600011000000000000000467850000000013636360005000000000286364
00600011000000000000000467860000000057520660005000000001207934
00600011000000000000000467870000000084628100005000000001777190
00600011000000000000000467880000000011570250005000000000242975
00600011000000000000000467890000000013636360005000000000286364
00600011000000000000000467900000000038413220005000000000806678
00600011000000000000000467910000000049586780005000000001041322
00600011000000000000000467920000000010115700005000000000212430
00600011000000000000000467930000000027074380005000000000568562
00600011000000000000000467940000000045454550005000000000954545
00600011000000000000000467950000000013636360005000000000286364
00600011000000000000000467960000000072743800005000000001527620
00600011000000000000000467970000000123140490005000000002585951
00600011000000000000000467980000000013636360005000000000286364
00600011000000000000000467990000000128099170005000000002690083
00600011000000000000000468000000000015123970005000000000317603
00600011000000000000000468010000000032876030005000000000690397
00600011000000000000000468020000000018842970005000000000395703
00600011000000000000000468030000000007603310005000000000159669
00600011000000000000000468040000000093487600005000000001963240
00600011000000000000000468050000000106280990005000000002231901
00600011000000000000000468060000000027297520005000000000573248
00600011000000000000000468070000000061652890005000000001294711
00600011000000000000000468080000000045454550005000000000954545
00600011000000000000000468090000000010495870005000000000220413
00600011000000000000000468100000000009214880005000000000193512
00600011000000000000000468110000000031400830005000000000659417
00600011000000000000000468120000000028590910005000000000600409
00600011000000000000000468130000000098553720005000000002069628
00800011000000000000000012700000000017454540005000000000366546
00800011000000000000000012710000000035867770005000000000753223
00800011000000000000000012720000000016322310005000000000342769
00800011000000000000000012730000000078471080005000000001647892
00800011000000000000000012740000000013264460005000000000278554
00100012000000000000000019650000000040495870005000000000850413
00100012000000000000000019660000000008595040005000000000180496
00100012000000000000000019670000000206760330005000000004341967
00100012000000000000000019680000000023537190005000000000494281
00100012000000000000000019690000000107834650005000000002264527
00100012000000000000000019700000000002396690005000000000050331
00100012000000000000000019710000000022314050005000000000468595
00100012000000000000000019720000000082396700005000000001730330
00100012000000000000000019730000000093884300005000000001971570
00100012000000000000000019740000000108760330005000000002283967
00600012000000000000000382570000000053743800005000000001128620
00600012000000000000000382580000000014545450005000000000305455
00600012000000000000000382590000000040495870005000000000850413
00600012000000000000000382600000000013636360005000000000286364
00600012000000000000000382610000000054512400005000000001144760
00600012000000000000000382620000000112892560005000000002370744
00600012000000000000000382630000000215603310005000000004527669
00600012000000000000000382640000000155834700005000000003272530
00600012000000000000000382650000000040495870005000000000850413
00600012000000000000000382660000000040495870005000000000850413
00600012000000000000000382670000000040495870005000000000850413
00600012000000000000000382680000000053090910005000000001114909
00600012000000000000000382690000000008595040005000000000180496
00600012000000000000000382700000000016033060005000000000336694
00600012000000000000000382710000000095603300005000000002007670
00600012000000000000000382720000000000115700005000000000002430
00600012000000000000000382730000000066842980005000000001403702
00600012000000000000000382740000000070991730005000000001490827
00600012000000000000000382750000000092561980005000000001943802
00600012000000000000000382760000000028202480005000000000592252
00600012000000000000000382770000000044099170005000000000926083
00600012000000000000000382780000000013636360005000000000286364
00600012000000000000000382790000000022727270005000000000477273
00600012000000000000000382800000000022090910005000000000463909
00600012000000000000000382810000000066752060005000000001401794
00600012000000000000000382820000000028181820005000000000591818
00600012000000000000000382830000000072727270005000000001527273
00600012000000000000000382840000000032528930005000000000683107
00600012000000000000000382850000000027504130005000000000577587
00600012000000000000000382860000000039256200005000000000824380
00600012000000000000000382870000000023074380005000000000484562
00600012000000000000000382880000000011157020005000000000234298
00600012000000000000000382890000000112685950005000000002366405
00600012000000000000000382900000000055537190005000000001166281
00600012000000000000000382910000000024462810005000000000513719
00600012000000000000000382920000000044876030005000000000942397
00600012000000000000000382930000000052995870005000000001112913
00600012000000000000000382940000000059834710005000000001256529
00600012000000000000000382950000000013636360005000000000286364
00600012000000000000000382960000000013636360005000000000286364
00600012000000000000000382970000000013636360005000000000286364
00600012000000000000000382980000000050611570005000000001062843
00600012000000000000000382990000000014876030005000000000312397
00600012000000000000000383000000000009123970005000000000191603
00600012000000000000000383010000000040495870005000000000850413
00600012000000000000000383020000000016925620005000000000355438
00600012000000000000000383030000000017851240005000000000374876
00600012000000000000000383040000000090115700005000000001892430
00600012000000000000000383050000000015338840005000000000322116
00600012000000000000000383060000000019305790005000000000405421
00600012000000000000000383070000000013636360005000000000286364
00600012000000000000000383080000000013636360005000000000286364
00600012000000000000000383090000000008925620005000000000187438
00600012000000000000000383100000000030578510005000000000642149
00600012000000000000000383110000000109900840005000000002307918
00600012000000000000000383120000000013636360005000000000286364
00600012000000000000000383130000000027438020005000000000576198
00600012000000000000000383140000000035768590005000000000751141
00600012000000000000000383150000000016115700005000000000338430
00600012000000000000000383160000000044892560005000000000942744
00600012000000000000000383170000000122454550005000000002571545
00600012000000000000000383180000000028297520005000000000594248
00600012000000000000000383190000000099041320005000000002079868
00600012000000000000000383200000000039404960005000000000827504
00600012000000000000000383210000000095107440005000000001997256
00600012000000000000000383220000000020826450005000000000437355
00600012000000000000000383230000000043041320005000000000903868
00600012000000000000000383240000000140099170005000000002942083
00600012000000000000000383250000000024396690005000000000512331
00600012000000000000000383260000000103735540005000000002178446
00600012000000000000000383270000000060557850005000000001271715
00600012000000000000000383280000000013636360005000000000286364
00600012000000000000000383290000000158595050005000000003330495
00600012000000000000000383300000000011157020005000000000234298
00600012000000000000000383310000000025309920005000000000531508
00600012000000000000000383320000000022054130005000000000463137
00600012000000000000000383330000000011801650005000000000247835
00600012000000000000000383340000000030214880005000000000634512
00600012000000000000000383350000000067520660005000000001417934
00600012000000000000000383360000000027198350005000000000571165
00600012000000000000000383370000000028099170005000000000590083
00600012000000000000000383380000000159256200005000000003344380
00600012000000000000000383390000000071388430005000000001499157
00600012000000000000000383400000000139256200005000000002924380
00600012000000000000000383410000000080991730005000000001700827
00600012000000000000000383420000000090000000005000000001890000
00600012000000000000000383430000000008471070005000000000177893
00600012000000000000000383440000000094942150005000000001993785
00600012000000000000000383450000000027888430005000000000585657
00600012000000000000000383460000000021781820005000000000457418
00600012000000000000000383470000000256809920005000000005393008
00600012000000000000000383480000000037863640005000000000795136
00600012000000000000000383490000000040495870005000000000850413
00600012000000000000000383500000000009900830005000000000207917
00600012000000000000000383510000000126446280005000000002655372
00600012000000000000000383520000000028016560005000000000588348
00600012000000000000000383530000000202380170005000000004249983
00600012000000000000000383540000000034694210005000000000728579
00600012000000000000000383550000000079504130005000000001669587
00600012000000000000000383560000000022809920005000000000479008
00600012000000000000000383570000000040495870005000000000850413
00600012000000000000000383580000000014834710005000000000311529
00600012000000000000000383590000000009504130005000000000199587
00600012000000000000000383600000000047438020005000000000996198
00600012000000000000000383610000000024595040005000000000516496
00600012000000000000000383620000000035768590005000000000751141
00600012000000000000000383630000000045371900005000000000952810
00600012000000000000000383640000000077933880005000000001636612
00600012000000000000000383650000000101885950005000000002139605
00600012000000000000000383660000000110256200005000000002315380
00600012000000000000000383670000000037867750005000000000795223
00600012000000000000000383680000000001760330005000000000036967
00600012000000000000000383690000000026446280005000000000555372
00600012000000000000000383700000000009297520005000000000195248
00600012000000000000000383710000000071272730005000000001496727
00600012000000000000000383720000000026446120005000000000555368
00600012000000000000000383730000000030719010005000000000645099
00600012000000000000000383740000000059570250005000000001250975
00600012000000000000000383750000000013636360005000000000286364
00600012000000000000000383760000000121487600005000000002551240
00600012000000000000000383770000000013636360005000000000286364
00600012000000000000000383780000000079008270005000000001659173
00600012000000000000000383790000000080991730005000000001700827
00600012000000000000000383800000000045454550005000000000954545
00600012000000000000000383810000000022314050005000000000468595
00600012000000000000000383820000000014400830005000000000302417
00600012000000000000000383830000000029528930005000000000620107
00600012000000000000000383840000000002396690005000000000050331
00600012000000000000000383850000000022314050005000000000468595
00600012000000000000000383860000000022314050005000000000468595
00600012000000000000000383870000000022314050005000000000468595
00600012000000000000000383880000000022479340005000000000472066
00600012000000000000000383890000000011157020005000000000234298
00600012000000000000000383900000000011157020005000000000234298
00600012000000000000000383910000000011157020005000000000234298
00600012000000000000000383920000000002396690005000000000050331
00600012000000000000000383930000000013305790005000000000279421
00600012000000000000000383940000000027148760005000000000570124
00600012000000000000000383950000000020900830005000000000438917
00600012000000000000000383960000000061157020005000000001284298
00600012000000000000000383970000000017520660005000000000367934
00600012000000000000000383980000000022446280005000000000471372
00600012000000000000000383990000000090090910005000000001891909
00600012000000000000000384000000000071487600005000000001501240
00600012000000000000000384010000000047107440005000000000989256
00600012000000000000000384020000000013636360005000000000286364
00600012000000000000000384030000000013636360005000000000286364
00600012000000000000000384040000000036578510005000000000768149
00600012000000000000000384050000000205421480005000000004313852
00600012000000000000000384060000000030685950005000000000644405
00600012000000000000000384070000000032917360005000000000691264
00600012000000000000000384080000000073884300005000000001551570
00600012000000000000000384090000000111388430005000000002339157
00600012000000000000000384100000000045454550005000000000954545
00600012000000000000000384110000000079214880005000000001663513
00600012000000000000000384120000000049479340005000000001039066
00600012000000000000000384130000000092727270005000000001947273
00600012000000000000000384140000000074697520005000000001568648
00600012000000000000000384150000000013636360005000000000286364
00600012000000000000000384160000000138718830005000000002913095
00600012000000000000000384170000000043223140005000000000907686
00600012000000000000000384180000000134223140005000000002818686
00600012000000000000000384190000000031487600005000000000661240
00600012000000000000000384200000000114049590005000000002395041
00600012000000000000000384210000000046115700005000000000968430
00600012000000000000000384220000000041900830005000000000879917
00600012000000000000000384230000000045454550005000000000954545
00600012000000000000000384240000000045454550005000000000954545
00600012000000000000000384250000000045454550005000000000954545
00600012000000000000000384260000000045454550005000000000954545
00600012000000000000000384270000000027297520005000000000573248
00600012000000000000000384280000000027297520005000000000573248
00600012000000000000000384290000000139000000005000000002919000
00600012000000000000000384300000000045454550005000000000954545
00600012000000000000000384310000000045454550005000000000954545
00600012000000000000000384320000000038842980005000000000815702
00600012000000000000000384330000000126512400005000000002656760
00600012000000000000000384340000000061157020005000000001284298
00600012000000000000000384350000000016363640005000000000343636
00600012000000000000000384360000000012809920005000000000269008
00600012000000000000000384370000000060694210005000000001274579
00600012000000000000000384380000000002900830005000000000060917
00600012000000000000000384390000000022727270005000000000477273
00600012000000000000000384400000000027900830005000000000585917
00600012000000000000000384410000000045454550005000000000954545
00600012000000000000000384420000000013636360005000000000286364
00600012000000000000000384430000000010710740005000000000224926
00600012000000000000000384440000000002900830005000000000060917
00600012000000000000000384450000000023471070005000000000492893
00600012000000000000000384460000000027297520005000000000573248
00600012000000000000000384470000000085123970005000000001787603
00600012000000000000000384480000000080991730005000000001700827
00600012000000000000000384490000000149173550005000000003132645
00600012000000000000000384500000000009801650005000000000205835
00600012000000000000000384510000000015991740005000000000335826
00600012000000000000000384520000000003851240005000000000080876
00600012000000000000000384530000000018512400005000000000388760
00600012000000000000000384540000000036198350005000000000760165
00600012000000000000000384550000000048119840005000000001010516
00600012000000000000000384560000000102049590005000000002143041
00600012000000000000000384570000000040495870005000000000850413
00600012000000000000000384580000000001239670005000000000026033
00600012000000000000000384590000000013636360005000000000286364
00600012000000000000000384600000000026611570005000000000558843
00600012000000000000000384610000000045454550005000000000954545
00600012000000000000000384620000000051768590005000000001087141
00600012000000000000000384630000000030330580005000000000636942
00600012000000000000000384640000000045454550005000000000954545
00600012000000000000000384650000000013636360005000000000286364
00600012000000000000000384660000000045454550005000000000954545
00600012000000000000000384670000000013636360005000000000286364
00600012000000000000000384680000000059090910005000000001240909
00600012000000000000000384690000000059090910005000000001240909
00600012000000000000000384700000000083305780005000000001749422
00600012000000000000000384710000000045454550005000000000954545
00600012000000000000000384720000000019731400005000000000414360
00600012000000000000000384730000000023140500005000000000485950
00600012000000000000000384740000000059669420005000000001253058
00600012000000000000000384750000000130570250005000000002741975
00600012000000000000000384760000000045454550005000000000954545
00600012000000000000000384770000000057735540005000000001212446
00600012000000000000000384780000000017991740005000000000377826
00600012000000000000000384790000000017702480005000000000371752
00600012000000000000000384800000000095289260005000000002001074
00600012000000000000000384810000000045454550005000000000954545
00600012000000000000000384820000000211842970005000000004448702
00600012000000000000000384830000000013636360005000000000286364
00600012000000000000000384840000000021157030005000000000444297
00600012000000000000000384850000000056363640005000000001183636
00600012000000000000000384860000000023537190005000000000494281
00600012000000000000000384870000000102561820005000000002153798
00600012000000000000000384880000000025619830005000000000538017
00600012000000000000000384890000000022942150005000000000481785
00600012000000000000000384900000000014776860005000000000310314
00600012000000000000000384910000000022446280005000000000471372
00600012000000000000000384920000000100760330005000000002115967
00600012000000000000000384930000000060661130005000000001273884
00600012000000000000000384940000000021487600005000000000451240
00600012000000000000000384950000000066198340005000000001390166
00600012000000000000000384960000000074876030005000000001572397
00600012000000000000000384970000000013636360005000000000286364
00600012000000000000000384980000000089652890005000000001882711
00600012000000000000000384990000000062809920005000000001319008
00600012000000000000000385000000000043483470005000000000913153
00600012000000000000000385010000000045454550005000000000954545
00600012000000000000000385020000000029900830005000000000627917
00600012000000000000000385030000000050661160005000000001063884
00600012000000000000000385040000000045454550005000000000954545
00600012000000000000000385050000000013636360005000000000286364
00600012000000000000000385060000000039549590005000000000830541
00600012000000000000000385070000000038016530005000000000798347
00600012000000000000000385080000000045454550005000000000954545
00600012000000000000000385090000000045454550005000000000954545
00600012000000000000000385100000000013636360005000000000286364
00600012000000000000000385110000000090909090005000000001909091
00600012000000000000000385120000000013636360005000000000286364
00600012000000000000000385130000000017528930005000000000368107
00600012000000000000000385140000000039801650005000000000835835
00600012000000000000000385150000000140082640005000000002941736
00600012000000000000000385160000000013636360005000000000286364
00600012000000000000000385170000000057603300005000000001209670
00600012000000000000000385180000000190000000005000000003990000
00600012000000000000000385190000000035537190005000000000746281
00600012000000000000000385200000000081322310005000000001707769
00600012000000000000000385210000000239173530005000000005022644
00600012000000000000000385220000000218314050005000000004584595
00600012000000000000000385230000000105619840005000000002218016
00600012000000000000000385240000000022314050005000000000468595
00600012000000000000000385250000000036628100005000000000769190
00600012000000000000000385260000000045454550005000000000954545
00600012000000000000000385270000000026342970005000000000553203
00600012000000000000000385280000000002396690005000000000050331
00600012000000000000000385290000000007438020005000000000156198
00600012000000000000000385300000000015619830005000000000328017
00600012000000000000000385310000000073115700005000000001535430
00600012000000000000000385320000000045454550005000000000954545
00600012000000000000000385330000000013636360005000000000286364
00600012000000000000000385340000000016363640005000000000343636
00600012000000000000000385350000000046033060005000000000966694
00600012000000000000000385360000000023140500005000000000485950
00600012000000000000000385370000000061070250005000000001282475
00600012000000000000000385380000000001041320005000000000021868
00600012000000000000000385390000000054435130005000000001143138
00600012000000000000000385400000000045454550005000000000954545
00600012000000000000000385410000000045454550005000000000954545
00600012000000000000000385420000000072107440005000000001514256
00600012000000000000000385430000000028933880005000000000607612
00800012000000000000000011320000000014545450005000000000305455
00800012000000000000000011330000000092561980005000000001943802
00800012000000000000000011340000000004289260005000000000090074
00800012000000000000000011350000000013264460005000000000278554
00800012000000000000000011360000000026446280005000000000555372
00800012000000000000000011370000000029950410005000000000628959
00800012000000000000000011380000000027297520005000000000573248
00800012000000000000000011390000000045454550005000000000954545
00100013000000000000000014440000000023206610005000000000487339
00100013000000000000000014450000000020413220005000000000428678
00100013000000000000000014460000000035619840005000000000748016
00600013000000000000000392820000000150347110005000000003157289
00600013000000000000000392830000000040495870005000000000850413
00600013000000000000000392840000000026975200005000000000566479
00600013000000000000000392850000000046570250005000000000977975
00600013000000000000000392860000000087735540005000000001842446
00600013000000000000000392870000000025190080005000000000528992
00600013000000000000000392880000000013636360005000000000286364
00600013000000000000000392890000000013636360005000000000286364
00600013000000000000000392900000000040140500005000000000842950
00600013000000000000000392910000000013636360005000000000286364
00600013000000000000000392920000000108176860005000000002271714
00600013000000000000000392930000000072127270005000000001514673
00600013000000000000000392940000000139517360005000000002929864
00600013000000000000000392950000000136198340005000000002860166
00600013000000000000000392960000000030743800005000000000645620
00600013000000000000000392970000000013636360005000000000286364
00600013000000000000000392980000000013636360005000000000286364
00600013000000000000000392990000000045454550005000000000954545
00600013000000000000000393000000000061157020005000000001284298
00600013000000000000000393010000000022942150005000000000481785
00600013000000000000000393020000000129669420005000000002723058
00600013000000000000000393030000000414104130005000000008696188
00600013000000000000000393040000000126743800005000000002661620
00600013000000000000000393050000000016396690005000000000344331
00600013000000000000000393060000000397706720005000000008351841
00600013000000000000000393070000000046619840005000000000979016
00600013000000000000000393080000000016859500005000000000354050
00600013000000000000000393090000000017983470005000000000377653
00600013000000000000000393100000000165421480005000000003473852
00600013000000000000000393110000000117619840005000000002470016
00600013000000000000000393120000000030743800005000000000645620
00600013000000000000000393130000000072231410005000000001516859
00600013000000000000000393140000000010247930005000000000215207
00600013000000000000000393150000000117619840005000000002470016
00600013000000000000000393160000000057388430005000000001205157
00600013000000000000000393170000000042454550005000000000891545
00600013000000000000000393180000000012280990005000000000257901
00600013000000000000000393190000000021289260005000000000447074
00600013000000000000000393200000000045454550005000000000954545
00600013000000000000000393210000000052033060005000000001092694
00600013000000000000000393220000000018512400005000000000388760
00600013000000000000000393230000000038545450005000000000809455
00600013000000000000000393240000000120330580005000000002526942
00600013000000000000000393250000000119206610005000000002503339
00600013000000000000000393260000000050975210005000000001070479
00600013000000000000000393270000000059966940005000000001259306
00600013000000000000000393280000000321950410005000000006760959
00600013000000000000000393290000000033322310005000000000699769
00600013000000000000000393300000000062925620005000000001321438
00600013000000000000000393310000000046570250005000000000977975
00600013000000000000000393320000000047867770005000000001005223
00600013000000000000000393330000000051818200005000000001088182
00600013000000000000000393340000000047024800005000000000987521
00600013000000000000000393350000000049074380005000000001030562
00600013000000000000000393360000000086644630005000000001819538
00600013000000000000000393370000000081322310005000000001707769
00600013000000000000000393380000000070991730005000000001490827
00600013000000000000000393390000000031652890005000000000664711
00600013000000000000000393400000000015867770005000000000333223
00600013000000000000000393410000000017619830005000000000370017
00600013000000000000000393420000000123438020005000000002592198
00600013000000000000000393430000000010495870005000000000220413
00600013000000000000000393440000000040495870005000000000850413
00600013000000000000000393450000000099256200005000000002084380
00600013000000000000000393460000000022314050005000000000468595
00600013000000000000000393470000000043223140005000000000907686
00600013000000000000000393480000000047867770005000000001005223
00600013000000000000000393490000000006404960005000000000134504
00600013000000000000000393500000000022314050005000000000468595
00600013000000000000000393510000000050330580005000000001056942
00600013000000000000000393520000000075851240005000000001592876
00600013000000000000000393530000000149884300005000000003147570
00600013000000000000000393540000000055008270005000000001155173
00600013000000000000000393550000000055404960005000000001163504
00600013000000000000000393560000000085702480005000000001799752
00600013000000000000000393570000000022314050005000000000468595
00600013000000000000000393580000000030578510005000000000642149
00600013000000000000000393590000000052892560005000000001110744
00600013000000000000000393600000000070177690005000000001473731
00600013000000000000000393610000000032595040005000000000684496
00600013000000000000000393620000000002396690005000000000050331
00600013000000000000000393630000000060190080005000000001263992
00600013000000000000000393640000000037214880005000000000781513
00600013000000000000000393650000000132644630005000000002785538
00600013000000000000000393660000000078264460005000000001643554
00600013000000000000000393670000000013636360005000000000286364
00600013000000000000000393680000000029090910005000000000610909
00600013000000000000000393690000000098595040005000000002070496
00600013000000000000000393700000000012561980005000000000263802
00600013000000000000000393710000000013636360005000000000286364
00600013000000000000000393720000000013636360005000000000286364
00600013000000000000000393730000000052446280005000000001101372
00600013000000000000000393740000000027099170005000000000569083
00600013000000000000000393750000000025619830005000000000538017
00600013000000000000000393760000000045454550005000000000954545
00600013000000000000000393770000000061900830005000000001299917
00600013000000000000000393780000000033966940005000000000713306
00600013000000000000000393790000000013553720005000000000284628
00600013000000000000000393800000000014776860005000000000310314
00600013000000000000000393810000000038413220005000000000806678
00600013000000000000000393820000000036611570005000000000768843
00600013000000000000000393830000000034462810005000000000723719
00600013000000000000000393840000000037603300005000000000789670
00600013000000000000000393850000000019752070005000000000414793
00600013000000000000000393860000000063801650005000000001339835
00600013000000000000000393870000000044876030005000000000942397
00600013000000000000000393880000000009966940005000000000209306
00600013000000000000000393890000000025619830005000000000538017
00600013000000000000000393900000000032809920005000000000689008
00600013000000000000000393910000000052231410005000000001096859
00600013000000000000000393920000000016611570005000000000348843
00600013000000000000000393930000000002396690005000000000050331
00600013000000000000000393940000000053223140005000000001117686
00600013000000000000000393950000000051099170005000000001073083
00600013000000000000000393960000000129669420005000000002723058
00600013000000000000000393970000000005619830005000000000118017
00600013000000000000000393980000000041818180005000000000878182
00600013000000000000000393990000000118264460005000000002483554
00600013000000000000000394000000000033057850005000000000694215
00600013000000000000000394010000000013834710005000000000290529
00600013000000000000000394020000000035041350005000000000735868
00600013000000000000000394030000000013636360005000000000286364
00600013000000000000000394040000000005371900005000000000112810
00600013000000000000000394050000000019669400005000000000413057
00600013000000000000000394060000000019944050005000000000418825
00600013000000000000000394070000000021198350005000000000445165
00600013000000000000000394080000000013636360005000000000286364
00600013000000000000000394090000000032727270005000000000687273
00600013000000000000000394100000000036446280005000000000765372
00600013000000000000000394110000000016942150005000000000355785
00600013000000000000000394120000000012727270005000000000267273
00600013000000000000000394130000000045454550005000000000954545
00600013000000000000000394140000000012975210005000000000272479
00600013000000000000000394150000000044710740005000000000938926
00600013000000000000000394160000000128008270005000000002688173
00600013000000000000000394170000000011404960005000000000239504
00600013000000000000000394180000000056710740005000000001190926
00600013000000000000000394190000000249008270005000000005229173
00600013000000000000000394200000000027611570005000000000579843
00600013000000000000000394210000000018181820005000000000381818
00600013000000000000000394220000000057123970005000000001199603
00600013000000000000000394230000000060768590005000000001276141
00600013000000000000000394240000000045454550005000000000954545
00600013000000000000000394250000000024793390005000000000520661
00600013000000000000000394260000000013636360005000000000286364
00600013000000000000000394270000000013834710005000000000290529
00600013000000000000000394280000000047107440005000000000989256
00600013000000000000000394290000000013636360005000000000286364
00600013000000000000000394300000000046776860005000000000982314
00600013000000000000000394310000000018884300005000000000396570
00600013000000000000000394320000000013636360005000000000286364
00600013000000000000000394330000000003082640005000000000064736
00600013000000000000000394340000000022314050005000000000468595
00600013000000000000000394350000000015752070005000000000330793
00600013000000000000000394360000000060247930005000000001265207
00600013000000000000000394370000000041239670005000000000866033
00600013000000000000000394380000000040495870005000000000850413
00600013000000000000000394390000000009256200005000000000194380
00600013000000000000000394400000000015867770005000000000333223
00600013000000000000000394410000000013636360005000000000286364
00600013000000000000000394420000000222892560005000000004680744
00600013000000000000000394430000000011570250005000000000242975
00600013000000000000000394440000000024834710005000000000521529
00600013000000000000000394450000000045454550005000000000954545
00600013000000000000000394460000000005454550005000000000114545
00600013000000000000000394470000000013636360005000000000286364
00600013000000000000000394480000000022561980005000000000473802
00600013000000000000000394490000000013537190005000000000284281
00600013000000000000000394500000000002652890005000000000055711
00600013000000000000000394510000000037115700005000000000779430
00600013000000000000000394520000000015537190005000000000326281
00600013000000000000000394530000000016363600005000000000343636
00600013000000000000000394540000000028190080005000000000591992
00600013000000000000000394550000000027239670005000000000572033
00600013000000000000000394560000000020247930005000000000425207
00600013000000000000000394570000000038900830005000000000816917
00600013000000000000000394580000000005454550005000000000114545
00600013000000000000000394590000000007190080005000000000150992
00600013000000000000000394600000000027297520005000000000573248
00600013000000000000000394610000000042190100005000000000885992
00600013000000000000000394620000000040495870005000000000850413
00600013000000000000000394630000000020247930005000000000425207
00600013000000000000000394640000000013636360005000000000286364
00600013000000000000000394650000000296528940005000000006227106
00600013000000000000000394660000000038016530005000000000798347
00600013000000000000000394670000000111727270005000000002346273
00600013000000000000000394680000000045454550005000000000954545
00600013000000000000000394690000000050909090005000000001069091
00600013000000000000000394700000000011157020005000000000234298
00600013000000000000000394710000000022314050005000000000468595
00600013000000000000000394720000000013834710005000000000290529
00600013000000000000000394730000000010041320005000000000210868
00600013000000000000000394740000000028677690005000000000602231
00600013000000000000000394750000000017520660005000000000367934
00600013000000000000000394760000000047190080005000000000990992
00600013000000000000000394770000000026239700005000000000551034
00600013000000000000000394780000000009024790005000000000189521
00600013000000000000000394790000000049752070005000000001044793
00600013000000000000000394800000000098925620005000000002077438
00600013000000000000000394810000000123619840005000000002596016
00600013000000000000000394820000000005578510005000000000117149
00600013000000000000000394830000000016611570005000000000348843
00600013000000000000000394840000000019504100005000000000409586
00600013000000000000000394850000000029173550005000000000612645
00600013000000000000000394860000000041735480005000000000876445
00600013000000000000000394870000000006404960005000000000134504
00600013000000000000000394880000000013636360005000000000286364
00600013000000000000000394890000000013636360005000000000286364
00600013000000000000000394900000000040495870005000000000850413
00600013000000000000000394910000000019173550005000000000402645
00600013000000000000000394920000000027190080005000000000570992
00600013000000000000000394930000000046338840005000000000973116
00600013000000000000000394940000000131570280005000000002762975
00600013000000000000000394950000000043223140005000000000907686
00600013000000000000000394960000000020661160005000000000433884
00600013000000000000000394970000000010636360005000000000223364
00600013000000000000000394980000000012181820005000000000255818
00600013000000000000000394990000000040090910005000000000841909
00600013000000000000000395000000000020264460005000000000425554
00600013000000000000000395010000000124057850005000000002605215
00600013000000000000000395020000000015206610005000000000319339
00600013000000000000000395030000000045454550005000000000954545
00600013000000000000000395040000000031487600005000000000661240
00600013000000000000000395050000000052479400005000000001102068
00600013000000000000000395060000000026942150005000000000565785
00600013000000000000000395070000000045454550005000000000954545
00600013000000000000000395080000000014049590005000000000295041
00600013000000000000000395090000000013636360005000000000286364
00600013000000000000000395100000000013305790005000000000279421
00600013000000000000000395110000000012396690005000000000260331
00600013000000000000000395120000000033347110005000000000700289
00600013000000000000000395130000000023636360005000000000496364
00600013000000000000000395140000000401900720005000000008439916
00600013000000000000000395150000000108842980005000000002285702
00600013000000000000000395160000000197041230005000000004137866
00600013000000000000000395170000000080487600005000000001690240
00600013000000000000000395180000000077603300005000000001629670
00600013000000000000000395190000000045454550005000000000954545
00600013000000000000000395200000000031818180005000000000668182
00600013000000000000000395210000000098909090005000000002077091
00600013000000000000000395220000000004793390005000000000100661
00600013000000000000000395230000000011157020005000000000234298
00600013000000000000000395240000000049983470005000000001049653
00600013000000000000000395250000000039305790005000000000825421
00600013000000000000000395260000000079628100005000000001672190
00600013000000000000000395270000000019586780005000000000411322
00600013000000000000000395280000000079628100005000000001672190
00600013000000000000000395290000000024859500005000000000522050
00600013000000000000000395300000000040901410005000000000858930
00600013000000000000000395310000000015206610005000000000319339
00600013000000000000000395320000000026239590005000000000551031
00600013000000000000000395330000000086198340005000000001810166
00600013000000000000000395340000000046570250005000000000977975
00800013000000000000000010990000000087735540005000000001842446
00800013000000000000000011000000000108176860005000000002271714
00800013000000000000000011010000000414104130005000000008696188
00800013000000000000000011020000000117619840005000000002470016
00800013000000000000000011030000000047867770005000000001005223
00800013000000000000000011040000000055008270005000000001155173
00800013000000000000000011050000000013834710005000000000290529
00800013000000000000000011060000000022561980005000000000473802
00800013000000000000000011070000000005454550005000000000114545
00800013000000000000000011080000000108842980005000000002285702
00800013000000000000000011090000000080487600005000000001690240
00800013000000000000000011100000000079628100005000000001672190
00100015000000000000000003240000000012694240005000000000266579
00100015000000000000000003250000000014148760005000000000297124
00600015000000000000000236990000000037818180005000000000794182
00600015000000000000000237000000000058057850005000000001219215
00600015000000000000000237010000000009256200005000000000194380
00600015000000000000000237020000000029553720005000000000620628
00600015000000000000000237030000000011834710005000000000248529
00600015000000000000000237040000000049851240005000000001046876
00600015000000000000000237050000000040495870005000000000850413
00600015000000000000000237060000000045454550005000000000954545
00600015000000000000000237070000000013636360005000000000286364
00600015000000000000000237080000000047735540005000000001002446
00600015000000000000000237090000000045454550005000000000954545
00600015000000000000000237100000000069752060005000000001464794
00600015000000000000000237110000000002669420005000000000056058
00600015000000000000000237120000000007520660005000000000157934
00600015000000000000000237130000000045454550005000000000954545
00600015000000000000000237140000000000115700005000000000002430
00600015000000000000000237150000000013636360005000000000286364
00600015000000000000000237160000000028760330005000000000603967
00600015000000000000000237170000000008140500005000000000170950
00600015000000000000000237180000000240925630005000000005059438
00600015000000000000000237190000000160330580005000000003366942
00600015000000000000000237200000000002669420005000000000056058
00600015000000000000000237210000000141933890005000000002980611
00600015000000000000000237220000000045454550005000000000954545
00600015000000000000000237230000000114487600005000000002404240
00600015000000000000000237240000000013636360005000000000286364
00600015000000000000000237250000000015735540005000000000330446
00600015000000000000000237260000000040495870005000000000850413
00600015000000000000000237270000000013636360005000000000286364
00600015000000000000000237280000000015867770005000000000333223
00600015000000000000000237290000000013636360005000000000286364
00600015000000000000000237300000000137388440005000000002885156
00600015000000000000000237310000000013636360005000000000286364
00600015000000000000000237320000000050842980005000000001067702
00600015000000000000000237330000000038016530005000000000798347
00600015000000000000000237340000000107371900005000000002254810
00600015000000000000000237350000000036694210005000000000770579
00600015000000000000000237360000000013636360005000000000286364
00600015000000000000000237370000000064859500005000000001362050
00600015000000000000000237380000000006942150005000000000145785
00600015000000000000000237390000000081788430005000000001717557
00600015000000000000000237400000000007933880005000000000166612
00600015000000000000000237410000000026842970005000000000563703
00600015000000000000000237420000000010115700005000000000212430
00600015000000000000000237430000000065752060005000000001380794
00600015000000000000000237440000000015380170005000000000322983
00600015000000000000000237450000000009256200005000000000194380
00600015000000000000000237460000000036157020005000000000759298
00600015000000000000000237470000000043173550005000000000906645
00600015000000000000000237480000000035966940005000000000755306
00600015000000000000000237490000000045454550005000000000954545
00600015000000000000000237500000000013636360005000000000286364
00600015000000000000000237510000000028760330005000000000603967
00600015000000000000000237520000000059966940005000000001259306
00600015000000000000000237530000000017057850005000000000358215
00600015000000000000000237540000000013636360005000000000286364
00600015000000000000000237550000000004561980005000000000095802
00600015000000000000000237560000000031735540005000000000666446
00600015000000000000000237570000000013636360005000000000286364
00600015000000000000000237580000000012694210005000000000266579
00600015000000000000000237590000000013636360005000000000286364
00600015000000000000000237600000000045454550005000000000954545
00600015000000000000000237610000000040495870005000000000850413
00600015000000000000000237620000000040495870005000000000850413
00600015000000000000000237630000000022314050005000000000468595
00600015000000000000000237640000000038099170005000000000800083
00600015000000000000000237650000000001388430005000000000029157
00600015000000000000000237660000000045454550005000000000954545
00600015000000000000000237670000000206413220005000000004334678
00600015000000000000000237680000000045454550005000000000954545
00600015000000000000000237690000000024727270005000000000519273
00600015000000000000000237700000000048991730005000000001028827
00600015000000000000000237710000000070677690005000000001484231
00600015000000000000000237720000000017132230005000000000359777
00600015000000000000000237730000000060661160005000000001273884
00600015000000000000000237740000000011975210005000000000251479
00600015000000000000000237750000000040495870005000000000850413
00600015000000000000000237760000000013636360005000000000286364
00600015000000000000000237770000000013636360005000000000286364
00600015000000000000000237780000000040495870005000000000850413
00600015000000000000000237790000000019173550005000000000402645
00600015000000000000000237800000000028181820005000000000591818
00600015000000000000000237810000000037421490005000000000785851
00600015000000000000000237820000000020363640005000000000427636
00600015000000000000000237830000000042776860005000000000898314
00600015000000000000000237840000000010842980005000000000227702
00600015000000000000000237850000000206413220005000000004334678
00600015000000000000000237860000000040793390005000000000856661
00600015000000000000000237870000000021553720005000000000452628
00600015000000000000000237880000000013636360005000000000286364
00600015000000000000000237890000000013553720005000000000284628
00600015000000000000000237900000000040495870005000000000850413
00600015000000000000000237910000000008132230005000000000170777
00600015000000000000000237920000000021421490005000000000449851
00600015000000000000000237930000000189818190005000000003986181
00600015000000000000000237940000000045454550005000000000954545
00600015000000000000000237950000000023966940005000000000503306
00600015000000000000000237960000000067388430005000000001415157
00600015000000000000000237970000000033719010005000000000708099
00600015000000000000000237980000000040495870005000000000850413
00600015000000000000000237990000000040495870005000000000850413
00600015000000000000000238000000000013636360005000000000286364
00600015000000000000000238010000000013636360005000000000286364
00600015000000000000000238020000000013636360005000000000286364
00600015000000000000000238030000000045454550005000000000954545
00600015000000000000000238040000000045454550005000000000954545
00600015000000000000000238050000000045454550005000000000954545
00600015000000000000000238060000000002669420005000000000056058
00600015000000000000000238070000000022314050005000000000468595
00600015000000000000000238080000000045454550005000000000954545
00600015000000000000000238090000000013636360005000000000286364
00600015000000000000000238100000000012520660005000000000262934
00600015000000000000000238110000000045454550005000000000954545
00600015000000000000000238120000000013636360005000000000286364
00600015000000000000000238130000000023553720005000000000494628
00600015000000000000000238140000000034694210005000000000728579
00600015000000000000000238150000000032066120005000000000673388
00600015000000000000000238160000000045454550005000000000954545
00600015000000000000000238170000000045454550005000000000954545
00600015000000000000000238180000000022314050005000000000468595
00600015000000000000000238190000000013636360005000000000286364
00600015000000000000000238200000000008462810005000000000177719
00600015000000000000000238210000000016280990005000000000341901
00600015000000000000000238220000000013636360005000000000286364
00600015000000000000000238230000000045454550005000000000954545
00600015000000000000000238240000000013636360005000000000286364
00600015000000000000000238250000000022561980005000000000473802
00600015000000000000000238260000000045454550005000000000954545
00600015000000000000000238270000000045454550005000000000954545
00600015000000000000000238280000000009363640005000000000196636
00600015000000000000000238290000000031487600005000000000661240
00600015000000000000000238300000000018925620005000000000397438
00600015000000000000000238310000000022314050005000000000468595
00600015000000000000000238320000000045454550005000000000954545
00600015000000000000000238330000000045454550005000000000954545
00600015000000000000000238340000000013636360005000000000286364
00600015000000000000000238350000000045454550005000000000954545
00600015000000000000000238360000000037090910005000000000778909
00600015000000000000000238370000000045454550005000000000954545
00600015000000000000000238380000000045454550005000000000954545
00600015000000000000000238390000000022314050005000000000468595
00600015000000000000000238400000000013636360005000000000286364
00600015000000000000000238410000000045454550005000000000954545
00600015000000000000000238420000000045454550005000000000954545
00600015000000000000000238430000000045454550005000000000954545
00600015000000000000000238440000000045454550005000000000954545
00600015000000000000000238450000000013636360005000000000286364
00600015000000000000000238460000000078512400005000000001648760
00600015000000000000000238470000000045454550005000000000954545
00600015000000000000000238480000000006247930005000000000131207
00600015000000000000000238490000000045454550005000000000954545
00600015000000000000000238500000000045454550005000000000954545
00600015000000000000000238510000000019834710005000000000416529
00600015000000000000000238520000000010644630005000000000223537
00600015000000000000000238530000000080495870005000000001690413
00600015000000000000000238540000000045454550005000000000954545
00600015000000000000000238550000000062975210005000000001322479
00600015000000000000000238560000000045454550005000000000954545
00600015000000000000000238570000000010636360005000000000223364
00600015000000000000000238580000000010495870005000000000220413
00600015000000000000000238590000000018347110005000000000385289
00600015000000000000000238600000000216942160005000000004555784
00600015000000000000000238610000000001735540005000000000036446
00600015000000000000000238620000000013636360005000000000286364
00600015000000000000000238630000000045454550005000000000954545
00600015000000000000000238640000000045454550005000000000954545
00600015000000000000000238650000000045454550005000000000954545
00600015000000000000000238660000000045454550005000000000954545
00600015000000000000000238670000000045454550005000000000954545
00600015000000000000000238680000000038016530005000000000798347
00600015000000000000000238690000000006595040005000000000138496
00600015000000000000000238700000000022446280005000000000471372
00600015000000000000000238710000000045454550005000000000954545
00600015000000000000000238720000000010785120005000000000226488
00600015000000000000000238730000000045454550005000000000954545
00600015000000000000000238740000000045454550005000000000954545
00600015000000000000000238750000000045454550005000000000954545
00600015000000000000000238760000000019586780005000000000411322
00600015000000000000000238770000000045454550005000000000954545
00600015000000000000000238780000000013636360005000000000286364
00600015000000000000000238790000000045454550005000000000954545
00600015000000000000000238800000000062809920005000000001319008
00600015000000000000000238810000000013636360005000000000286364
00600015000000000000000238820000000045454550005000000000954545
00600015000000000000000238830000000020247930005000000000425207
00600015000000000000000238840000000134628090005000000002827191
00600015000000000000000238850000000025206610005000000000529339
00600015000000000000000238860000000022314050005000000000468595
00600015000000000000000238870000000053801650005000000001129835
00600015000000000000000238880000000045454550005000000000954545
00600015000000000000000238890000000022446280005000000000471372
00600015000000000000000238900000000081702480005000000001715752
00600015000000000000000238910000000045454550005000000000954545
00600015000000000000000238920000000025479340005000000000535066
00600015000000000000000238930000000050330580005000000001056942
00600015000000000000000238940000000141760330005000000002976967
00600015000000000000000238950000000057479340005000000001207066
00600015000000000000000238960000000034710740005000000000728926
00600015000000000000000238970000000023140500005000000000485950
00600015000000000000000238980000000045454550005000000000954545
00600015000000000000000238990000000022314050005000000000468595
00600015000000000000000239000000000064363640005000000001351636
00600015000000000000000239010000000098057850005000000002059215
00600015000000000000000239020000000031404960005000000000659504
00600015000000000000000239030000000017851240005000000000374876
00600015000000000000000239040000000045454550005000000000954545
00600015000000000000000239050000000013636360005000000000286364
00600015000000000000000239060000000013636360005000000000286364
00600015000000000000000239070000000010041320005000000000210868
00600015000000000000000239080000000020834710005000000000437529
00600015000000000000000239090000000015578510005000000000327149
00600015000000000000000239100000000045454550005000000000954545
00600015000000000000000239110000000032355370005000000000679463
00600015000000000000000239120000000045454550005000000000954545
00600015000000000000000239130000000013636360005000000000286364
00600015000000000000000239140000000013636360005000000000286364
00600015000000000000000239150000000022446280005000000000471372
00600015000000000000000239160000000013636360005000000000286364
00600015000000000000000239170000000013636360005000000000286364
00600015000000000000000239180000000032644630005000000000685537
00600015000000000000000239190000000013636360005000000000286364
00600015000000000000000239200000000013636360005000000000286364
00600015000000000000000239210000000071024800005000000001491520
00600015000000000000000239220000000022314050005000000000468595
00600015000000000000000239230000000013636360005000000000286364
00600015000000000000000239240000000090760330005000000001905967
00600015000000000000000239250000000006694210005000000000140579
00600015000000000000000239260000000039305790005000000000825421
00600015000000000000000239270000000035958680005000000000755132
00600015000000000000000239280000000035644630005000000000748537
00600015000000000000000239290000000013636360005000000000286364
00600015000000000000000239300000000013636360005000000000286364
00600015000000000000000239310000000013636360005000000000286364
00600015000000000000000239320000000013636360005000000000286364
00600015000000000000000239330000000013636360005000000000286364
00600015000000000000000239340000000010743800005000000000225620
00600015000000000000000239350000000023140500005000000000485950
00600015000000000000000239360000000165867770005000000003483223
00600015000000000000000239370000000022314050005000000000468595
00600015000000000000000239380000000013636360005000000000286364
00600015000000000000000239390000000030247930005000000000635207
00600015000000000000000239400000000013462810005000000000282719
00600015000000000000000239410000000022314050005000000000468595
00600015000000000000000239420000000013636360005000000000286364
00600015000000000000000239430000000012975210005000000000272479
00600015000000000000000239440000000050000000005000000001050000
00600015000000000000000239450000000079421480005000000001667852
00600015000000000000000239460000000022314050005000000000468595
00600015000000000000000239470000000017685950005000000000371405
00600015000000000000000239480000000013636360005000000000286364
00600015000000000000000239490000000031487600005000000000661240
00600015000000000000000239500000000008000000005000000000168000
00600015000000000000000239510000000022314050005000000000468595
00600015000000000000000239520000000013636360005000000000286364
00600015000000000000000239530000000013636360005000000000286364
00600015000000000000000239540000000045454550005000000000954545
00600015000000000000000239550000000031487600005000000000661240
00600015000000000000000239560000000040495870005000000000850413
00600015000000000000000239570000000013636360005000000000286364
00600015000000000000000239580000000024462810005000000000513719
00600015000000000000000239590000000001148760005000000000024124
00600015000000000000000239600000000045454550005000000000954545
00600015000000000000000239610000000058123970005000000001220603
00600015000000000000000239620000000002066120005000000000043388
00600015000000000000000239630000000048272730005000000001013727
00600015000000000000000239640000000070082650005000000001471735
00600015000000000000000239650000000126423970005000000002654903
00600015000000000000000239660000000013636360005000000000286364
00600015000000000000000239670000000020900830005000000000438917
00600015000000000000000239680000000060578510005000000001272149
00600015000000000000000239690000000229314050005000000004815595
00600015000000000000000239700000000011983470005000000000251653
00600015000000000000000239710000000026446280005000000000555372
00600015000000000000000239720000000009917360005000000000208264
00600015000000000000000239730000000013636360005000000000286364
00600015000000000000000239740000000004958680005000000000104132
00600015000000000000000239750000000200404950005000000004208505
00600015000000000000000239760000000013636360005000000000286364
00600015000000000000000239770000000013636360005000000000286364
00600015000000000000000239780000000015785120005000000000331488
00600015000000000000000239790000000022561980005000000000473802
00600015000000000000000239800000000067438020005000000001416198
00600015000000000000000239810000000010495870005000000000220413
00600015000000000000000239820000000022314050005000000000468595
00600015000000000000000239830000000045454550005000000000954545
00600015000000000000000239840000000070165290005000000001473471
00600015000000000000000239850000000025619830005000000000538017
00600015000000000000000239860000000013636360005000000000286364
00600015000000000000000239870000000045454550005000000000954545
00600015000000000000000239880000000011404960005000000000239504
00600015000000000000000239890000000013636360005000000000286364
00600015000000000000000239900000000022727270005000000000477273
00600015000000000000000239910000000010413220005000000000218678
00600015000000000000000239920000000099578520005000000002091148
00600015000000000000000239930000000035479340005000000000745066
00600015000000000000000239940000000004528930005000000000095107
00600015000000000000000239950000000045454550005000000000954545
00600015000000000000000239960000000027933880005000000000586612
00600015000000000000000239970000000045454550005000000000954545
00600015000000000000000239980000000045454550005000000000954545
00600015000000000000000239990000000022727270005000000000477273
00600015000000000000000240000000000025479340005000000000535066
00600015000000000000000240010000000006247930005000000000131207
00600015000000000000000240020000000006247930005000000000131207
00600015000000000000000240030000000013636360005000000000286364
00600015000000000000000240040000000035537190005000000000746281
00600015000000000000000240050000000052975210005000000001112479
00600015000000000000000240060000000017355370005000000000364463
00600015000000000000000240070000000027272730005000000000572727
00600015000000000000000240080000000050504130005000000001060587
00600015000000000000000240090000000123768590005000000002599141
00600015000000000000000240100000000013636360005000000000286364
00600015000000000000000240110000000015950410005000000000334959
00600015000000000000000240120000000022727270005000000000477273
00600015000000000000000240130000000040826450005000000000857355
00600015000000000000000240140000000022314050005000000000468595
00600015000000000000000240150000000036198350005000000000760165
00600015000000000000000240160000000013636360005000000000286364
00600015000000000000000240170000000059504130005000000001249587
00600015000000000000000240180000000013636360005000000000286364
00600015000000000000000240190000000009504130005000000000199587
00600015000000000000000240200000000045454550005000000000954545
00600015000000000000000240210000000045454550005000000000954545
00600015000000000000000240220000000054049590005000000001135041
00600015000000000000000240230000000018512400005000000000388760
00600015000000000000000240240000000045454550005000000000954545
00600015000000000000000240250000000005917360005000000000124264
00600015000000000000000240260000000085016530005000000001785347
00600015000000000000000240270000000031487600005000000000661240
00600015000000000000000240280000000010578510005000000000222149
00600015000000000000000240290000000015867770005000000000333223
00600015000000000000000240300000000013636360005000000000286364
00600015000000000000000240310000000010454550005000000000219545
00600015000000000000000240320000000061326460005000000001287856
00600015000000000000000240330000000050558680005000000001061732
00600015000000000000000240340000000065950410005000000001384959
00600015000000000000000240350000000045454550005000000000954545
00600015000000000000000240360000000084628100005000000001777190
00600015000000000000000240370000000064958680005000000001364132
00600015000000000000000240380000000012272730005000000000257727
00600015000000000000000240390000000045454550005000000000954545
00600015000000000000000240400000000045454550005000000000954545
00600015000000000000000240410000000013636360005000000000286364
00600015000000000000000240420000000013636360005000000000286364
00600015000000000000000240430000000045454550005000000000954545
00600015000000000000000240440000000020950410005000000000439959
00600015000000000000000240450000000045454550005000000000954545
00600015000000000000000240460000000027479340005000000000577066
00600015000000000000000240470000000037834710005000000000794529
00600015000000000000000240480000000013636360005000000000286364
00600015000000000000000240490000000037710740005000000000791926
00600015000000000000000240500000000021421490005000000000449851
00600015000000000000000240510000000025603310005000000000537669
00600015000000000000000240520000000028041320005000000000588868
00600015000000000000000240530000000211909090005000000004450091
00600015000000000000000240540000000013636360005000000000286364
00600015000000000000000240550000000042380160005000000000889984
00600015000000000000000240560000000013636360005000000000286364
00600015000000000000000240570000000013636360005000000000286364
00600015000000000000000240580000000022148760005000000000465124
00600015000000000000000240590000000011404960005000000000239504
00600015000000000000000240600000000045454550005000000000954545
00600015000000000000000240610000000045454550005000000000954545
00600015000000000000000240620000000086694220005000000001820578
00600015000000000000000240630000000025619830005000000000538017
00600015000000000000000240640000000013636360005000000000286364
00600015000000000000000240650000000013636360005000000000286364
00600015000000000000000240660000000013636360005000000000286364
00600015000000000000000240670000000045454550005000000000954545
00600015000000000000000240680000000052090910005000000001093909
00600015000000000000000240690000000025619830005000000000538017
00600015000000000000000240700000000020950410005000000000439959
00600015000000000000000240710000000086611570005000000001818843
00600015000000000000000240720000000009917360005000000000208264
00600015000000000000000240730000000045454550005000000000954545
00600015000000000000000240740000000013636360005000000000286364
00600015000000000000000240750000000013636360005000000000286364
00600015000000000000000240760000000045785130005000000000961488
00800015000000000000000001470000000206413220005000000004334678
00800015000000000000000001480000000045454550005000000000954545
00800015000000000000000001490000000013636360005000000000286364
00100016000000000000000000110000000147347110005000000003094289
00600016000000000000000002790000000040495870005000000000850413
00600016000000000000000002800000000013636360005000000000286364
00600016000000000000000002810000000008561980005000000000179802
00600016000000000000000002820000000008561980005000000000179802
00600016000000000000000002830000000040495870005000000000850413
00600016000000000000000002840000000015867770005000000000333223
00600016000000000000000002850000000029834710005000000000626529
00600016000000000000000002860000000055735540005000000001170446
00600016000000000000000002870000000047272730005000000000992727
00600016000000000000000002880000000040495870005000000000850413
00600016000000000000000002890000000040495870005000000000850413
00600016000000000000000002900000000008561980005000000000179802
00600016000000000000000002910000000040495870005000000000850413
00600016000000000000000002920000000040495870005000000000850413
00600016000000000000000002930000000045454550005000000000954545
00600016000000000000000002940000000045454550005000000000954545
00600016000000000000000002950000000040495870005000000000850413
00600016000000000000000002960000000040495870005000000000850413
00600016000000000000000002970000000040495870005000000000850413
00600016000000000000000002980000000008561980005000000000179802
00600016000000000000000002990000000008561980005000000000179802
00600016000000000000000003000000000064838840005000000001361616
00600016000000000000000003010000000045454550005000000000954545
00600016000000000000000003020000000045454550005000000000954545
00600016000000000000000003030000000009586780005000000000201322
00600016000000000000000003040000000013636360005000000000286364
00600016000000000000000003050000000049917360005000000001048264
00600016000000000000000003060000000013636360005000000000286364
00600016000000000000000003070000000053719010005000000001128099
00600016000000000000000003080000000013636360005000000000286364
00600016000000000000000003090000000016363640005000000000343636
00600016000000000000000003100000000070000000005000000001470000
00600016000000000000000003110000000006247930005000000000131207
00600016000000000000000003120000000022314050005000000000468595
00600016000000000000000003130000000013636360005000000000286364
00600016000000000000000003140000000052644630005000000001105537
00600016000000000000000003150000000013636360005000000000286364
00600016000000000000000003160000000006157020005000000000129298
00600016000000000000000003170000000004776860005000000000100314
00600016000000000000000003180000000024309090005000000000510491
00600016000000000000000003190000000019299170005000000000405283
00600016000000000000000003200000000062975210005000000001322479
00600016000000000000000003210000000038425620005000000000806938
00600016000000000000000003220000000036535950005000000000767255
00600016000000000000000003230000000017479340005000000000367066
00600016000000000000000003240000000028295870005000000000594213
00600016000000000000000003250000000037289260005000000000783074
00600016000000000000000003260000000036198350005000000000760165
00600016000000000000000003270000000013636360005000000000286364
00600016000000000000000003280000000090495870005000000001900413
00600016000000000000000003290000000047132230005000000000989777
00600016000000000000000003300000000013636360005000000000286364
00600016000000000000000003310000000022314050005000000000468595
00600016000000000000000003320000000003611570005000000000075843
00600016000000000000000003330000000045454550005000000000954545
00600016000000000000000003340000000032727270005000000000687273
00600016000000000000000003350000000027297520005000000000573248
00600016000000000000000003360000000007586780005000000000159322
00600016000000000000000003370000000005611570005000000000117843
00600016000000000000000003380000000009669420005000000000203058
00600016000000000000000003390000000031239670005000000000656033
00600016000000000000000003400000000022041320005000000000462868
00600016000000000000000003410000000045454550005000000000954545
00600016000000000000000003420000000045454550005000000000954545
00600016000000000000000003430000000013636360005000000000286364
00600016000000000000000003440000000013636360005000000000286364
00600016000000000000000003450000000062148760005000000001305124
00600016000000000000000003460000000027297520005000000000573248
00600016000000000000000003470000000213743800005000000004488620
00600016000000000000000003480000000013636360005000000000286364
00600016000000000000000003490000000013636360005000000000286364
00600016000000000000000003500000000023140500005000000000485950
00600016000000000000000003510000000013636360005000000000286364
00600016000000000000000003520000000166636360005000000003499364
00600016000000000000000003530000000013636360005000000000286364
00600016000000000000000003540000000133933890005000000002812611
00600016000000000000000003550000000022314050005000000000468595
00600016000000000000000003560000000013636360005000000000286364
00600016000000000000000003570000000013636360005000000000286364
00600016000000000000000003580000000080132230005000000001682777
00600016000000000000000003590000000045454550005000000000954545
00600016000000000000000003600000000004958680005000000000104132
00600016000000000000000003610000000013636360005000000000286364
00600016000000000000000003620000000005578510005000000000117149
00600016000000000000000003630000000006247930005000000000131207
00600016000000000000000003640000000006454550005000000000135545
00600016000000000000000003650000000026206610005000000000550339
00600016000000000000000003660000000006454550005000000000135545
00600016000000000000000003670000000054161160005000000001137384
00600016000000000000000003680000000036198350005000000000760165
