01900002000000000000000015650000000014256200003000000000000000
01900002000000000000000015660000000010950410003000000000000000
01900002000000000000000015670000000221575810003000000000000000
01900002000000000000000015680000000060165200003000000000000000
01900002000000000000000015690000000390760770003000000000000000
01900002000000000000000015700000000085677700003000000000000000
01900002000000000000000015710000000390740440003000000000000000
01900002000000000000000015720000000336776910003000000000000000
01900002000000000000000015730000000459773440003000000000000000
01900002000000000000000015740000000035041320003000000000000000
00100010000000000000000109580000000074900000005000000001572900
00100010000000000000000109590000000354554550005000000007445645
00100010000000000000000109600000000638319010005000000013404699
00100010000000000000000109610000000115353720005000000002422428
00100010000000000000000109620000000068305790005000000001434421
00100010000000000000000109630000000159504130005000000003349587
00100010000000000000000109640000000136528930005000000002867107
00100010000000000000000109650000000092603310005000000001944669
00100010000000000000000109660000000040239670005000000000845033
00100010000000000000000109670000000237892560005000000004995744
00100010000000000000000109680000000456694210005000000009590579
00100010000000000000000109690000000216882640005000000004554536
00100010000000000000000109700000000096838840005000000002033616
00100010000000000000000109710000000391735540005000000008226446
00100010000000000000000109720000000051801650005000000001087835
00100010000000000000000109730000000014289260005000000000300074
00100010000000000000000109740000000014289260005000000000300074
00100010000000000000000109750000000152499170005000000003202483
00100010000000000000000109760000000134845450005000000002831755
00100010000000000000000109770000000031966120005000000000671288
00100010000000000000000109780000000023685950005000000000497405
00100010000000000000000109790000000004628100005000000000097190
00100010000000000000000109800000000097532520005000000002048183
00100010000000000000000109810000000020126080005000000000422648
00100010000000000000000109820000000002977020005000000000062518
00100010000000000000000109830000000085165290005000000001788471
00100010000000000000000109840000000170702480005000000003584752
00100010000000000000000109850000000043413270005000000000911679
00100010000000000000000109860000000029400010005000000000617400
00100010000000000000000109870000000346392960005000000007274252
00100010000000000000000109880000000234230000005000000004918830
00100010000000000000000109890000000045113280005000000000947379
00100010000000000000000109900000000420615410005000000008832924
00100010000000000000000109910000000126069580005000000002647461
00100010000000000000000109920000000086910740005000000001825126
00100010000000000000000109930000000009917360005000000000208264
00100010000000000000000109940000000160966120005000000003380288
00100010000000000000000109950000000229878100005000000004827440
00100010000000000000000109960000001173553720005000000024644628
00100010000000000000000109970000000434958680005000000009134132
00100010000000000000000109980000000695537190005000000014606281
00100010000000000000000109990000000391720660005000000008226134
00100010000000000000000110000000000311947110005000000006550889
00100010000000000000000110010000000143625780005000000003016141
00100010000000000000000110020000000129957020005000000002729098
00100010000000000000000110030000000131132230005000000002753777
00100010000000000000000110040000000033303780005000000000699379
00100010000000000000000110050000000054241320005000000001139068
00100010000000000000000110060000000172763640005000000003628036
00100010000000000000000110070000000296877440005000000006234426
00100010000000000000000110080000000319573810005000000006711050
00100010000000000000000110090000000142959550005000000003002151
00100010000000000000000110100000000113215700005000000002377530
00100010000000000000000110110000000069735540005000000001464446
00100010000000000000000110120000000539030240005000000011319635
00100010000000000000000110130000000240604130005000000005052687
00100010000000000000000110140000000065206610005000000001369339
00100010000000000000000110150000000466447930005000000009795407
00100010000000000000000110160000000180319010005000000003786699
00100010000000000000000110170000000271346690005000000005698281
00100010000000000000000110180000000122083770005000000002563759
00100010000000000000000110190000000155287110005000000003261029
00100010000000000000000110200000000068074540005000000001429565
00100010000000000000000110210000000389989260005000000008189774
00100010000000000000000110220000000215652890005000000004528711
00100010000000000000000110230000000168303310005000000003534369
00100010000000000000000110240000000135819420005000000002852208
00100010000000000000000110250000000196250830005000000004121267
00100010000000000000000110260000000122020660005000000002562434
00100010000000000000000110270000000057830580005000000001214442
00100010000000000000000110280000000072980760005000000001532596
00100010000000000000000110290000000044471070005000000000933893
00100010000000000000000110300000000072440500005000000001521250
00100010000000000000000110310000000012438020005000000000261198
00100010000000000000000110320000000059090910005000000001240909
00100010000000000000000110330000001192148760005000000025035124
00100010000000000000000110340000000735702480005000000015449752
00100010000000000000000110350000000548677690005000000011522231
00100010000000000000000110360000000447685950005000000009401405
00100010000000000000000110370000000385289260005000000008091074
00100010000000000000000110380000000450186250005000000009453911
00100010000000000000000110390000000513104290005000000010775190
00100010000000000000000110400000000014501240005000000000304526
00100010000000000000000110410000000168118600005000000003530490
00100010000000000000000110420000000050578510005000000001062149
00100010000000000000000110430000000308004130005000000006468087
00100010000000000000000110440000000461268600005000000009686640
00100010000000000000000110450000000996942150005000000020935785
00100010000000000000000110460000000505165290005000000010608471
00100010000000000000000110470000000012467770005000000000261823
00100010000000000000000110480000000378682640005000000007952336
00100010000000000000000110490000000156528930005000000003287107
00100010000000000000000110500000000185395040005000000003893296
00100010000000000000000110510000000018505790005000000000388621
00100010000000000000000110520000000095851590005000000002012883
00100010000000000000000110530000000082892560005000000001740744
00100010000000000000000110540000000422727270005000000008877273
00100010000000000000000110550000000010710740005000000000224926
00100010000000000000000110560000000050090910005000000001051909
00100010000000000000000110570000000296878930005000000006234457
00100010000000000000000110580000000355888840005000000007473666
00100010000000000000000110590000000057188430005000000001200957
00100010000000000000000110600000000024000000005000000000504000
00300010000000000000000007200000000456694210005000000009590579
00300010000000000000000007210000000001694210005000000000035579
00300010000000000000000007220000000014289260005000000000300074
00600010000000000000000509420000000043388430005000000000911157
00600010000000000000000509430000000054095040005000000001135996
00600010000000000000000509440000000064340910005000000001351159
00600010000000000000000509450000000079462810005000000001668719
00600010000000000000000509460000000091446280005000000001920372
00600010000000000000000509470000000023431400005000000000492060
00600010000000000000000509480000000021826450005000000000458355
00600010000000000000000509490000000082398760005000000001730374
00600010000000000000000509500000000012520660005000000000262934
00600010000000000000000509510000000036070250005000000000757475
00600010000000000000000509520000000027933880005000000000586612
00600010000000000000000509530000000003830580005000000000080442
00600010000000000000000509540000000009090910005000000000190909
00600010000000000000000509550000000013553720005000000000284628
00600010000000000000000509560000000024338840005000000000511116
00600010000000000000000509570000000022471070005000000000471893
00600010000000000000000509580000000003830580005000000000080442
00600010000000000000000509590000000046743800005000000000981620
00600010000000000000000509600000000014206610005000000000298339
00600010000000000000000509610000000021363640005000000000448636
00600010000000000000000509620000000025045450005000000000525955
00600010000000000000000509630000000027768600005000000000583140
00600010000000000000000509640000000033057850005000000000694215
00600010000000000000000509650000000012355370005000000000259463
00600010000000000000000509660000000004541320005000000000095368
00600010000000000000000509670000000009917360005000000000208264
00600010000000000000000509680000000050413220005000000001058678
00600010000000000000000509690000000056175620005000000001179688
00600010000000000000000509700000000090950410005000000001909959
00600010000000000000000509710000000044669420005000000000938058
00600010000000000000000509720000000063363640005000000001330636
00600010000000000000000509730000000004500000005000000000094500
00600010000000000000000509740000000081983470005000000001721653
00600010000000000000000509750000000015206610005000000000319339
00600010000000000000000509760000000008500000005000000000178500
00600010000000000000000509770000000018285120005000000000383988
00600010000000000000000509780000000145867770005000000003063223
00600010000000000000000509790000000002148760005000000000045124
00600010000000000000000509800000000041107470005000000000863257
00600010000000000000000509810000000001528930005000000000032107
00600010000000000000000509820000000002479340005000000000052066
00600010000000000000000509830000000000768600005000000000016140
00600010000000000000000509840000000009917360005000000000208264
00600010000000000000000509850000000004628100005000000000097190
00600010000000000000000509860000000009917360005000000000208264
00600010000000000000000509870000000029000000005000000000609000
00600010000000000000000509880000000068652890005000000001441711
00600010000000000000000509890000000023016530005000000000483347
00600010000000000000000509900000000003743800005000000000078620
00600010000000000000000509910000000013884300005000000000291570
00600010000000000000000509920000000009834710005000000000206529
00600010000000000000000509930000000018347110005000000000385289
00600010000000000000000509940000000019917360005000000000418264
00600010000000000000000509950000000023623970005000000000496103
00600010000000000000000509960000000003264460005000000000068554
00600010000000000000000509970000000006198350005000000000130165
00600010000000000000000509980000000021652890005000000000454711
00600010000000000000000509990000000048264460005000000001013554
00600010000000000000000510000000000025322310005000000000531769
00600010000000000000000510010000000021818180005000000000458182
00600010000000000000000510020000000003644630005000000000076537
00600010000000000000000510030000000008264460005000000000173554
00600010000000000000000510040000000002752070005000000000057793
00600010000000000000000510050000000004834710005000000000101529
00600010000000000000000510060000000004628100005000000000097190
00600010000000000000000510070000000038363640005000000000805636
00600010000000000000000510080000000040995870005000000000860913
00600010000000000000000510090000000009917360005000000000208264
00600010000000000000000510100000000009917360005000000000208264
00600010000000000000000510110000000004628100005000000000097190
00600010000000000000000510120000000029268600005000000000614640
00600010000000000000000510130000000009917360005000000000208264
00600010000000000000000510140000000008144630005000000000171037
00600010000000000000000510150000000004628100005000000000097190
00600010000000000000000510160000000004628100005000000000097190
00600010000000000000000510170000000032876030005000000000690397
00600010000000000000000510180000000009917360005000000000208264
00600010000000000000000510190000000008347110005000000000175289
00600010000000000000000510200000000006016530005000000000126347
00600010000000000000000510210000000009917360005000000000208264
00600010000000000000000510220000000013425620005000000000281938
00600010000000000000000510230000000005690080005000000000119492
00600010000000000000000510240000000004545450005000000000095455
00600010000000000000000510250000000006760330005000000000141967
00600010000000000000000510260000000021603310005000000000453669
00600010000000000000000510270000000002388430005000000000050157
00600010000000000000000510280000000003305790005000000000069421
00600010000000000000000510290000000004132230005000000000086777
00600010000000000000000510300000000004132230005000000000086777
00600010000000000000000510310000000004132230005000000000086777
00600010000000000000000510320000000004338840005000000000091116
00600010000000000000000510330000000012644630005000000000265537
00600010000000000000000510340000000004256200005000000000089380
00600010000000000000000510350000000018285120005000000000383988
00600010000000000000000510360000000035404960005000000000743504
00600010000000000000000510370000000015702480005000000000329752
00600010000000000000000510380000000009917360005000000000208264
00600010000000000000000510390000000005074380005000000000106562
00600010000000000000000510400000000067061980005000000001408302
00600010000000000000000510410000000007028930005000000000147607
00600010000000000000000510420000000009917360005000000000208264
00600010000000000000000510430000000004628100005000000000097190
00600010000000000000000510440000000007132230005000000000149777
00600010000000000000000510450000000003636360005000000000076364
00600010000000000000000510460000000004628100005000000000097190
00600010000000000000000510470000000003636360005000000000076364
00600010000000000000000510480000000004628100005000000000097190
00600010000000000000000510490000000009917360005000000000208264
00600010000000000000000510500000000009917360005000000000208264
00600010000000000000000510510000000009917360005000000000208264
00600010000000000000000510520000000007896690005000000000165831
00600010000000000000000510530000000003231400005000000000067860
00600010000000000000000510540000000016533060005000000000347194
00600010000000000000000510550000000007107440005000000000149256
00600010000000000000000510560000000030909090005000000000649091
00600010000000000000000510570000000008197440005000000000172146
00600010000000000000000510580000000019107460005000000000401257
00600010000000000000000510590000000023636390005000000000496364
00600010000000000000000510600000000009917360005000000000208264
00600010000000000000000510610000000022598260005000000000474564
00600010000000000000000510620000000020000000005000000000420000
00600010000000000000000510630000000049252070005000000001034293
00600010000000000000000510640000000118057850005000000002479215
00600010000000000000000510650000000006681820005000000000140318
00600010000000000000000510660000000001322310005000000000027769
00600010000000000000000510670000000008289270005000000000174075
00600010000000000000000510680000000015832640005000000000332486
00600010000000000000000510690000000020670090005000000000434072
00600010000000000000000510700000000026553720005000000000557628
00600010000000000000000510710000000024000020005000000000504001
00600010000000000000000510720000000007130180005000000000149734
00600010000000000000000510730000000042148760005000000000885124
00600010000000000000000510740000000052803830005000000001108880
00600010000000000000000510750000000005725210005000000000120229
00600010000000000000000510760000000007516530005000000000157847
00600010000000000000000510770000000004460750005000000000093676
00600010000000000000000510780000000004628100005000000000097190
00600010000000000000000510790000000022376030005000000000469897
00600010000000000000000510800000000229530710005000000004820145
00600010000000000000000510810000000011274820005000000000236771
00600010000000000000000510820000000045555860005000000000956673
00600010000000000000000510830000000013944280005000000000292830
00600010000000000000000510840000000053983470005000000001133653
00600010000000000000000510850000000004475500005000000000093986
00600010000000000000000510860000000010115700005000000000212430
00600010000000000000000510870000000037801650005000000000793835
00600010000000000000000510880000000005865700005000000000123180
00600010000000000000000510890000000038923550005000000000817395
00600010000000000000000510900000000003969010005000000000083349
00600010000000000000000510910000000004628100005000000000097190
00600010000000000000000510920000000042845040005000000000899746
00600010000000000000000510930000000001983470005000000000041653
00600010000000000000000510940000000009917360005000000000208264
00600010000000000000000510950000000004004130005000000000084087
00600010000000000000000510960000000020460740005000000000429676
00600010000000000000000510970000000014400830005000000000302417
00600010000000000000000510980000000013347110005000000000280289
00600010000000000000000510990000000033371900005000000000700810
00600010000000000000000511000000000068035130005000000001428738
00600010000000000000000511010000000094722310005000000001989169
00600010000000000000000511020000000042379340005000000000889966
00600010000000000000000511030000000003719010005000000000078099
00600010000000000000000511040000000003231400005000000000067860
00600010000000000000000511050000000012260330005000000000257467
00600010000000000000000511060000000031086790005000000000652823
00600010000000000000000511070000000007551650005000000000158585
00600010000000000000000511080000000020132260005000000000422777
00600010000000000000000511090000000056634300005000000001189320
00600010000000000000000511100000000012328510005000000000258899
00600010000000000000000511110000000011485540005000000000241196
00600010000000000000000511120000000021126030005000000000443647
00600010000000000000000511130000000009221070005000000000193643
00600010000000000000000511140000000019247930005000000000404207
00600010000000000000000511150000000018553720005000000000389628
00600010000000000000000511160000000013745450005000000000288655
00600010000000000000000511170000000004250000005000000000089250
00600010000000000000000511180000000002107440005000000000044256
00600010000000000000000511190000000012433880005000000000261112
00600010000000000000000511200000000011396690005000000000239331
00600010000000000000000511210000000010572310005000000000222019
00600010000000000000000511220000000046807850005000000000982965
00600010000000000000000511230000000009694210005000000000203579
00600010000000000000000511240000000006568190005000000000137932
00600010000000000000000511250000000011099170005000000000233083
00600010000000000000000511260000000010326450005000000000216855
00600010000000000000000511270000000009438020005000000000198198
00600010000000000000000511280000000031208710005000000000655383
00600010000000000000000511290000000021285120005000000000446988
00600010000000000000000511300000000091438020005000000001920198
00600010000000000000000511310000000011537190005000000000242281
00600010000000000000000511320000000004987600005000000000104740
00600010000000000000000511330000000003442150005000000000072285
00600010000000000000000511340000000002479340005000000000052066
00600010000000000000000511350000000015278930005000000000320858
00600010000000000000000511360000000001909090005000000000040091
00600010000000000000000511370000000016543390005000000000347411
00600010000000000000000511380000000002247930005000000000047207
00600010000000000000000511390000000045417440005000000000953766
00600010000000000000000511400000000007305790005000000000153421
00600010000000000000000511410000000004320260005000000000090725
00600010000000000000000511420000000016192150005000000000340035
00600010000000000000000511430000000029714900005000000000624013
00600010000000000000000511440000000006568180005000000000137932
00600010000000000000000511450000000003231400005000000000067860
00600010000000000000000511460000000013500000005000000000283500
00600010000000000000000511470000000009917360005000000000208264
00600010000000000000000511480000000009917360005000000000208264
00600010000000000000000511490000000009307850005000000000195465
00600010000000000000000511500000000008324380005000000000174812
00600010000000000000000511510000000009917360005000000000208264
00600010000000000000000511520000000012433900005000000000261112
00600010000000000000000511530000000013663270005000000000286929
00600010000000000000000511540000000016121910005000000000338560
00600010000000000000000511550000000205333880005000000004312012
00600010000000000000000511560000000058252890005000000001223311
00600010000000000000000511570000000060900000005000000001278900
00600010000000000000000511580000000027847960005000000000584807
00600010000000000000000511590000000008353720005000000000175428
00600010000000000000000511600000000063807020005000000001339948
00600010000000000000000511610000000012166950005000000000255506
00600010000000000000000511620000000167155370005000000003510263
00600010000000000000000511630000000130430580005000000002739042
00600010000000000000000511640000000043022310005000000000903469
00600010000000000000000511650000000009215700005000000000193530
00600010000000000000000511660000000008675620005000000000182188
00600010000000000000000511670000000029324380005000000000615812
00600010000000000000000511680000000029797520005000000000625748
00600010000000000000000511690000000087989690005000000001847783
00600010000000000000000511700000000002774790005000000000058271
00600010000000000000000511710000000067471070005000000001416893
00600010000000000000000511720000000016280990005000000000341901
00600010000000000000000511730000000013223140005000000000277686
00600010000000000000000511740000000162188430005000000003405957
00600010000000000000000511750000000025537190005000000000536281
00600010000000000000000511760000000051686180005000000001085410
00600010000000000000000511770000000018099170005000000000380083
00600010000000000000000511780000000019880170005000000000417483
00600010000000000000000511790000000005853720005000000000122928
00600010000000000000000511800000000031829380005000000000668417
00600010000000000000000511810000000036388470005000000000764158
00600010000000000000000511820000000010677690005000000000224231
00600010000000000000000511830000000009917360005000000000208264
00600010000000000000000511840000000007419420005000000000155808
00600010000000000000000511850000000008324380005000000000174812
00600010000000000000000511860000000009917360005000000000208264
00600010000000000000000511870000000002975210005000000000062479
00600010000000000000000511880000000034294210005000000000720179
00600010000000000000000511890000000040452890005000000000849511
00600010000000000000000511900000000009917360005000000000208264
00600010000000000000000511910000000006919420005000000000145308
00600010000000000000000511920000000061350000005000000001288350
00600010000000000000000511930000000007024790005000000000147521
00600010000000000000000511940000000002661160005000000000055884
00600010000000000000000511950000000016262410005000000000341511
00600010000000000000000511960000000009760330005000000000204967
00600010000000000000000511970000000007854510005000000000164945
00600010000000000000000511980000000073971070005000000001553393
00600010000000000000000511990000000005206610005000000000109339
00600010000000000000000512000000000008264460005000000000173554
00600010000000000000000512010000000008388430005000000000176157
00600010000000000000000512020000000007231400005000000000151860
00600010000000000000000512030000000013696290005000000000287622
00600010000000000000000512040000000004574380005000000000096062
00600010000000000000000512050000000098690080005000000002072492
00600010000000000000000512060000000066766530005000000001402097
00600010000000000000000512070000000013388430005000000000281157
00600010000000000000000512080000000124514460005000000002614804
00600010000000000000000512090000000024136360005000000000506864
00600010000000000000000512100000000016578530005000000000348149
00600010000000000000000512110000000011993820005000000000251870
00600010000000000000000512120000000008456360005000000000177584
00600010000000000000000512130000000011859500005000000000249050
00600010000000000000000512140000000005165290005000000000108471
00600010000000000000000512150000000003863640005000000000081136
00600010000000000000000512160000000027603310005000000000579669
00600010000000000000000512170000000026322310005000000000552769
00600010000000000000000512180000000010909090005000000000229091
00600010000000000000000512190000000078177690005000000001641731
00600010000000000000000512200000000007024810005000000000147521
00600010000000000000000512210000000009917360005000000000208264
00600010000000000000000512220000000005123970005000000000107603
00600010000000000000000512230000000031611570005000000000663843
00600010000000000000000512240000000059886470005000000001257616
00600010000000000000000512250000000041867970005000000000879227
00600010000000000000000512260000000013553720005000000000284628
00600010000000000000000512270000000056865700005000000001194180
00600010000000000000000512280000000018580590005000000000390192
00600010000000000000000512290000000012975210005000000000272479
00600010000000000000000512300000000007272730005000000000152727
00600010000000000000000512310000000010710740005000000000224926
00600010000000000000000512320000000045171650005000000000948605
00600010000000000000000512330000000027809920005000000000584008
00600010000000000000000512340000000004442150005000000000093285
00600010000000000000000512350000000019107440005000000000401256
00600010000000000000000512360000000009421490005000000000197851
00600010000000000000000512370000000021818180005000000000458182
00600010000000000000000512380000000012892560005000000000270744
00600010000000000000000512390000000024805790005000000000520921
00600010000000000000000512400000000008429750005000000000177025
00600010000000000000000512410000000020016530005000000000420347
00600010000000000000000512420000000001611570005000000000033843
00600010000000000000000512430000000007376030005000000000154897
00600010000000000000000512440000000011355370005000000000238463
00600010000000000000000512450000000006743800005000000000141620
00600010000000000000000512460000000010537190005000000000221281
00600010000000000000000512470000000015528930005000000000326107
00600010000000000000000512480000000017280990005000000000362901
00600010000000000000000512490000000012152890005000000000255211
00600010000000000000000512500000000029338840005000000000616116
00600010000000000000000512510000000027541320005000000000578368
00600010000000000000000512520000000034297520005000000000720248
00600010000000000000000512530000000053016530005000000001113347
00600010000000000000000512540000000019359500005000000000406550
00600010000000000000000512550000000009128100005000000000191690
00600010000000000000000512560000000018285120005000000000383988
00600010000000000000000512570000000017561980005000000000368802
00600010000000000000000512580000000017561980005000000000368802
00600010000000000000000512590000000026157020005000000000549298
00600010000000000000000512600000000003801650005000000000079835
00600010000000000000000512610000000002531730005000000000053166
00600010000000000000000512620000000023842980005000000000500702
00600010000000000000000512630000000003595040005000000000075496
00600010000000000000000512640000000003057850005000000000064215
00600010000000000000000512650000000044123970005000000000926603
00600010000000000000000512660000000019669420005000000000413058
00600010000000000000000512670000000004958680005000000000104132
00600010000000000000000512680000000066859500005000000001404050
00600010000000000000000512690000000009338840005000000000196116
00600010000000000000000512700000000004958680005000000000104132
00600010000000000000000512710000000004958680005000000000104132
00600010000000000000000512720000000018506200005000000000388630
00600010000000000000000512730000000041752070005000000000876793
00600010000000000000000512740000000009223140005000000000193686
00600010000000000000000512750000000013595040005000000000285496
00600010000000000000000512760000000004958680005000000000104132
00600010000000000000000512770000000009917360005000000000208264
00600010000000000000000512780000000004958680005000000000104132
00600010000000000000000512790000000004958680005000000000104132
00600010000000000000000512800000000020991740005000000000440826
00600010000000000000000512810000000004628100005000000000097190
00600010000000000000000512820000000007549590005000000000158541
00600010000000000000000512830000000002314050005000000000048595
00600010000000000000000512840000000014995040005000000000314896
00600010000000000000000512850000000012231400005000000000256860
00600010000000000000000512860000000003450410005000000000072459
00600010000000000000000512870000000006074380005000000000127562
00600010000000000000000512880000000002355370005000000000049463
00600010000000000000000512890000000019141320005000000000401968
00600010000000000000000512900000000023176860005000000000486714
00600010000000000000000512910000000016322310005000000000342769
00600010000000000000000512920000000268842150005000000005645685
00600010000000000000000512930000000025363640005000000000532636
00600010000000000000000512940000000025979340005000000000545566
00600010000000000000000512950000000032153390005000000000675221
00600010000000000000000512960000000022423140005000000000470886
00600010000000000000000512970000000006859500005000000000144050
00600010000000000000000512980000000021214900005000000000445513
00600010000000000000000512990000000032208700005000000000676383
00600010000000000000000513000000000019421490005000000000407851
00600010000000000000000513010000000019586780005000000000411322
00600010000000000000000513020000000030975210005000000000650479
00600010000000000000000513030000000030082640005000000000631736
00600010000000000000000513040000000028231400005000000000592860
00600010000000000000000513050000000012892560005000000000270744
00600010000000000000000513060000000039599170005000000000831583
00600010000000000000000513070000000012892560005000000000270744
00600010000000000000000513080000000012892560005000000000270744
00600010000000000000000513090000000012892560005000000000270744
00600010000000000000000513100000000016859500005000000000354050
00600010000000000000000513110000000033144630005000000000696037
00600010000000000000000513120000000099632230005000000002092277
00600010000000000000000513130000000012892560005000000000270744
00600010000000000000000513140000000004628100005000000000097190
00600010000000000000000513150000000004628100005000000000097190
00600010000000000000000513160000000005454550005000000000114545
00600010000000000000000513170000000018181820005000000000381818
00600010000000000000000513180000000003421490005000000000071851
00600010000000000000000513190000000021049590005000000000442041
00600010000000000000000513200000000034958680005000000000734132
00600010000000000000000513210000000004628100005000000000097190
00600010000000000000000513220000000029338840005000000000616116
00600010000000000000000513230000000032107440005000000000674256
00600010000000000000000513240000000040677690005000000000854231
00600010000000000000000513250000000013053720005000000000274128
00600010000000000000000513260000000017933880005000000000376612
00600010000000000000000513270000000009917360005000000000208264
00600010000000000000000513280000000004958680005000000000104132
00600010000000000000000513290000000009917360005000000000208264
00600010000000000000000513300000000051793390005000000001087661
00600010000000000000000513310000000003388430005000000000071157
00600010000000000000000513320000000000991740005000000000020826
00600010000000000000000513330000000027221100005000000000571643
00600010000000000000000513340000000007867770005000000000165223
00600010000000000000000513350000000027066120005000000000568388
00600010000000000000000513360000000052524790005000000001103021
00600010000000000000000513370000000014355370005000000000301463
00600010000000000000000513380000000222413220005000000004670678
00600010000000000000000513390000000004570250005000000000095975
00600010000000000000000513400000000005289260005000000000111074
00600010000000000000000513410000000006578510005000000000138149
00600010000000000000000513420000000012892560005000000000270744
00600010000000000000000513430000000047045450005000000000987955
00600010000000000000000513440000000010950410005000000000229959
00600010000000000000000513450000000031280990005000000000656901
00600010000000000000000513460000000022016530005000000000462347
00600010000000000000000513470000000015243800005000000000320120
00600010000000000000000513480000000034090910005000000000715909
00600010000000000000000513490000000003057850005000000000064215
00600010000000000000000513500000000044504130005000000000934587
00600010000000000000000513510000000020743800005000000000435620
00600010000000000000000513520000000011942150005000000000250785
00600010000000000000000513530000000008305790005000000000174421
00600010000000000000000513540000000015793390005000000000331661
00600010000000000000000513550000000023504130005000000000493587
00600010000000000000000513560000000014020660005000000000294434
00600010000000000000000513570000000009917360005000000000208264
00600010000000000000000513580000000003198350005000000000067165
00600010000000000000000513590000000018987600005000000000398740
00600010000000000000000513600000000014140500005000000000296950
00600010000000000000000513610000000004847110005000000000101789
00600010000000000000000513620000000028471070005000000000597893
00600010000000000000000513630000000013355370005000000000280463
00600010000000000000000513640000000000198350005000000000004165
00600010000000000000000513650000000021250000005000000000446250
00600010000000000000000513660000000004958680005000000000104132
00600010000000000000000513670000000014541320005000000000305368
00600010000000000000000513680000000025710740005000000000539926
00600010000000000000000513690000000093978540005000000001973549
00600010000000000000000513700000000012892560005000000000270744
00600010000000000000000513710000000002272730005000000000047727
00600010000000000000000513720000000012469010005000000000261849
00600010000000000000000513730000000012644630005000000000265537
00600010000000000000000513740000000008008260005000000000168174
00600010000000000000000513750000000009008260005000000000189174
00600010000000000000000513760000000136719010005000000002871099
00600010000000000000000513770000000166339260005000000003493124
00600010000000000000000513780000000051198350005000000001075165
00600010000000000000000513790000000013016530005000000000273347
00600010000000000000000513800000000014049590005000000000295041
00600010000000000000000513810000000015524790005000000000326021
00600010000000000000000513820000000050661160005000000001063884
00600010000000000000000513830000000013471070005000000000282893
00600010000000000000000513840000000015537190005000000000326281
00600010000000000000000513850000000008008260005000000000168174
00600010000000000000000513860000000024940080005000000000523742
00600010000000000000000513870000000021652890005000000000454711
00600010000000000000000513880000000049504130005000000001039587
00600010000000000000000513890000000068933880005000000001447612
00600010000000000000000513900000000025673550005000000000539145
00600010000000000000000513910000000043760330005000000000918967
00600010000000000000000513920000000018057850005000000000379215
00600010000000000000000513930000000009049590005000000000190041
00600010000000000000000513940000000015884300005000000000333570
00600010000000000000000513950000000045309920005000000000951508
00600010000000000000000513960000000018801650005000000000394835
00600010000000000000000513970000000018976450005000000000398505
00600010000000000000000513980000000016322310005000000000342769
00600010000000000000000513990000000016239670005000000000341033
00600010000000000000000514000000000020537190005000000000431281
00600010000000000000000514010000000022148760005000000000465124
00600010000000000000000514020000000009917360005000000000208264
00600010000000000000000514030000000016363640005000000000343636
00600010000000000000000514040000000026363640005000000000553636
00600010000000000000000514050000000026285120005000000000551988
00600010000000000000000514060000000014710740005000000000308926
00600010000000000000000514070000000009917360005000000000208264
00600010000000000000000514080000000009917360005000000000208264
00600010000000000000000514090000000015661160005000000000328884
00600010000000000000000514100000000017727270005000000000372273
00600010000000000000000514110000000028181820005000000000591818
00600010000000000000000514120000000040950410005000000000859959
00600010000000000000000514130000000010132230005000000000212777
00600010000000000000000514140000000014727270005000000000309273
00600010000000000000000514150000000020330580005000000000426942
00600010000000000000000514160000000070669420005000000001484058
00600010000000000000000514170000000095777270005000000002011323
00600010000000000000000514180000000041115700005000000000863430
00600010000000000000000514190000000030957440005000000000650106
00600010000000000000000514200000000009462810005000000000198719
00600010000000000000000514210000000013140500005000000000275950
00600010000000000000000514220000000014380170005000000000301983
00600010000000000000000514230000000008561980005000000000179802
00600010000000000000000514240000000002479340005000000000052066
00600010000000000000000514250000000004016530005000000000084347
00600010000000000000000514260000000020371900005000000000427810
00600010000000000000000514270000000052252070005000000001097293
00600010000000000000000514280000000021074380005000000000442562
00600010000000000000000514290000000011115700005000000000233430
00600010000000000000000514300000000003801650005000000000079835
00600010000000000000000514310000000021322310005000000000447769
00600010000000000000000514320000000014260330005000000000299467
00600010000000000000000514330000000007400830005000000000155417
00600010000000000000000514340000000002495870005000000000052413
00600010000000000000000514350000000006652890005000000000139711
00600010000000000000000514360000000019504130005000000000409587
00600010000000000000000514370000000020661160005000000000433884
00600010000000000000000514380000000025549590005000000000536541
00600010000000000000000514390000000012272730005000000000257727
00600010000000000000000514400000000010289260005000000000216074
00600010000000000000000514410000000003553720005000000000074628
00600010000000000000000514420000000158190080005000000003321992
00600010000000000000000514430000000113545450005000000002384455
00600010000000000000000514440000000036859500005000000000774050
00600010000000000000000514450000000029008260005000000000609174
00600010000000000000000514460000000029041740005000000000609876
00600010000000000000000514470000000008595040005000000000180496
00600010000000000000000514480000000004049590005000000000085041
00600010000000000000000514490000000072871900005000000001530310
00600010000000000000000514500000000018636360005000000000391364
00600010000000000000000514510000000042210790005000000000886427
00600010000000000000000514520000000010264460005000000000215554
00600010000000000000000514530000000009595040005000000000201496
00600010000000000000000514540000000020206610005000000000424339
00600010000000000000000514550000000014504130005000000000304587
00600010000000000000000514560000000027231400005000000000571860
00600010000000000000000514570000000036983470005000000000776653
00600010000000000000000514580000000005165290005000000000108471
00600010000000000000000514590000000002584380005000000000054272
00600010000000000000000514600000000017107440005000000000359256
00800010000000000000000015430000000017561980005000000000368802
00800010000000000000000015440000000017561980005000000000368802
00800010000000000000000015450000000021033060005000000000441694
00800010000000000000000015460000000018987600005000000000398740
00800010000000000000000015470000000021250000005000000000446250
00800010000000000000000015480000000020371900005000000000427810
00100011000000000000000018510000000007190060005000000000150991
00100011000000000000000018520000000016942150005000000000355785
00100011000000000000000018530000000055413220005000000001163678
00100011000000000000000018540000000008892560005000000000186744
00100011000000000000000018550000000020909080005000000000439091
00100011000000000000000018560000000025041320005000000000525868
00100011000000000000000018570000000068553670005000000001439627
00100011000000000000000018580000000005198350005000000000109165
00100011000000000000000018590000000059504130005000000001249587
00100011000000000000000018600000000084917360005000000001783264
00100011000000000000000018610000000041776880005000000000877315
00100011000000000000000018620000000051446230005000000001080371
00100011000000000000000018630000000071776860005000000001507314
00100011000000000000000018640000000017231380005000000000361859
00100011000000000000000018650000000074132230005000000001556777
00100011000000000000000018660000000075371900005000000001582810
00100011000000000000000018670000000005619830005000000000118016
00100011000000000000000018680000000129545450005000000002720455
00100011000000000000000018690000000123347110005000000002590289
00100011000000000000000018700000000101404960005000000002129504
00100011000000000000000018710000000012892560005000000000270744
00100011000000000000000018720000000088636360005000000001861364
00100011000000000000000018730000000081818180005000000001718182
00100011000000000000000018740000000133595040005000000002805496
00600011000000000000000350140000000014206240005000000000298331
00600011000000000000000350150000000014206260005000000000298331
00600011000000000000000350160000000009917360005000000000208264
00600011000000000000000350170000000005268600005000000000110641
00600011000000000000000350180000000011570240005000000000242975
00600011000000000000000350190000000007272730005000000000152727
00600011000000000000000350200000000007851220005000000000164876
00600011000000000000000350210000000015619830005000000000328017
00600011000000000000000350220000000012231400005000000000256860
00600011000000000000000350230000000020702480005000000000434752
00600011000000000000000350240000000006942130005000000000145785
00600011000000000000000350250000000017851240005000000000374876
00600011000000000000000350260000000006549600005000000000137542
00600011000000000000000350270000000018285100005000000000383987
00600011000000000000000350280000000003471070005000000000072893
00600011000000000000000350290000000008140500005000000000170950
00600011000000000000000350300000000004462810005000000000093719
00600011000000000000000350310000000016198350005000000000340165
00600011000000000000000350320000000004297520005000000000090248
00600011000000000000000350330000000037630150005000000000790233
00600011000000000000000350340000000003388430005000000000071157
00600011000000000000000350350000000102149000005000000002145129
00600011000000000000000350360000000011904950005000000000250004
00600011000000000000000350370000000017561980005000000000368802
00600011000000000000000350380000000004239670005000000000089033
00600011000000000000000350390000000004268600005000000000089641
00600011000000000000000350400000000006871910005000000000144310
00600011000000000000000350410000000017737590005000000000372489
00600011000000000000000350420000000030247930005000000000635207
00600011000000000000000350430000000026776900005000000000562315
00600011000000000000000350440000000001295870005000000000027213
00600011000000000000000350450000000015840910005000000000332659
00600011000000000000000350460000000020477270005000000000430023
00600011000000000000000350470000000008264460005000000000173554
00600011000000000000000350480000000004239670005000000000089033
00600011000000000000000350490000000015700410005000000000329709
00600011000000000000000350500000000021859480005000000000459049
00600011000000000000000350510000000005578510005000000000117149
00600011000000000000000350520000000005289260005000000000111074
00600011000000000000000350530000000008183890005000000000171862
00600011000000000000000350540000000018285100005000000000383987
00600011000000000000000350550000000006421490005000000000134851
00600011000000000000000350560000000015289250005000000000321074
00600011000000000000000350570000000009917360005000000000208264
00600011000000000000000350580000000008842980005000000000185702
00600011000000000000000350590000000003801650005000000000079835
00600011000000000000000350600000000011415290005000000000239721
00600011000000000000000350610000000019173550005000000000402645
00600011000000000000000350620000000020909080005000000000439091
00600011000000000000000350630000000019090910005000000000400909
00600011000000000000000350640000000009173550005000000000192645
00600011000000000000000350650000000032735540005000000000687446
00600011000000000000000350660000000002458680005000000000051632
00600011000000000000000350670000000027547170005000000000578491
00600011000000000000000350680000000027024790005000000000567521
00600011000000000000000350690000000048553720005000000001019628
00600011000000000000000350700000000045766540005000000000961097
00600011000000000000000350710000000017865700005000000000375180
00600011000000000000000350720000000009917360005000000000208264
00600011000000000000000350730000000009917360005000000000208264
00600011000000000000000350740000000009917360005000000000208264
00600011000000000000000350750000000009342980005000000000196202
00600011000000000000000350760000000007657020005000000000160798
00600011000000000000000350770000000099826450005000000002096355
00600011000000000000000350780000000010599920005000000000222598
00600011000000000000000350790000000007657030005000000000160798
00600011000000000000000350800000000015735540005000000000330446
00600011000000000000000350810000000012072310005000000000253519
00600011000000000000000350820000000001128530005000000000023699
00600011000000000000000350830000000016121910005000000000338560
00600011000000000000000350840000000006146690005000000000129081
00600011000000000000000350850000000020090910005000000000421909
00600011000000000000000350860000000035404950005000000000743504
00600011000000000000000350870000000010537180005000000000221281
00600011000000000000000350880000000014646690005000000000307581
00600011000000000000000350890000000009917360005000000000208264
00600011000000000000000350900000000009917360005000000000208264
00600011000000000000000350910000000018861570005000000000396093
00600011000000000000000350920000000008264460005000000000173554
00600011000000000000000350930000000012223140005000000000256686
00600011000000000000000350940000000022361670005000000000469595
00600011000000000000000350950000000033508270005000000000703674
00600011000000000000000350960000000033508270005000000000703674
00600011000000000000000350970000000000198350005000000000004165
00600011000000000000000350980000000009917360005000000000208264
00600011000000000000000350990000000011064050005000000000232345
00600011000000000000000351000000000009917360005000000000208264
00600011000000000000000351010000000005454550005000000000114545
00600011000000000000000351020000000012398760005000000000260374
00600011000000000000000351030000000005303720005000000000111378
00600011000000000000000351040000000009917360005000000000208264
00600011000000000000000351050000000009917360005000000000208264
00600011000000000000000351060000000030382230005000000000638027
00600011000000000000000351070000000034275380005000000000719783
00600011000000000000000351080000000002528930005000000000053107
00600011000000000000000351090000000032033070005000000000672694
00600011000000000000000351100000000002242320005000000000047089
00600011000000000000000351110000000010958680005000000000230132
00600011000000000000000351120000000013471080005000000000282893
00600011000000000000000351130000000009917360005000000000208264
00600011000000000000000351140000000027097110005000000000569039
00600011000000000000000351150000000009917360005000000000208264
00600011000000000000000351160000000049278990005000000001034859
00600011000000000000000351170000000028506230005000000000598631
00600011000000000000000351180000000021012910005000000000441271
00600011000000000000000351190000000010661160005000000000223884
00600011000000000000000351200000000009983470005000000000209653
00600011000000000000000351210000000007481400005000000000157110
00600011000000000000000351220000000004285120005000000000089988
00600011000000000000000351230000000030628090005000000000643190
00600011000000000000000351240000000009917360005000000000208264
00600011000000000000000351250000000009917360005000000000208264
00600011000000000000000351260000000014506200005000000000304630
00600011000000000000000351270000000001404960005000000000029504
00600011000000000000000351280000000005654960005000000000118754
00600011000000000000000351290000000013305780005000000000279421
00600011000000000000000351300000000005557850005000000000116715
00600011000000000000000351310000000004256200005000000000089380
00600011000000000000000351320000000010431820005000000000219068
00600011000000000000000351330000000016613670005000000000348887
00600011000000000000000351340000000017456600005000000000366589
00600011000000000000000351350000000010396690005000000000218331
00600011000000000000000351360000000003020660005000000000063434
00600011000000000000000351370000000003582640005000000000075236
00600011000000000000000351380000000003863640005000000000081136
00600011000000000000000351390000000006287190005000000000132031
00600011000000000000000351400000000036739700005000000000771534
00600011000000000000000351410000000008605370005000000000180713
00600011000000000000000351420000000037126040005000000000779647
00600011000000000000000351430000000009917360005000000000208264
00600011000000000000000351440000000014822310005000000000311269
00600011000000000000000351450000000022619830005000000000475017
00600011000000000000000351460000000007605370005000000000159713
00600011000000000000000351470000000013107450005000000000275256
00600011000000000000000351480000000004566120005000000000095888
00600011000000000000000351490000000002247930005000000000047207
00600011000000000000000351500000000019669420005000000000413058
00600011000000000000000351510000000007024790005000000000147521
00600011000000000000000351520000000005479340005000000000115066
00600011000000000000000351530000000006778930005000000000142357
00600011000000000000000351540000000003231410005000000000067860
00600011000000000000000351550000000020652890005000000000433711
00600011000000000000000351560000000002479340005000000000052066
00600011000000000000000351570000000010384300005000000000218070
00600011000000000000000351580000000005041320005000000000105868
00600011000000000000000351590000000041446290005000000000870372
00600011000000000000000351600000000023322310005000000000489768
00600011000000000000000351610000000016438020005000000000345198
00600011000000000000000351620000000054371890005000000001141810
00600011000000000000000351630000000009917360005000000000208264
00600011000000000000000351640000000052685950005000000001106405
00600011000000000000000351650000000004055170005000000000085159
00600011000000000000000351660000000009917360005000000000208264
00600011000000000000000351670000000022163230005000000000465428
00600011000000000000000351680000000008464880005000000000177762
00600011000000000000000351690000000010454550005000000000219545
00600011000000000000000351700000000009917360005000000000208264
00600011000000000000000351710000000009917360005000000000208264
00600011000000000000000351720000000038607440005000000000810756
00600011000000000000000351730000000009343000005000000000196203
00600011000000000000000351740000000021495890005000000000451414
00600011000000000000000351750000000020371890005000000000427810
00600011000000000000000351760000000011626030005000000000244147
00600011000000000000000351770000000002396690005000000000050331
00600011000000000000000351780000000009917360005000000000208264
00600011000000000000000351790000000002008260005000000000042173
00600011000000000000000351800000000017948350005000000000376915
00600011000000000000000351810000000008264460005000000000173554
00600011000000000000000351820000000003055790005000000000064171
00600011000000000000000351830000000009917360005000000000208264
00600011000000000000000351840000000008500000005000000000178500
00600011000000000000000351850000000004706610005000000000098839
00600011000000000000000351860000000005654960005000000000118754
00600011000000000000000351870000000009917360005000000000208264
00600011000000000000000351880000000003758260005000000000078924
00600011000000000000000351890000000007586780005000000000159322
00600011000000000000000351900000000011367770005000000000238723
00600011000000000000000351910000000004250000005000000000089250
00600011000000000000000351920000000013873970005000000000291353
00600011000000000000000351930000000011709020005000000000245889
00600011000000000000000351940000000007290930005000000000153110
00600011000000000000000351950000000086578430005000000001818147
00600011000000000000000351960000000016121910005000000000338560
00600011000000000000000351970000000020413230005000000000428678
00600011000000000000000351980000000010853310005000000000227919
00600011000000000000000351990000000005198350005000000000109165
00600011000000000000000352000000000009917360005000000000208264
00600011000000000000000352010000000013508260005000000000283674
00600011000000000000000352020000000007862130005000000000165105
00600011000000000000000352030000000026272760005000000000551728
00600011000000000000000352040000000021214870005000000000445512
00600011000000000000000352050000000004355370005000000000091463
00600011000000000000000352060000000010537190005000000000221281
00600011000000000000000352070000000009917360005000000000208264
00600011000000000000000352080000000005169410005000000000108558
00600011000000000000000352090000000009917360005000000000208264
00600011000000000000000352100000000018369830005000000000385767
00600011000000000000000352110000000008181820005000000000171818
00600011000000000000000352120000000009623970005000000000202103
00600011000000000000000352130000000019834710005000000000416529
00600011000000000000000352140000000031822320005000000000668269
00600011000000000000000352150000000032355370005000000000679463
00600011000000000000000352160000000009917360005000000000208264
00600011000000000000000352170000000009917360005000000000208264
00600011000000000000000352180000000011033070005000000000231694
00600011000000000000000352190000000013136360005000000000275864
00600011000000000000000352200000000034834710005000000000731529
00600011000000000000000352210000000009917360005000000000208264
00600011000000000000000352220000000002495870005000000000052413
00600011000000000000000352230000000021281010005000000000446901
00600011000000000000000352240000000017735520005000000000372446
00600011000000000000000352250000000016198350005000000000340165
00600011000000000000000352260000000001720000005000000000036120
00600011000000000000000352270000000060991740005000000001280826
00600011000000000000000352280000000020033060005000000000420694
00600011000000000000000352290000000004793390005000000000100661
00600011000000000000000352300000000009917360005000000000208264
00600011000000000000000352310000000009917360005000000000208264
00600011000000000000000352320000000029047570005000000000609999
00600011000000000000000352330000000012851220005000000000269876
00600011000000000000000352340000000002809920005000000000059008
00600011000000000000000352350000000003652890005000000000076711
00600011000000000000000352360000000009917360005000000000208264
00600011000000000000000352370000000045330540005000000000951941
00600011000000000000000352380000000008264460005000000000173554
00600011000000000000000352390000000003198350005000000000067165
00600011000000000000000352400000000015074380005000000000316562
00600011000000000000000352410000000003698350005000000000077665
00600011000000000000000352420000000003388430005000000000071157
00600011000000000000000352430000000029146290005000000000612072
00600011000000000000000352440000000009917360005000000000208264
00600011000000000000000352450000000030537190005000000000641281
00600011000000000000000352460000000005303720005000000000111378
00600011000000000000000352470000000023264470005000000000488554
00600011000000000000000352480000000003264460005000000000068554
00600011000000000000000352490000000002318180005000000000048682
00600011000000000000000352500000000017491730005000000000367326
00600011000000000000000352510000000004958680005000000000104132
00600011000000000000000352520000000001239670005000000000026033
00600011000000000000000352530000000003057850005000000000064215
00600011000000000000000352540000000003867770005000000000081223
00600011000000000000000352550000000065064470005000000001366354
00600011000000000000000352560000000010045450005000000000210955
00600011000000000000000352570000000011709020005000000000245889
00600011000000000000000352580000000053355400005000000001120463
00600011000000000000000352590000000031115700005000000000653430
00600011000000000000000352600000000006252070005000000000131293
00600011000000000000000352610000000019247930005000000000404207
00600011000000000000000352620000000018016530005000000000378347
00600011000000000000000352630000000009917360005000000000208264
00600011000000000000000352640000000009917360005000000000208264
00600011000000000000000352650000000036942150005000000000775785
00600011000000000000000352660000000053305790005000000001119421
00600011000000000000000352670000000018196290005000000000382122
00600011000000000000000352680000000009378100005000000000196940
00600011000000000000000352690000000018861570005000000000396093
00600011000000000000000352700000000018264460005000000000383554
00600011000000000000000352710000000003126040005000000000065647
00600011000000000000000352720000000015419440005000000000323808
00600011000000000000000352730000000002677690005000000000056231
00600011000000000000000352740000000018285100005000000000383987
00600011000000000000000352750000000034297530005000000000720248
00600011000000000000000352760000000076404940005000000001604504
00600011000000000000000352770000000003055790005000000000064171
00600011000000000000000352780000000013223140005000000000277686
00600011000000000000000352790000000010413220005000000000218678
00600011000000000000000352800000000016775130005000000000352278
00600011000000000000000352810000000003719010005000000000078099
00600011000000000000000352820000000003471070005000000000072893
00600011000000000000000352830000000009694220005000000000203579
00600011000000000000000352840000000014640500005000000000307450
00600011000000000000000352850000000009917360005000000000208264
00600011000000000000000352860000000005785120005000000000121488
00600011000000000000000352870000000025702480005000000000539752
00600011000000000000000352880000000012433140005000000000261096
00600011000000000000000352890000000013311980005000000000279552
00600011000000000000000352900000000029925620005000000000628438
00600011000000000000000352910000000010743790005000000000225620
00600011000000000000000352920000000008842970005000000000185702
00600011000000000000000352930000000006776860005000000000142314
00600011000000000000000352940000000024214870005000000000508512
00600011000000000000000352950000000031322330005000000000657769
00600011000000000000000352960000000004628100005000000000097190
00600011000000000000000352970000000012892560005000000000270744
00600011000000000000000352980000000010041320005000000000210868
00600011000000000000000352990000000014421480005000000000302851
00600011000000000000000353000000000082314080005000000001728596
00600011000000000000000353010000000004628100005000000000097190
00600011000000000000000353020000000039303720005000000000825378
00600011000000000000000353030000000009623970005000000000202103
00600011000000000000000353040000000006281000005000000000131901
00600011000000000000000353050000000009917360005000000000208264
00600011000000000000000353060000000003801650005000000000079835
00600011000000000000000353070000000001157020005000000000024297
00600011000000000000000353080000000010743800005000000000225620
00600011000000000000000353090000000009917360005000000000208264
00600011000000000000000353100000000002950410005000000000061959
00600011000000000000000353110000000020000000005000000000420000
00600011000000000000000353120000000020569480005000000000431959
00600011000000000000000353130000000002123670005000000000044597
00600011000000000000000353140000000014576450005000000000306105
00600011000000000000000353150000000001900830005000000000039917
00600011000000000000000353160000000045123970005000000000947603
00600011000000000000000353170000000009975200005000000000209479
00600011000000000000000353180000000014884300005000000000312570
00600011000000000000000353190000000011380170005000000000238983
00600011000000000000000353200000000003421490005000000000071851
00600011000000000000000353210000000004388430005000000000092157
00600011000000000000000353220000000007107440005000000000149256
00600011000000000000000353230000000009917360005000000000208264
00600011000000000000000353240000000018636360005000000000391363
00600011000000000000000353250000000051000000005000000001071000
00600011000000000000000353260000000010661160005000000000223884
00600011000000000000000353270000000042438020005000000000891198
00600011000000000000000353280000000009214880005000000000193512
00600011000000000000000353290000000005785120005000000000121488
00600011000000000000000353300000000004743800005000000000099620
00600011000000000000000353310000000013557850005000000000284715
00600011000000000000000353320000000007768590005000000000163140
00600011000000000000000353330000000010247930005000000000215207
00600011000000000000000353340000000049747930005000000001044706
00600011000000000000000353350000000021115700005000000000443430
00600011000000000000000353360000000007024790005000000000147521
00600011000000000000000353370000000024731410005000000000519360
00600011000000000000000353380000000005123970005000000000107603
00600011000000000000000353390000000071739670005000000001506533
00600011000000000000000353400000000073620720005000000001546035
00600011000000000000000353410000000003229820005000000000067826
00600011000000000000000353420000000008442160005000000000177285
00600011000000000000000353430000000034921490005000000000733351
00600011000000000000000353440000000055495850005000000001165413
00600011000000000000000353450000000004239670005000000000089033
00600011000000000000000353460000000018429750005000000000387025
00600011000000000000000353470000000002975210005000000000062479
00600011000000000000000353480000000043719000005000000000918099
00600011000000000000000353490000000012892560005000000000270744
00600011000000000000000353500000000011570250005000000000242975
00600011000000000000000353510000000007987600005000000000167740
00600011000000000000000353520000000004090900005000000000085909
00600011000000000000000353530000000017919410005000000000376308
00600011000000000000000353540000000004500000005000000000094500
00600011000000000000000353550000000005057840005000000000106215
00600011000000000000000353560000000019586780005000000000411322
00600011000000000000000353570000000004446280005000000000093372
00600011000000000000000353580000000001404960005000000000029504
00600011000000000000000353590000000011417360005000000000239764
00600011000000000000000353600000000007024790005000000000147521
00600011000000000000000353610000000009249690005000000000194244
00600011000000000000000353620000000042148800005000000000885125
00600011000000000000000353630000000008590900005000000000180409
00600011000000000000000353640000000014876030005000000000312397
00600011000000000000000353650000000019586780005000000000411322
00600011000000000000000353660000000036033090005000000000756695
00600011000000000000000353670000000030909090005000000000649091
00600011000000000000000353680000000012892560005000000000270744
00600011000000000000000353690000000022892560005000000000480744
00600011000000000000000353700000000006173550005000000000129645
00600011000000000000000353710000000006115700005000000000128430
00600011000000000000000353720000000012892560005000000000270744
00600011000000000000000353730000000017008260005000000000357174
00600011000000000000000353740000000026009030005000000000546190
00600011000000000000000353750000000027933880005000000000586611
00600011000000000000000353760000000021446280005000000000450372
00600011000000000000000353770000000005785120005000000000121488
00600011000000000000000353780000000009917360005000000000208264
00600011000000000000000353790000000002148760005000000000045124
00600011000000000000000353800000000014876030005000000000312397
00600011000000000000000353810000000009917360005000000000208264
00600011000000000000000353820000000001632230005000000000034277
00600011000000000000000353830000000005190080005000000000108992
00600011000000000000000353840000000005289260005000000000111074
00600011000000000000000353850000000028553720005000000000599628
00600011000000000000000353860000000001632230005000000000034277
00600011000000000000000353870000000025049110005000000000526031
00600011000000000000000353880000000012809920005000000000269008
00600011000000000000000353890000000015578510005000000000327149
00600011000000000000000353900000000009917360005000000000208264
00600011000000000000000353910000000025661160005000000000538884
00600011000000000000000353920000000012107400005000000000254255
00600011000000000000000353930000000022355370005000000000469463
00600011000000000000000353940000000005702480005000000000119752
00600011000000000000000353950000000033760350005000000000708967
00600011000000000000000353960000000004628100005000000000097190
00600011000000000000000353970000000009214880005000000000193512
00600011000000000000000353980000000012892560005000000000270744
00600011000000000000000353990000000005371900005000000000112810
00600011000000000000000354000000000031727270005000000000666273
00600011000000000000000354010000000008264460005000000000173554
00600011000000000000000354020000000009917360005000000000208264
00600011000000000000000354030000000017105370005000000000359213
00600011000000000000000354040000000009446280005000000000198372
00600011000000000000000354050000000003553720005000000000074628
00600011000000000000000354060000000037933880005000000000796612
00600011000000000000000354070000000010502070005000000000220543
00600011000000000000000354080000000003553720005000000000074628
00600011000000000000000354090000000008264460005000000000173554
00600011000000000000000354100000000023078910005000000000484657
00600011000000000000000354110000000014958680005000000000314132
00600011000000000000000354120000000022892550005000000000480744
00600011000000000000000354130000000004958680005000000000104132
00600011000000000000000354140000000007411160005000000000155634
00600011000000000000000354150000000016620180005000000000349024
00600011000000000000000354160000000004132230005000000000086777
00600011000000000000000354170000000003884300005000000000081570
00600011000000000000000354180000000005619830005000000000118016
00600011000000000000000354190000000056859510005000000001194050
00600011000000000000000354200000000003644630005000000000076537
00600011000000000000000354210000000004876030005000000000102397
00600011000000000000000354220000000004545450005000000000095454
00600011000000000000000354230000000004702480005000000000098752
00600011000000000000000354240000000004500000005000000000094500
00600011000000000000000354250000000005132230005000000000107777
00600011000000000000000354260000000004958680005000000000104132
00600011000000000000000354270000000004958680005000000000104132
00600011000000000000000354280000000009917360005000000000208264
00600011000000000000000354290000000009958680005000000000209132
00600011000000000000000354300000000021109500005000000000443299
00600011000000000000000354310000000014669420005000000000308058
00800011000000000000000009560000000014206240005000000000298331
00800011000000000000000009570000000004268600005000000000089641
00800011000000000000000009580000000012161160005000000000255384
00800011000000000000000009590000000007657020005000000000160798
00800011000000000000000009600000000033508270005000000000703674
00800011000000000000000009610000000034275380005000000000719783
00800011000000000000000009620000000005479340005000000000115066
00800011000000000000000009630000000003617770005000000000075973
00800011000000000000000009640000000001632230005000000000034277
00800011000000000000000009650000000004039260005000000000084824
00800011000000000000000009660000000016620180005000000000349024
00100012000000000000000014370000000053099170005000000001115083
00100012000000000000000014380000000027933880005000000000586611
00100012000000000000000014390000000002966120005000000000062288
00100012000000000000000014400000000016942130005000000000355785
00100012000000000000000014410000000004173550005000000000087645
00100012000000000000000014420000000013884300005000000000291570
00100012000000000000000014430000000032628100005000000000685190
00100012000000000000000014440000000010210740005000000000214426
00100012000000000000000014450000000011429750005000000000240025
00100012000000000000000014460000000030570280005000000000641976
00100012000000000000000014470000000005842980005000000000122702
00100012000000000000000014480000000009019840005000000000189417
00100012000000000000000014490000000028896690005000000000606831
00100012000000000000000014500000000013595040005000000000285496
00100012000000000000000014510000000019462810005000000000408719
00100012000000000000000014520000000035330590005000000000741942
00100012000000000000000014530000000052731390005000000001107359
00100012000000000000000014540000000009545450005000000000200455
00100012000000000000000014550000000005000000005000000000105000
00100012000000000000000014560000000020330580005000000000426942
00100012000000000000000014570000000013388420005000000000281157
00300012000000000000000000560000000013884300005000000000291570
00300012000000000000000000570000000013595040005000000000285496
00600012000000000000000268200000000033595050005000000000705496
00600012000000000000000268210000000040288590005000000000846060
00600012000000000000000268220000000014008270005000000000294174
00600012000000000000000268230000000002495870005000000000052413
00600012000000000000000268240000000001487600005000000000031240
00600012000000000000000268250000000009917360005000000000208264
00600012000000000000000268260000000008264460005000000000173554
00600012000000000000000268270000000018471070005000000000387893
00600012000000000000000268280000000008264460005000000000173554
00600012000000000000000268290000000007520650005000000000157934
00600012000000000000000268300000000013595040005000000000285496
00600012000000000000000268310000000004132230005000000000086777
00600012000000000000000268320000000012892560005000000000270744
00600012000000000000000268330000000017479350005000000000367066
00600012000000000000000268340000000029214880005000000000613512
00600012000000000000000268350000000022024790005000000000462520
00600012000000000000000268360000000004917360005000000000103264
00600012000000000000000268370000000014380170005000000000301983
00600012000000000000000268380000000001652890005000000000034711
00600012000000000000000268390000000006074370005000000000127562
00600012000000000000000268400000000002148760005000000000045124
00600012000000000000000268410000000008016520005000000000168347
00600012000000000000000268420000000021694180005000000000455578
00600012000000000000000268430000000003140500005000000000065951
00600012000000000000000268440000000015867770005000000000333223
00600012000000000000000268450000000018099170005000000000380083
00600012000000000000000268460000000008842980005000000000185703
00600012000000000000000268470000000007396690005000000000155330
00600012000000000000000268480000000006652890005000000000139711
00600012000000000000000268490000000008347110005000000000175289
00600012000000000000000268500000000027107420005000000000569256
00600012000000000000000268510000000008016530005000000000168347
00600012000000000000000268520000000004545450005000000000095454
00600012000000000000000268530000000009380170005000000000196983
00600012000000000000000268540000000008181830005000000000171818
00600012000000000000000268550000000053388430005000000001121157
00600012000000000000000268560000000025371900005000000000532810
00600012000000000000000268570000000004214880005000000000088512
00600012000000000000000268580000000006446280005000000000135372
00600012000000000000000268590000000016487600005000000000346240
00600012000000000000000268600000000020950400005000000000439959
00600012000000000000000268610000000018966930005000000000398305
00600012000000000000000268620000000008293390005000000000174161
00600012000000000000000268630000000058677680005000000001232231
00600012000000000000000268640000000030165260005000000000633470
00600012000000000000000268650000000014090910005000000000295909
00600012000000000000000268660000000006731400005000000000141360
00600012000000000000000268670000000016999990005000000000357000
00600012000000000000000268680000000009917360005000000000208264
00600012000000000000000268690000000003057850005000000000064215
00600012000000000000000268700000000042148800005000000000885125
00600012000000000000000268710000000004297520005000000000090248
00600012000000000000000268720000000004611570005000000000096843
00600012000000000000000268730000000003595040005000000000075496
00600012000000000000000268740000000021739710005000000000456534
00600012000000000000000268750000000009917360005000000000208264
00600012000000000000000268760000000007933880005000000000166612
00600012000000000000000268770000000002066120005000000000043388
00600012000000000000000268780000000029752070005000000000624793
00600012000000000000000268790000000003305790005000000000069421
00600012000000000000000268800000000053355400005000000001120463
00600012000000000000000268810000000020264490005000000000425554
00600012000000000000000268820000000003925620005000000000082438
00600012000000000000000268830000000003012400005000000000063260
00600012000000000000000268840000000004603300005000000000096669
00600012000000000000000268850000000003547520005000000000074498
00600012000000000000000268860000000009917360005000000000208264
00600012000000000000000268870000000009917360005000000000208264
00600012000000000000000268880000000018876060005000000000396397
00600012000000000000000268890000000037851240005000000000794876
00600012000000000000000268900000000024338840005000000000511116
00600012000000000000000268910000000025206610005000000000529339
00600012000000000000000268920000000010958690005000000000230133
00600012000000000000000268930000000009917360005000000000208264
00600012000000000000000268940000000011611570005000000000243843
00600012000000000000000268950000000009917360005000000000208264
00600012000000000000000268960000000009917360005000000000208264
00600012000000000000000268970000000003301650005000000000069335
00600012000000000000000268980000000002107440005000000000044256
00600012000000000000000268990000000018429750005000000000387025
00600012000000000000000269000000000009359510005000000000196550
00600012000000000000000269010000000009917360005000000000208264
00600012000000000000000269020000000004004140005000000000084087
00600012000000000000000269030000000011942150005000000000250785
00600012000000000000000269040000000006357440005000000000133506
00600012000000000000000269050000000005661160005000000000118884
00600012000000000000000269060000000021157020005000000000444298
00600012000000000000000269070000000009917360005000000000208264
00600012000000000000000269080000000048049560005000000001009041
00600012000000000000000269090000000012644630005000000000265537
00600012000000000000000269100000000040743800005000000000855620
00600012000000000000000269110000000027471080005000000000576893
00600012000000000000000269120000000005504130005000000000115587
00600012000000000000000269130000000022413250005000000000470678
00600012000000000000000269140000000018896690005000000000396831
00600012000000000000000269150000000011983470005000000000251653
00600012000000000000000269160000000005000000005000000000105000
00600012000000000000000269170000000023438010005000000000492198
00600012000000000000000269180000000013140500005000000000275950
00600012000000000000000269190000000018223120005000000000382685
00600012000000000000000269200000000018553690005000000000389627
00600012000000000000000269210000000002599170005000000000054583
00600012000000000000000269220000000022942140005000000000481785
00600012000000000000000269230000000007973140005000000000167436
00600012000000000000000269240000000021198350005000000000445165
00600012000000000000000269250000000010371900005000000000217810
00600012000000000000000269260000000011057850005000000000232215
00600012000000000000000269270000000001404960005000000000029504
00600012000000000000000269280000000003471070005000000000072892
00600012000000000000000269290000000013838840005000000000290616
00600012000000000000000269300000000022190070005000000000465992
00600012000000000000000269310000000009917360005000000000208264
00600012000000000000000269320000000022092980005000000000463952
00600012000000000000000269330000000044357450005000000000931506
00600012000000000000000269340000000008512400005000000000178760
00600012000000000000000269350000000006896690005000000000144831
00600012000000000000000269360000000006849170005000000000143833
00600012000000000000000269370000000015016530005000000000315347
00600012000000000000000269380000000005785120005000000000121488
00600012000000000000000269390000000002599170005000000000054583
00600012000000000000000269400000000012516530005000000000262847
00600012000000000000000269410000000014256190005000000000299380
00600012000000000000000269420000000027068260005000000000568433
00600012000000000000000269430000000011516550005000000000241848
00600012000000000000000269440000000006673570005000000000140145
00600012000000000000000269450000000009834710005000000000206529
00600012000000000000000269460000000016789320005000000000352576
00600012000000000000000269470000000014681850005000000000308319
00600012000000000000000269480000000008359520005000000000175550
00600012000000000000000269490000000019177710005000000000402732
00600012000000000000000269500000000027969010005000000000587349
00600012000000000000000269510000000002599180005000000000054583
00600012000000000000000269520000000004847110005000000000101789
00600012000000000000000269530000000015609540005000000000327800
00600012000000000000000269540000000009917360005000000000208264
00600012000000000000000269550000000009917360005000000000208264
00600012000000000000000269560000000009917360005000000000208264
00600012000000000000000269570000000009413220005000000000197678
00600012000000000000000269580000000019997930005000000000419957
00600012000000000000000269590000000012628090005000000000265190
00600012000000000000000269600000000008264460005000000000173554
00600012000000000000000269610000000003231400005000000000067860
00600012000000000000000269620000000015578510005000000000327149
00600012000000000000000269630000000005727280005000000000120273
00600012000000000000000269640000000009917360005000000000208264
00600012000000000000000269650000000009917360005000000000208264
00600012000000000000000269660000000065064420005000000001366353
00600012000000000000000269670000000018879750005000000000396475
00600012000000000000000269680000000002314050005000000000048595
00600012000000000000000269690000000016455620005000000000345568
00600012000000000000000269700000000003020660005000000000063434
00600012000000000000000269710000000003863630005000000000081136
00600012000000000000000269720000000009917360005000000000208264
00600012000000000000000269730000000042838840005000000000899616
00600012000000000000000269740000000039214900005000000000823513
00600012000000000000000269750000000012644630005000000000265537
00600012000000000000000269760000000008479330005000000000178066
00600012000000000000000269770000000007198350005000000000151165
00600012000000000000000269780000000018330590005000000000384942
00600012000000000000000269790000000006919420005000000000145308
00600012000000000000000269800000000006041340005000000000126868
00600012000000000000000269810000000008640500005000000000181450
00600012000000000000000269820000000013136360005000000000275864
00600012000000000000000269830000000021109500005000000000443300
00600012000000000000000269840000000002458680005000000000051632
00600012000000000000000269850000000010601240005000000000222626
00600012000000000000000269860000000049380130005000000001036983
00600012000000000000000269870000000003828510005000000000080399
00600012000000000000000269880000000020161160005000000000423384
00600012000000000000000269890000000010010330005000000000210217
00600012000000000000000269900000000023719000005000000000498099
00600012000000000000000269910000000019274790005000000000404771
00600012000000000000000269920000000004256200005000000000089380
00600012000000000000000269930000000004214880005000000000088512
00600012000000000000000269940000000014070240005000000000295475
00600012000000000000000269950000000038320370005000000000804728
00600012000000000000000269960000000030803810005000000000646880
00600012000000000000000269970000000013593010005000000000285453
00600012000000000000000269980000000008099170005000000000170083
00600012000000000000000269990000000010642590005000000000223494
00600012000000000000000270000000000012433900005000000000261112
00600012000000000000000270010000000006708700005000000000140883
00600012000000000000000270020000000013933890005000000000292612
00600012000000000000000270030000000018545470005000000000389455
00600012000000000000000270040000000010431820005000000000219068
00600012000000000000000270050000000008760330005000000000183967
00600012000000000000000270060000000029357440005000000000616506
00600012000000000000000270070000000013140500005000000000275950
00600012000000000000000270080000000003347110005000000000070289
00600012000000000000000270090000000034033110005000000000714695
00600012000000000000000270100000000010791330005000000000226618
00600012000000000000000270110000000032840930005000000000689660
00600012000000000000000270120000000012479350005000000000262066
00600012000000000000000270130000000003933880005000000000082612
00600012000000000000000270140000000066971140005000000001406394
00600012000000000000000270150000000010677690005000000000224231
00600012000000000000000270160000000006041320005000000000126868
00600012000000000000000270170000000011607440005000000000243756
00600012000000000000000270180000000010103320005000000000212170
00600012000000000000000270190000000013628100005000000000286190
00600012000000000000000270200000000046855370005000000000983963
00600012000000000000000270210000000008394630005000000000176287
00600012000000000000000270220000000005163220005000000000108428
00600012000000000000000270230000000011446270005000000000240372
00600012000000000000000270240000000011134300005000000000233820
00600012000000000000000270250000000004917360005000000000103264
00600012000000000000000270260000000003264460005000000000068554
00600012000000000000000270270000000042956610005000000000902089
00600012000000000000000270280000000008675620005000000000182188
00600012000000000000000270290000000033223060005000000000697684
00600012000000000000000270300000000008359500005000000000175550
00600012000000000000000270310000000004958680005000000000104132
00600012000000000000000270320000000004760330005000000000099967
00600012000000000000000270330000000018396690005000000000386331
00600012000000000000000270340000000014876030005000000000312397
00600012000000000000000270350000000000289260005000000000006074
00600012000000000000000270360000000019177720005000000000402732
00600012000000000000000270370000000001271790005000000000026708
00600012000000000000000270380000000011977270005000000000251523
00600012000000000000000270390000000011570250005000000000242975
00600012000000000000000270400000000023925620005000000000502438
00600012000000000000000270410000000001632230005000000000034277
00600012000000000000000270420000000004628100005000000000097190
00600012000000000000000270430000000003595040005000000000075496
00600012000000000000000270440000000010041310005000000000210868
00600012000000000000000270450000000017561980005000000000368802
00600012000000000000000270460000000004115700005000000000086430
00600012000000000000000270470000000005702480005000000000119752
00600012000000000000000270480000000009917360005000000000208264
00600012000000000000000270490000000012806780005000000000268942
00600012000000000000000270500000000017210760005000000000361426
00600012000000000000000270510000000014330580005000000000300942
00600012000000000000000270520000000013417360005000000000281765
00600012000000000000000270530000000034049570005000000000715041
00600012000000000000000270540000000013979350005000000000293566
00600012000000000000000270550000000013471070005000000000282893
00600012000000000000000270560000000032975210005000000000692479
00600012000000000000000270570000000015371900005000000000322810
00600012000000000000000270580000000005537190005000000000116281
00600012000000000000000270590000000009917360005000000000208264
00600012000000000000000270600000000023545250005000000000494450
00600012000000000000000270610000000009588850005000000000201366
00600012000000000000000270620000000009917360005000000000208264
00600012000000000000000270630000000009917360005000000000208264
00600012000000000000000270640000000124565900005000000002615884
00600012000000000000000270650000000007272730005000000000152727
00600012000000000000000270660000000009917360005000000000208264
00600012000000000000000270670000000005578510005000000000117149
00600012000000000000000270680000000048182610005000000001011835
00600012000000000000000270690000000006322310005000000000132769
00600012000000000000000270700000000009917360005000000000208264
00600012000000000000000270710000000018677690005000000000392231
00600012000000000000000270720000000006942150005000000000145785
00600012000000000000000270730000000018966940005000000000398306
00600012000000000000000270740000000012892560005000000000270744
00600012000000000000000270750000000035809940005000000000752009
00600012000000000000000270760000000049380170005000000001036983
00600012000000000000000270770000000021818180005000000000458182
00600012000000000000000270780000000046694210005000000000980579
00600012000000000000000270790000000091925620005000000001930438
00600012000000000000000270800000000005000000005000000000105000
00600012000000000000000270810000000004297520005000000000090248
00600012000000000000000270820000000012892560005000000000270744
00600012000000000000000270830000000038148780005000000000801124
00600012000000000000000270840000000007995870005000000000167913
00600012000000000000000270850000000110876060005000000002328397
00600012000000000000000270860000000002256200005000000000047380
00600012000000000000000270870000000006818180005000000000143182
00600012000000000000000270880000000007438020005000000000156198
00600012000000000000000270890000000053669460005000000001127059
00600012000000000000000270900000000020735540005000000000435446
00600012000000000000000270910000000014958680005000000000314132
00600012000000000000000270920000000025541320005000000000536368
00600012000000000000000270930000000002892560005000000000060744
00600012000000000000000270940000000017066120005000000000358388
00600012000000000000000270950000000035074380005000000000736562
00600012000000000000000270960000000005950410005000000000124959
00600012000000000000000270970000000010832650005000000000227486
00600012000000000000000270980000000010413220005000000000218678
00600012000000000000000270990000000014504130005000000000304587
00600012000000000000000271000000000010561980005000000000221802
00600012000000000000000271010000000009917360005000000000208264
00600012000000000000000271020000000010876030005000000000228397
00600012000000000000000271030000000009669420005000000000203058
00600012000000000000000271040000000017421520005000000000365852
00600012000000000000000271050000000097202500005000000002041252
00600012000000000000000271060000000010247930005000000000215207
00600012000000000000000271070000000018636360005000000000391364
00600012000000000000000271080000000013842980005000000000290702
00600012000000000000000271090000000027851240005000000000584876
00600012000000000000000271100000000011900830005000000000249917
00600012000000000000000271110000000022710740005000000000476926
00600012000000000000000271120000000011322310005000000000237769
00600012000000000000000271130000000027520660005000000000577934
00600012000000000000000271140000000024471080005000000000513893
00600012000000000000000271150000000038636360005000000000811364
00600012000000000000000271160000000022206640005000000000466339
00600012000000000000000271170000000041611540005000000000873842
00600012000000000000000271180000000003969010005000000000083349
00600012000000000000000271190000000018512400005000000000388760
00600012000000000000000271200000000006528930005000000000137108
00600012000000000000000271210000000018512390005000000000388760
00600012000000000000000271220000000003264460005000000000068554
00600012000000000000000271230000000007355370005000000000154463
00600012000000000000000271240000000031528930005000000000662107
00600012000000000000000271250000000040859500005000000000858050
00600012000000000000000271260000000003570250005000000000074975
00600012000000000000000271270000000026322310005000000000552768
00600012000000000000000271280000000010123970005000000000212603
00600012000000000000000271290000000018172340005000000000381619
00600012000000000000000271300000000007768600005000000000163140
00600012000000000000000271310000000009917360005000000000208264
00600012000000000000000271320000000014876030005000000000312397
00600012000000000000000271330000000033264460005000000000698554
00600012000000000000000271340000000018842980005000000000395702
00600012000000000000000271350000000028264460005000000000593554
00600012000000000000000271360000000014297530005000000000300248
00600012000000000000000271370000000021404960005000000000449504
00600012000000000000000271380000000003553720005000000000074628
00600012000000000000000271390000000009338840005000000000196116
00600012000000000000000271400000000014008260005000000000294174
00600012000000000000000271410000000014173550005000000000297644
00600012000000000000000271420000000007314050005000000000153595
00600012000000000000000271430000000003020660005000000000063434
00600012000000000000000271440000000012892560005000000000270744
00600012000000000000000271450000000005165290005000000000108471
00600012000000000000000271460000000014752130005000000000309795
00600012000000000000000271470000000022946290005000000000481872
00600012000000000000000271480000000019975310005000000000419482
00600012000000000000000271490000000007057850005000000000148215
00600012000000000000000271500000000018471070005000000000387893
00600012000000000000000271510000000018471070005000000000387893
00600012000000000000000271520000000015330580005000000000321942
00600012000000000000000271530000000022752060005000000000477793
00600012000000000000000271540000000016123960005000000000338603
00600012000000000000000271550000000003756200005000000000078880
00600012000000000000000271560000000014280990005000000000299901
00600012000000000000000271570000000030415290005000000000638721
00600012000000000000000271580000000022892560005000000000480744
00600012000000000000000271590000000002462810005000000000051719
00600012000000000000000271600000000034917320005000000000733264
00600012000000000000000271610000000010000000005000000000210000
00600012000000000000000271620000000001599170005000000000033583
00600012000000000000000271630000000005950410005000000000124959
00600012000000000000000271640000000010289250005000000000216074
00600012000000000000000271650000000005537190005000000000116281
00600012000000000000000271660000000001913060005000000000040174
00600012000000000000000271670000000018016520005000000000378347
00600012000000000000000271680000000025371900005000000000532810
00600012000000000000000271690000000003057850005000000000064215
00600012000000000000000271700000000061239670005000000001286033
00600012000000000000000271710000000014206600005000000000298339
00600012000000000000000271720000000005950410005000000000124959
00600012000000000000000271730000000033760320005000000000708967
00600012000000000000000271740000000015330580005000000000321942
00600012000000000000000271750000000053716420005000000001128045
00600012000000000000000271760000000009595040005000000000201496
00600012000000000000000271770000000011363640005000000000238636
00600012000000000000000271780000000028884310005000000000606571
00600012000000000000000271790000000023471070005000000000492892
00600012000000000000000271800000000014132230005000000000296777
00600012000000000000000271810000000003743800005000000000078620
00600012000000000000000271820000000013595040005000000000285496
00600012000000000000000271830000000026983470005000000000566653
00600012000000000000000271840000000014380170005000000000301983
00600012000000000000000271850000000024214880005000000000508512
00600012000000000000000271860000000029380170005000000000616983
00600012000000000000000271870000000022479350005000000000472066
00600012000000000000000271880000000017892560005000000000375744
00600012000000000000000271890000000020371900005000000000427810
00600012000000000000000271900000000019834710005000000000416529
00600012000000000000000271910000000031198350005000000000655165
00600012000000000000000271920000000020785120005000000000436488
00600012000000000000000271930000000009297520005000000000195248
00600012000000000000000271940000000041280990005000000000866901
00600012000000000000000271950000000005950410005000000000124959
00600012000000000000000271960000000055123960005000000001157603
00600012000000000000000271970000000009917360005000000000208264
00600012000000000000000271980000000022892560005000000000480744
00600012000000000000000271990000000024797510005000000000520748
00600012000000000000000272000000000007235540005000000000151946
00600012000000000000000272010000000013884300005000000000291570
00600012000000000000000272020000000005619830005000000000118016
00600012000000000000000272030000000022892560005000000000480744
00800012000000000000000008440000000005000000005000000000105000
00800012000000000000000008450000000032231400005000000000676859
00800012000000000000000008460000000019177710005000000000402732
00800012000000000000000008470000000009917360005000000000208264
00800012000000000000000008480000000049380130005000000001036983
00800012000000000000000008490000000018285100005000000000383987
00800012000000000000000008500000000003384300005000000000071070
00800012000000000000000008510000000018471070005000000000387893
00800012000000000000000008520000000022892560005000000000480744
00800012000000000000000008530000000005619830005000000000118016
00100013000000000000000011980000000037975210005000000000797479
00100013000000000000000011990000000001247930005000000000026207
00100013000000000000000012000000000004628100005000000000097190
00100013000000000000000012010000000007376040005000000000154897
00100013000000000000000012020000000066950410005000000001405959
00100013000000000000000012030000000031834770005000000000668530
00100013000000000000000012040000000059710740005000000001253925
00100013000000000000000012050000000006743800005000000000141620
00100013000000000000000012060000000009090910005000000000190909
00100013000000000000000012070000000000578510005000000000012149
00100013000000000000000012080000000027151780005000000000570187
00100013000000000000000012090000000005950410005000000000124959
00100013000000000000000012100000000000595040005000000000012496
00100013000000000000000012110000000005950410005000000000124959
00100013000000000000000012120000000016983470005000000000356653
00100013000000000000000012130000000090933900005000000001909612
00100013000000000000000012140000000008264500005000000000173554
00100013000000000000000012150000000015371900005000000000322810
00600013000000000000000305420000000005619830005000000000118016
00600013000000000000000305430000000010702480005000000000224752
00600013000000000000000305440000000017388420005000000000365157
00600013000000000000000305450000000013719000005000000000288099
00600013000000000000000305460000000027768600005000000000583141
00600013000000000000000305470000000013140500005000000000275950
00600013000000000000000305480000000004628100005000000000097190
00600013000000000000000305490000000008677690005000000000182232
00600013000000000000000305500000000058016500005000000001218347
00600013000000000000000305510000000038698130005000000000812661
00600013000000000000000305520000000001652890005000000000034711
00600013000000000000000305530000000022388410005000000000470157
00600013000000000000000305540000000003818190005000000000080182
00600013000000000000000305550000000016752070005000000000351793
00600013000000000000000305560000000009917360005000000000208264
00600013000000000000000305570000000009729330005000000000204316
00600013000000000000000305580000000008921490005000000000187351
00600013000000000000000305590000000007396690005000000000155331
00600013000000000000000305600000000012355370005000000000259463
00600013000000000000000305610000000016818170005000000000353182
00600013000000000000000305620000000006528920005000000000137107
00600013000000000000000305630000000021652900005000000000454711
00600013000000000000000305640000000015735500005000000000330445
00600013000000000000000305650000000011570250005000000000242975
00600013000000000000000305660000000017789250005000000000373574
00600013000000000000000305670000000001115700005000000000023430
00600013000000000000000305680000000004743800005000000000099620
00600013000000000000000305690000000004421490005000000000092851
00600013000000000000000305700000000014214880005000000000298513
00600013000000000000000305710000000007293370005000000000153161
00600013000000000000000305720000000004958680005000000000104132
00600013000000000000000305730000000002661160005000000000055884
00600013000000000000000305740000000025991710005000000000545826
00600013000000000000000305750000000045826440005000000000962355
00600013000000000000000305760000000004070950005000000000085490
00600013000000000000000305770000000029702480005000000000623752
00600013000000000000000305780000000008305790005000000000174422
00600013000000000000000305790000000008925620005000000000187438
00600013000000000000000305800000000004793390005000000000100661
00600013000000000000000305810000000009371900005000000000196810
00600013000000000000000305820000000002086770005000000000043822
00600013000000000000000305830000000015068180005000000000316432
00600013000000000000000305840000000012061980005000000000253302
00600013000000000000000305850000000021363630005000000000448636
00600013000000000000000305860000000008099170005000000000170083
00600013000000000000000305870000000038338840005000000000805116
00600013000000000000000305880000000018369920005000000000385768
00600013000000000000000305890000000004628100005000000000097190
00600013000000000000000305900000000038663250005000000000811928
00600013000000000000000305910000000018181820005000000000381818
00600013000000000000000305920000000008099170005000000000170083
00600013000000000000000305930000000020946280005000000000439872
00600013000000000000000305940000000011553720005000000000242628
00600013000000000000000305950000000005231400005000000000109860
00600013000000000000000305960000000003539260005000000000074324
00600013000000000000000305970000000014330580005000000000300942
00600013000000000000000305980000000044855370005000000000941963
00600013000000000000000305990000000016948350005000000000355915
00600013000000000000000306000000000015024790005000000000315521
00600013000000000000000306010000000032148760005000000000675124
00600013000000000000000306020000000008219010005000000000172599
00600013000000000000000306030000000048590900005000000001020409
00600013000000000000000306040000000014793380005000000000310661
00600013000000000000000306050000000014681820005000000000308318
00600013000000000000000306060000000034657030005000000000727798
00600013000000000000000306070000000005165290005000000000108471
00600013000000000000000306080000000005578510005000000000117149
00600013000000000000000306090000000028853300005000000000605919
00600013000000000000000306100000000016559920005000000000347758
00600013000000000000000306110000000012398760005000000000260374
00600013000000000000000306120000000023273270005000000000488739
00600013000000000000000306130000000005578510005000000000117149
00600013000000000000000306140000000016121920005000000000338560
00600013000000000000000306150000000002495870005000000000052413
00600013000000000000000306160000000016508260005000000000346674
00600013000000000000000306170000000025880170005000000000543483
00600013000000000000000306180000000010010330005000000000210217
00600013000000000000000306190000000002834710005000000000059529
00600013000000000000000306200000000002058730005000000000043233
00600013000000000000000306210000000002058730005000000000043233
00600013000000000000000306220000000038776860005000000000814314
00600013000000000000000306230000000152652990005000000003205713
00600013000000000000000306240000000014214880005000000000298513
00600013000000000000000306250000000007200410005000000000151209
00600013000000000000000306260000000019603310005000000000411669
00600013000000000000000306270000000003057850005000000000064215
00600013000000000000000306280000000005338840005000000000112116
00600013000000000000000306290000000003758260005000000000078924
00600013000000000000000306300000000009421490005000000000197851
00600013000000000000000306310000000025148760005000000000528124
00600013000000000000000306320000000009090910005000000000190909
00600013000000000000000306330000000004545450005000000000095455
00600013000000000000000306340000000012574380005000000000264062
00600013000000000000000306350000000001652890005000000000034711
00600013000000000000000306360000000009090910005000000000190909
00600013000000000000000306370000000004545450005000000000095455
00600013000000000000000306380000000013636360005000000000286364
00600013000000000000000306390000000004545450005000000000095455
00600013000000000000000306400000000019072310005000000000400519
00600013000000000000000306410000000014954550005000000000314045
00600013000000000000000306420000000037758260005000000000792924
00600013000000000000000306430000000038700430005000000000812709
00600013000000000000000306440000000018512400005000000000388760
00600013000000000000000306450000000013239650005000000000278033
00600013000000000000000306460000000014119830005000000000296517
00600013000000000000000306470000000018842970005000000000395702
00600013000000000000000306480000000007146690005000000000150081
00600013000000000000000306490000000001650830005000000000034667
00600013000000000000000306500000000013768590005000000000289140
00600013000000000000000306510000000000495870005000000000010413
00600013000000000000000306520000000014462810005000000000303719
00600013000000000000000306530000000001535710005000000000032250
00600013000000000000000306540000000017070250005000000000358475
00600013000000000000000306550000000017667400005000000000371015
00600013000000000000000306560000000005004130005000000000105087
00600013000000000000000306570000000008842980005000000000185702
00600013000000000000000306580000000033750000005000000000708750
00600013000000000000000306590000000002921490005000000000061351
00600013000000000000000306600000000002458680005000000000051632
00600013000000000000000306610000000007340910005000000000154159
00600013000000000000000306620000000024977270005000000000524523
00600013000000000000000306630000000001052890005000000000022111
00600013000000000000000306640000000021652880005000000000454711
00600013000000000000000306650000000012520660005000000000262934
00600013000000000000000306660000000003388430005000000000071157
00600013000000000000000306670000000003547520005000000000074498
00600013000000000000000306680000000057617560005000000001209969
00600013000000000000000306690000000001404960005000000000029504
00600013000000000000000306700000000001652890005000000000034711
00600013000000000000000306710000000017351240005000000000364376
00600013000000000000000306720000000007797540005000000000163748
00600013000000000000000306730000000017603310005000000000369669
00600013000000000000000306740000000009917360005000000000208264
00600013000000000000000306750000000009090910005000000000190909
00600013000000000000000306760000000022657030005000000000475798
00600013000000000000000306770000000007479340005000000000157066
00600013000000000000000306780000000009917360005000000000208264
00600013000000000000000306790000000009917360005000000000208264
00600013000000000000000306800000000016549590005000000000347541
00600013000000000000000306810000000065371870005000000001372809
00600013000000000000000306820000000009090910005000000000190909
00600013000000000000000306830000000009090910005000000000190909
00600013000000000000000306840000000013636360005000000000286364
00600013000000000000000306850000000013636360005000000000286364
00600013000000000000000306860000000006900830005000000000144917
00600013000000000000000306870000000013636360005000000000286364
00600013000000000000000306880000000004545450005000000000095455
00600013000000000000000306890000000013636360005000000000286364
00600013000000000000000306900000000013636360005000000000286364
00600013000000000000000306910000000020692580005000000000434544
00600013000000000000000306920000000060917790005000000001279274
00600013000000000000000306930000000004793390005000000000100661
00600013000000000000000306940000000011661150005000000000244884
00600013000000000000000306950000000017157020005000000000360297
00600013000000000000000306960000000004421490005000000000092851
00600013000000000000000306970000000006099170005000000000128083
00600013000000000000000306980000000029256200005000000000614380
00600013000000000000000306990000000008078510005000000000169649
00600013000000000000000307000000000011661160005000000000244884
00600013000000000000000307010000000013595040005000000000285496
00600013000000000000000307020000000019586780005000000000411322
00600013000000000000000307030000000012396690005000000000260330
00600013000000000000000307040000000005991740005000000000125826
00600013000000000000000307050000000018510330005000000000388717
00600013000000000000000307060000000016578590005000000000348150
00600013000000000000000307070000000047119840005000000000989517
00600013000000000000000307080000000029752080005000000000624794
00600013000000000000000307090000000017597110005000000000369539
00600013000000000000000307100000000010578510005000000000222149
00600013000000000000000307110000000004380170005000000000091984
00600013000000000000000307120000000009338840005000000000196116
00600013000000000000000307130000000009090910005000000000190909
00600013000000000000000307140000000007487600005000000000157240
00600013000000000000000307150000000009917360005000000000208264
00600013000000000000000307160000000022925620005000000000481438
00600013000000000000000307170000000003057850005000000000064215
00600013000000000000000307180000000022809920005000000000479008
00600013000000000000000307190000000024917340005000000000523264
00600013000000000000000307200000000008553720005000000000179628
00600013000000000000000307210000000018475240005000000000387980
00600013000000000000000307220000000039725190005000000000834229
00600013000000000000000307230000000003933880005000000000082612
00600013000000000000000307240000000033322310005000000000699769
00600013000000000000000307250000000007305790005000000000153421
00600013000000000000000307260000000001404960005000000000029504
00600013000000000000000307270000000013512400005000000000283760
00600013000000000000000307280000000022855030005000000000479956
00600013000000000000000307290000000059462810005000000001248719
00600013000000000000000307300000000102149000005000000002145129
00600013000000000000000307310000000022960990005000000000482181
00600013000000000000000307320000000023966960005000000000503306
00600013000000000000000307330000000011016530005000000000231347
00600013000000000000000307340000000007685950005000000000161405
00600013000000000000000307350000000004090910005000000000085909
00600013000000000000000307360000000025487630005000000000535240
00600013000000000000000307370000000010661160005000000000223884
00600013000000000000000307380000000024363470005000000000511633
00600013000000000000000307390000000002231400005000000000046860
00600013000000000000000307400000000003533060005000000000074194
00600013000000000000000307410000000010849300005000000000227835
00600013000000000000000307420000000006954550005000000000146045
00600013000000000000000307430000000006993640005000000000146867
00600013000000000000000307440000000017975200005000000000377479
00600013000000000000000307450000000004991740005000000000104826
00600013000000000000000307460000000010578520005000000000222149
00600013000000000000000307470000000032388440005000000000680157
00600013000000000000000307480000000019380160005000000000406983
00600013000000000000000307490000000005206610005000000000109339
00600013000000000000000307500000000054723170005000000001149187
00600013000000000000000307510000000009917360005000000000208264
00600013000000000000000307520000000017107440005000000000359256
00600013000000000000000307530000000013140500005000000000275951
00600013000000000000000307540000000013884300005000000000291570
00600013000000000000000307550000000006776860005000000000142314
00600013000000000000000307560000000017520650005000000000367934
00600013000000000000000307570000000016504130005000000000346587
00600013000000000000000307580000000019049590005000000000400041
00600013000000000000000307590000000004834710005000000000101529
00600013000000000000000307600000000014049600005000000000295042
00600013000000000000000307610000000004429740005000000000093025
00600013000000000000000307620000000007214880005000000000151512
00600013000000000000000307630000000029404960005000000000617504
00600013000000000000000307640000000010000000005000000000210000
00600013000000000000000307650000000005123970005000000000107603
00600013000000000000000307660000000018305790005000000000384421
00600013000000000000000307670000000015413230005000000000323678
00600013000000000000000307680000000075371900005000000001582810
00600013000000000000000307690000000001933880005000000000040612
00600013000000000000000307700000000012892560005000000000270744
00600013000000000000000307710000000014338840005000000000301116
00600013000000000000000307720000000009421480005000000000197851
00600013000000000000000307730000000013667300005000000000287013
00600013000000000000000307740000000009917360005000000000208265
00600013000000000000000307750000000004991740005000000000104826
00600013000000000000000307760000000049049670005000000001030043
00600013000000000000000307770000000012685950005000000000266405
00600013000000000000000307780000000007851240005000000000164876
00600013000000000000000307790000000019917360005000000000418264
00600013000000000000000307800000000037107500005000000000779257
00600013000000000000000307810000000006694210005000000000140579
00600013000000000000000307820000000017685930005000000000371405
00600013000000000000000307830000000158388560005000000003326160
00600013000000000000000307840000000003347110005000000000070289
00600013000000000000000307850000000022892560005000000000480744
00600013000000000000000307860000000004214880005000000000088512
00600013000000000000000307870000000005413220005000000000113678
00600013000000000000000307880000000008851240005000000000185876
00600013000000000000000307890000000017107440005000000000359256
00600013000000000000000307900000000006280990005000000000131901
00600013000000000000000307910000000008264460005000000000173554
00600013000000000000000307920000000003884300005000000000081570
00600013000000000000000307930000000009090910005000000000190909
00600013000000000000000307940000000004545450005000000000095455
00600013000000000000000307950000000000826450005000000000017355
00600013000000000000000307960000000012433880005000000000261112
00600013000000000000000307970000000015826450005000000000332355
00600013000000000000000307980000000008677690005000000000182232
00600013000000000000000307990000000003347110005000000000070289
00600013000000000000000308000000000002148760005000000000045124
00600013000000000000000308010000000016363600005000000000343636
00600013000000000000000308020000000007661160005000000000160884
00600013000000000000000308030000000013803720005000000000289878
00600013000000000000000308040000000018966940005000000000398306
00600013000000000000000308050000000017851240005000000000374876
00600013000000000000000308060000000024481410005000000000514110
00600013000000000000000308070000000051698080005000000001085660
00600013000000000000000308080000000024917350005000000000523264
00600013000000000000000308090000000012892560005000000000270744
00600013000000000000000308100000000015267150005000000000320610
00600013000000000000000308110000000012892560005000000000270744
00600013000000000000000308120000000020012390005000000000420260
00600013000000000000000308130000000053750450005000000001128760
00600013000000000000000308140000000012539260005000000000263324
00600013000000000000000308150000000035578510005000000000747149
00600013000000000000000308160000000006280990005000000000131901
00600013000000000000000308170000000004876030005000000000102397
00600013000000000000000308180000000029504130005000000000619587
00600013000000000000000308190000000039876070005000000000837397
00600013000000000000000308200000000027438010005000000000576198
00600013000000000000000308210000000009917360005000000000208264
00600013000000000000000308220000000008595040005000000000180496
00600013000000000000000308230000000031652910005000000000664711
00600013000000000000000308240000000003966940005000000000083306
00600013000000000000000308250000000007066120005000000000148388
00600013000000000000000308260000000022479340005000000000472066
00600013000000000000000308270000000005000000005000000000105000
00600013000000000000000308280000000003677690005000000000077231
00600013000000000000000308290000000027851240005000000000584876
00600013000000000000000308300000000009504130005000000000199587
00600013000000000000000308310000000005661160005000000000118884
00600013000000000000000308320000000006216940005000000000130556
00600013000000000000000308330000000023305790005000000000489421
00600013000000000000000308340000000003347110005000000000070289
00600013000000000000000308350000000015454550005000000000324545
00600013000000000000000308360000000008347100005000000000175289
00600013000000000000000308370000000002975210005000000000062479
00600013000000000000000308380000000002892560005000000000060744
00600013000000000000000308390000000016652890005000000000349711
00600013000000000000000308400000000004628100005000000000097190
00600013000000000000000308410000000018181820005000000000381818
00600013000000000000000308420000000030685130005000000000644388
00600013000000000000000308430000000017231400005000000000361860
00600013000000000000000308440000000038615780005000000000810931
00600013000000000000000308450000000031694210005000000000665579
00600013000000000000000308460000000019008270005000000000399174
00600013000000000000000308470000000011157020005000000000234298
00600013000000000000000308480000000002892560005000000000060744
00600013000000000000000308490000000010785120005000000000226488
00600013000000000000000308500000000004958680005000000000104132
00600013000000000000000308510000000019458680005000000000408632
00600013000000000000000308520000000021260310005000000000446466
00600013000000000000000308530000000012892560005000000000270744
00600013000000000000000308540000000011487610005000000000241240
00600013000000000000000308550000000009859500005000000000207050
00600013000000000000000308560000000020909090005000000000439091
00600013000000000000000308570000000007355370005000000000154463
00600013000000000000000308580000000055909090005000000001174091
00600013000000000000000308590000000031163220005000000000654428
00600013000000000000000308600000000002380170005000000000049983
00600013000000000000000308610000000000991740005000000000020826
00600013000000000000000308620000000020605370005000000000432713
00600013000000000000000308630000000008181820005000000000171818
00600013000000000000000308640000000033264460005000000000698554
00600013000000000000000308650000000010619830005000000000223017
00600013000000000000000308660000000012157020005000000000255298
00600013000000000000000308670000000004214880005000000000088512
00600013000000000000000308680000000013223140005000000000277686
00600013000000000000000308690000000022938020005000000000481698
00600013000000000000000308700000000012061980005000000000253302
00600013000000000000000308710000000010181820005000000000213818
00600013000000000000000308720000000020605370005000000000432713
00600013000000000000000308730000000001776860005000000000037314
00800013000000000000000007660000000002727270005000000000057273
00800013000000000000000007670000000018369840005000000000385767
00800013000000000000000007680000000005057840005000000000106215
00800013000000000000000007690000000014214880005000000000298513
00800013000000000000000007700000000004132230005000000000086777
00800013000000000000000007710000000011661150005000000000244884
00800013000000000000000007720000000011900830005000000000249917
00800013000000000000000007730000000018285100005000000000383987
00800013000000000000000007740000000020605370005000000000432713
00100015000000000000000002450000000033347100005000000000700289
00100015000000000000000002460000000049008260005000000001029174
00600015000000000000000107150000000053355400005000000001120463
00600015000000000000000107160000000005057840005000000000106215
00600015000000000000000107170000000048590900005000000001020409
00600015000000000000000107180000000042727280005000000000897273
00600015000000000000000107190000000022672190005000000000476116
00600015000000000000000107200000000002495870005000000000052413
00600015000000000000000107210000000019785120005000000000415488
00600015000000000000000107220000000012685950005000000000266405
00600015000000000000000107230000000009280990005000000000194901
00600015000000000000000107240000000036458650005000000000765632
00600015000000000000000107250000000005950410005000000000124959
00600015000000000000000107260000000015950410005000000000334959
00600015000000000000000107270000000010991730005000000000230826
00600015000000000000000107280000000009834710005000000000206529
00600015000000000000000107290000000052975210005000000001112480
00600015000000000000000107300000000013388430005000000000281157
00600015000000000000000107310000000012479340005000000000262066
00600015000000000000000107320000000008479340005000000000178066
00600015000000000000000107330000000049710750005000000001043926
00600015000000000000000107340000000005619830005000000000118016
00600015000000000000000107350000000006173550005000000000129645
00600015000000000000000107360000000002900830005000000000060917
00600015000000000000000107370000000009917360005000000000208264
00600015000000000000000107380000000004628100005000000000097190
00600015000000000000000107390000000004628100005000000000097190
00600015000000000000000107400000000009090910005000000000190909
00600015000000000000000107410000000009917360005000000000208264
00600015000000000000000107420000000013838840005000000000290616
00600015000000000000000107430000000018388430005000000000386157
00600015000000000000000107440000000034735530005000000000729446
00600015000000000000000107450000000000661160005000000000013884
00600015000000000000000107460000000006648760005000000000139624
00600015000000000000000107470000000005289260005000000000111074
00600015000000000000000107480000000004628100005000000000097190
00600015000000000000000107490000000019049590005000000000400041
00600015000000000000000107500000000005206630005000000000109339
00600015000000000000000107510000000002066120005000000000043389
00600015000000000000000107520000000008330580005000000000174942
00600015000000000000000107530000000009917360005000000000208264
00600015000000000000000107540000000008798760005000000000184774
00600015000000000000000107550000000002603310005000000000054669
00600015000000000000000107560000000024028910005000000000504607
00600015000000000000000107570000000005000000005000000000105000
00600015000000000000000107580000000005013220005000000000105278
00600015000000000000000107590000000009917360005000000000208264
00600015000000000000000107600000000017851240005000000000374876
00600015000000000000000107610000000009917360005000000000208264
00600015000000000000000107620000000003388430005000000000071157
00600015000000000000000107630000000019834700005000000000416529
00600015000000000000000107640000000002495870005000000000052413
00600015000000000000000107650000000009917360005000000000208264
00600015000000000000000107660000000009917360005000000000208264
00600015000000000000000107670000000007305780005000000000153421
00600015000000000000000107680000000005760330005000000000120967
00600015000000000000000107690000000009917360005000000000208264
00600015000000000000000107700000000009917360005000000000208264
00600015000000000000000107710000000015559920005000000000326758
00600015000000000000000107720000000004425620005000000000092938
00600015000000000000000107730000000009871900005000000000207310
00600015000000000000000107740000000009268590005000000000194640
00600015000000000000000107750000000009448350005000000000198415
00600015000000000000000107760000000009917360005000000000208264
00600015000000000000000107770000000009917360005000000000208264
00600015000000000000000107780000000002107440005000000000044256
00600015000000000000000107790000000008254130005000000000173337
00600015000000000000000107800000000009917360005000000000208264
00600015000000000000000107810000000008925630005000000000187438
00600015000000000000000107820000000025483470005000000000535153
00600015000000000000000107830000000005690080005000000000119492
00600015000000000000000107840000000009917360005000000000208264
00600015000000000000000107850000000008264460005000000000173554
00600015000000000000000107860000000009917360005000000000208264
00600015000000000000000107870000000009917360005000000000208264
00600015000000000000000107880000000004628100005000000000097190
00600015000000000000000107890000000007762400005000000000163010
00600015000000000000000107900000000009917360005000000000208264
00600015000000000000000107910000000008780990005000000000184401
00600015000000000000000107920000000022219010005000000000466599
00600015000000000000000107930000000014006210005000000000294130
00600015000000000000000107940000000016037180005000000000336781
00600015000000000000000107950000000009917360005000000000208264
00600015000000000000000107960000000014101240005000000000296126
00600015000000000000000107970000000012679760005000000000266275
00600015000000000000000107980000000016991740005000000000356826
00600015000000000000000107990000000008886360005000000000186614
00600015000000000000000108000000000006743790005000000000141620
00600015000000000000000108010000000003582640005000000000075236
00600015000000000000000108020000000010537190005000000000221281
00600015000000000000000108030000000004628100005000000000097190
00600015000000000000000108040000000003547520005000000000074498
00600015000000000000000108050000000003020660005000000000063434
00600015000000000000000108060000000005801650005000000000121835
00600015000000000000000108070000000009917360005000000000208264
00600015000000000000000108080000000009917360005000000000208264
00600015000000000000000108090000000009307850005000000000195465
00600015000000000000000108100000000005950410005000000000124959
00600015000000000000000108110000000061219070005000000001285600
00600015000000000000000108120000000003512400005000000000073760
00600015000000000000000108130000000011239670005000000000236033
00600015000000000000000108140000000006989670005000000000146783
00600015000000000000000108150000000009917360005000000000208264
00600015000000000000000108160000000018204550005000000000382296
00600015000000000000000108170000000015033060005000000000315694
00600015000000000000000108180000000019173570005000000000402645
00600015000000000000000108190000000017210740005000000000361426
00600015000000000000000108200000000021706610005000000000455839
00600015000000000000000108210000000026111570005000000000548343
00600015000000000000000108220000000013103310005000000000275170
00600015000000000000000108230000000018500000005000000000388500
00600015000000000000000108240000000014419410005000000000302808
00600015000000000000000108250000000001611570005000000000033843
00600015000000000000000108260000000009917360005000000000208264
00600015000000000000000108270000000006954550005000000000146045
00600015000000000000000108280000000010747930005000000000225707
00600015000000000000000108290000000006673550005000000000140145
00600015000000000000000108300000000004355370005000000000091463
00600015000000000000000108310000000021179760005000000000444775
00600015000000000000000108320000000027607440005000000000579756
00600015000000000000000108330000000007797520005000000000163748
00600015000000000000000108340000000008991740005000000000188826
00600015000000000000000108350000000003336780005000000000070072
00600015000000000000000108360000000006357440005000000000133506
00600015000000000000000108370000000009917360005000000000208264
00600015000000000000000108380000000023801650005000000000499835
00600015000000000000000108390000000002247930005000000000047207
00600015000000000000000108400000000012301650005000000000258335
00600015000000000000000108410000000013051660005000000000274085
00600015000000000000000108420000000003758260005000000000078924
00600015000000000000000108430000000009917360005000000000208264
00600015000000000000000108440000000009917360005000000000208264
00600015000000000000000108450000000004628100005000000000097190
00600015000000000000000108460000000015770660005000000000331184
00600015000000000000000108470000000012609500005000000000264800
00600015000000000000000108480000000016262400005000000000341510
00600015000000000000000108490000000009917360005000000000208264
00600015000000000000000108500000000009917360005000000000208264
00600015000000000000000108510000000005289260005000000000111074
00600015000000000000000108520000000009917360005000000000208264
00600015000000000000000108530000000009917360005000000000208264
00600015000000000000000108540000000004039260005000000000084824
00600015000000000000000108550000000009917360005000000000208264
00600015000000000000000108560000000009917360005000000000208264
00600015000000000000000108570000000014084710005000000000295779
00600015000000000000000108580000000021086780005000000000442822
00600015000000000000000108590000000009917360005000000000208264
00600015000000000000000108600000000044128060005000000000926689
00600015000000000000000108610000000008264460005000000000173554
00600015000000000000000108620000000015665290005000000000328971
00600015000000000000000108630000000009446280005000000000198372
00600015000000000000000108640000000041132240005000000000863777
00600015000000000000000108650000000028223130005000000000592686
00600015000000000000000108660000000018347110005000000000385289
00600015000000000000000108670000000024876040005000000000522397
00600015000000000000000108680000000005057850005000000000106215
00600015000000000000000108690000000003719010005000000000078099
00600015000000000000000108700000000009917360005000000000208264
00600015000000000000000108710000000009917360005000000000208264
00600015000000000000000108720000000048590900005000000001020409
00600015000000000000000108730000000004685950005000000000098405
00600015000000000000000108740000000009917360005000000000208264
00600015000000000000000108750000000004958680005000000000104132
00600015000000000000000108760000000006545450005000000000137455
00600015000000000000000108770000000003756200005000000000078880
00600015000000000000000108780000000007438020005000000000156198
00600015000000000000000108790000000013719010005000000000288099
00600015000000000000000108800000000003388430005000000000071157
00600015000000000000000108810000000010272730005000000000215727
00600015000000000000000108820000000013314050005000000000279595
00600015000000000000000108830000000007066120005000000000148388
00600015000000000000000108840000000019212810005000000000403469
00600015000000000000000108850000000002603310005000000000054669
00600015000000000000000108860000000009338840005000000000196116
00600015000000000000000108870000000012413220005000000000260678
00600015000000000000000108880000000018677690005000000000392231
00600015000000000000000108890000000010165290005000000000213471
00600015000000000000000108900000000009917360005000000000208264
00600015000000000000000108910000000009917360005000000000208264
00600015000000000000000108920000000004421490005000000000092851
00600015000000000000000108930000000009917360005000000000208264
00600015000000000000000108940000000034793390005000000000730661
00600015000000000000000108950000000010785130005000000000226488
00600015000000000000000108960000000003012400005000000000063260
00600015000000000000000108970000000006198350005000000000130165
00600015000000000000000108980000000019072320005000000000400519
00600015000000000000000108990000000019338840005000000000406116
00600015000000000000000109000000000012892560005000000000270744
00600015000000000000000109010000000022264460005000000000467554
00600015000000000000000109020000000007661160005000000000160884
00600015000000000000000109030000000016617770005000000000348973
00600015000000000000000109040000000005355370005000000000112463
00600015000000000000000109050000000005123970005000000000107603
00600015000000000000000109060000000000578510005000000000012149
00600015000000000000000109070000000002190080005000000000045992
00600015000000000000000109080000000009545450005000000000200455
00600015000000000000000109090000000003677690005000000000077231
00600015000000000000000109100000000020495870005000000000430413
00600015000000000000000109110000000017603310005000000000369669
00600015000000000000000109120000000012892560005000000000270744
00600015000000000000000109130000000009752070005000000000204793
00600015000000000000000109140000000009917360005000000000208264
00600015000000000000000109150000000009917360005000000000208264
00600015000000000000000109160000000055896690005000000001173830
00600015000000000000000109170000000012603310005000000000264669
00600015000000000000000109180000000002727270005000000000057273
00600015000000000000000109190000000000330580005000000000006942
00600015000000000000000109200000000006132230005000000000128777
00600015000000000000000109210000000009917360005000000000208264
00600015000000000000000109220000000003553720005000000000074628
00600015000000000000000109230000000002603310005000000000054669
00600015000000000000000109240000000002454550005000000000051545
00600015000000000000000109250000000012438020005000000000261198
00600015000000000000000109260000000018780990005000000000394401
00600015000000000000000109270000000009917360005000000000208264
00600015000000000000000109280000000005000000005000000000105000
00600015000000000000000109290000000048590900005000000001020409
00600015000000000000000109300000000012892560005000000000270744
00600015000000000000000109310000000009917360005000000000208264
00600015000000000000000109320000000004958680005000000000104132
00600015000000000000000109330000000004958680005000000000104132
00600015000000000000000109340000000005876040005000000000123397
00600015000000000000000109350000000004958680005000000000104132
00600015000000000000000109360000000004958680005000000000104132
00600015000000000000000109370000000004958680005000000000104132
00600015000000000000000109380000000004462810005000000000093719
00600015000000000000000109390000000001900830005000000000039917
00600015000000000000000109400000000036185960005000000000759905
00600015000000000000000109410000000053750450005000000001128760
00600015000000000000000109420000000027735540005000000000582446
00600015000000000000000109430000000014876030005000000000312397
00600015000000000000000109440000000003049590005000000000064041
00600015000000000000000109450000000004958680005000000000104132
00600015000000000000000109460000000002938020005000000000061698
00600015000000000000000109470000000003644630005000000000076537
00600015000000000000000109480000000014669420005000000000308058
00600015000000000000000109490000000008842980005000000000185702
00600015000000000000000109500000000013223140005000000000277686
00600015000000000000000109510000000018595000005000000000390495
00600015000000000000000109520000000008966940005000000000188306
00600015000000000000000109530000000011975210005000000000251479
00600015000000000000000109540000000027111560005000000000569343
00600015000000000000000109550000000004500000005000000000094500
00600015000000000000000109560000000017685950005000000000371405
00600015000000000000000109570000000012892560005000000000270744
00600015000000000000000109580000000009710740005000000000203926
00600015000000000000000109590000000015289260005000000000321074
00600015000000000000000109600000000013874000005000000000291354
00600015000000000000000109610000000010165290005000000000213471
00600015000000000000000109620000000009010330005000000000189217
00600015000000000000000109630000000015537190005000000000326281
00600015000000000000000109640000000154970990005000000003254391
00600015000000000000000109650000000125289260005000000002631074
00600015000000000000000109660000000010743800005000000000225620
00600015000000000000000109670000000004297520005000000000090248
00600015000000000000000109680000000009917360005000000000208264
00600015000000000000000109690000000021148760005000000000444124
00600015000000000000000109700000000012644630005000000000265537
00600015000000000000000109710000000018590930005000000000390409
00600015000000000000000109720000000018235550005000000000382946
00600015000000000000000109730000000013512390005000000000283760
00600015000000000000000109740000000022933880005000000000481612
00600015000000000000000109750000000016611580005000000000348843
00600015000000000000000109760000000006694210005000000000140579
00600015000000000000000109770000000018334730005000000000385029
00600015000000000000000109780000000008999990005000000000189000
00600015000000000000000109790000000006247920005000000000131206
00600015000000000000000109800000000001611570005000000000033843
00600015000000000000000109810000000009917360005000000000208264
00600015000000000000000109820000000010743800005000000000225620
00600015000000000000000109830000000048909050005000000001027090
00600015000000000000000109840000000013925620005000000000292438
00600015000000000000000109850000000002479340005000000000052066
00600015000000000000000109860000000021157020005000000000444298
00600015000000000000000109870000000020702500005000000000434752
00600015000000000000000109880000000012892560005000000000270744
00600015000000000000000109890000000021694210005000000000455579
00600015000000000000000109900000000009917360005000000000208264
00600015000000000000000109910000000031909090005000000000670091
00600015000000000000000109920000000013983470005000000000293653
00600015000000000000000109930000000011033060005000000000231694
00600015000000000000000109940000000012892560005000000000270744
00600015000000000000000109950000000006322310005000000000132769
00600015000000000000000109960000000003198350005000000000067165
00600015000000000000000109970000000010454540005000000000219545
00600015000000000000000109980000000011305790005000000000237421
00600015000000000000000109990000000004074370005000000000085562
00600015000000000000000110000000000034008270005000000000714174
00600015000000000000000110010000000033212920005000000000697471
00600015000000000000000110020000000012644630005000000000265537
00600015000000000000000110030000000004793390005000000000100661
00600015000000000000000110040000000015657020005000000000328798
00600015000000000000000110050000000012892560005000000000270744
00600015000000000000000110060000000028471070005000000000597893
00600015000000000000000110070000000007995870005000000000167913
00600015000000000000000110080000000009173550005000000000192645
00600015000000000000000110090000000013834710005000000000290529
00600015000000000000000110100000000024657020005000000000517798
00600015000000000000000110110000000025619790005000000000538016
00600015000000000000000110120000000012892560005000000000270744
00600015000000000000000110130000000052272730005000000001097727
00600015000000000000000110140000000006694210005000000000140579
00600015000000000000000110150000000020413220005000000000428678
00600015000000000000000110160000000003595040005000000000075496
00600015000000000000000110170000000006157020005000000000129298
00600015000000000000000110180000000022314060005000000000468595
00600015000000000000000110190000000005619830005000000000118017
00600015000000000000000110200000000003793390005000000000079661
00600015000000000000000110210000000018429750005000000000387025
00600015000000000000000110220000000017219010005000000000361599
00600015000000000000000110230000000006842980005000000000143702
00600015000000000000000110240000000021276860005000000000446814
00600015000000000000000110250000000027247930005000000000572207
00600015000000000000000110260000000007107440005000000000149256
00600015000000000000000110270000000005000000005000000000105000
00600015000000000000000110280000000006528930005000000000137107
00600015000000000000000110290000000004132230005000000000086777
00600015000000000000000110300000000015206590005000000000319338
00600015000000000000000110310000000052355390005000000001099463
00600015000000000000000110320000000010743800005000000000225620
00600015000000000000000110330000000012892560005000000000270744
00600015000000000000000110340000000011652890005000000000244711
00600015000000000000000110350000000010743800005000000000225620
00600015000000000000000110360000000019338840005000000000406116
00600015000000000000000110370000000012892560005000000000270744
00600015000000000000000110380000000010743800005000000000225620
00600015000000000000000110390000000010743800005000000000225620
00600015000000000000000110400000000012309920005000000000258508
00600015000000000000000110410000000004830580005000000000101442
00600015000000000000000110420000000018892560005000000000396744
00600015000000000000000110430000000014876030005000000000312397
00600015000000000000000110440000000004049590005000000000085041
00600015000000000000000110450000000012024790005000000000252521
00600015000000000000000110460000000004710740005000000000098926
00600015000000000000000110470000000024545450005000000000515454
00600015000000000000000110480000000012892560005000000000270744
00600015000000000000000110490000000010330580005000000000216942
00600015000000000000000110500000000007148760005000000000150124
00600015000000000000000110510000000004628100005000000000097190
00600015000000000000000110520000000007252070005000000000152293
00600015000000000000000110530000000019793410005000000000415662
00600015000000000000000110540000000172956050005000000003632077
00600015000000000000000110550000000018057850005000000000379215
00600015000000000000000110560000000035066110005000000000736388
00600015000000000000000110570000000004958680005000000000104132
00600015000000000000000110580000000047698330005000000001001665
00600015000000000000000110590000000004611570005000000000096843
00600015000000000000000110600000000004958680005000000000104132
00600015000000000000000110610000000002603310005000000000054669
00600015000000000000000110620000000031322310005000000000657769
00600015000000000000000110630000000012049590005000000000253041
00600015000000000000000110640000000022090890005000000000463909
00600015000000000000000110650000000015103310005000000000317169
00600015000000000000000110660000000024710740005000000000518926
00600015000000000000000110670000000007921490005000000000166351
00600015000000000000000110680000000003677690005000000000077231
00600015000000000000000110690000000008181820005000000000171818
00600015000000000000000110700000000016363640005000000000343636
00600015000000000000000110710000000065892530005000000001383743
00600015000000000000000110720000000005082640005000000000106736
00600015000000000000000110730000000042768600005000000000898141
00600015000000000000000110740000000009421490005000000000197851
00600015000000000000000110750000000005165290005000000000108471
00600015000000000000000110760000000074958710005000000001574133
00600015000000000000000110770000000012012400005000000000252260
00600015000000000000000110780000000024297500005000000000510248
00600015000000000000000110790000000004628100005000000000097190
00600015000000000000000110800000000004504130005000000000094587
00600015000000000000000110810000000005975210005000000000125479
00600015000000000000000110820000000056281010005000000001181901
00600015000000000000000110830000000004991740005000000000104826
00600015000000000000000110840000000004611570005000000000096843
00600015000000000000000110850000000075247930005000000001580207
00600015000000000000000110860000000014173560005000000000297645
00600015000000000000000110870000000004504130005000000000094587
00600015000000000000000110880000000003884300005000000000081570
00800015000000000000000000870000000021983450005000000000461652
