00100010000000000000000133540000001298720000005000000027273125
00100010000000000000000133550000001302668130005000000027356025
00100010000000000000000133560000000826547690005000000017357500
00100010000000000000000133570000000790269380005000000016595656
00100010000000000000000133580000000570077690005000000011971631
00100010000000000000000133590000000417408660005000000008765581
00100010000000000000000133600000000362699720005000000007616694
00100010000000000000000133610000000826547690005000000017357500
00100010000000000000000133620000000790269380005000000016595656
00100010000000000000000133630000000570077690005000000011971631
00100010000000000000000133640000000417408660005000000008765581
00100010000000000000000133650000000362699720005000000007616694
00100010000000000000000133660000001302668130005000000027356025
00100010000000000000000133670000001298720000005000000027273125
00100010000000000000000133680000000096363630005000000002023637
00100010000000000000000133690000001560591380005000000032772425
00100010000000000000000133700000001093992000005000000022973825
00100010000000000000000133710000002523334750005000000052990025
00100010000000000000000133720000000732638440005000000015385406
00100010000000000000000133730000000066546780005000000001397482
00100010000000000000000133740000000536582500005000000011268231
00100010000000000000000133750000003358710000005000000070532900
00100010000000000000000133760000002924035000005000000061404725
00100010000000000000000133770000002502148750005000000052545125
00100010000000000000000133780000002655492500005000000055765350
00100010000000000000000133790000002655492500005000000055765350
00100010000000000000000133800000000434517030005000000009124859
00100010000000000000000133810000000125454550005000000002634545
00100010000000000000000133820000000888133060005000000018650794
00100010000000000000000133830000000618756130005000000012993875
00100010000000000000000133840000000241817950005000000005078177
00100010000000000000000133850000000764227440005000000016048775
00100010000000000000000133860000000602504000005000000012652588
00100010000000000000000133870000000023595040005000000000495496
00100010000000000000000133880000001422260250005000000029867463
00100010000000000000000133890000000029667770005000000000623023
00100010000000000000000133900000000025824790005000000000542321
00100010000000000000000133910000000961735630005000000020196441
00100010000000000000000133920000000357584720005000000007509278
00100010000000000000000133930000000705462810005000000014814719
00100010000000000000000133940000000609222310005000000012793669
00100010000000000000000133950000000506776880005000000010642313
00100010000000000000000133960000001626750380005000000034161763
00100010000000000000000133970000001646892500005000000034584750
00100010000000000000000133980000001071354500005000000022498450
00100010000000000000000133990000000493900810005000000010371919
00100010000000000000000134000000000116942150005000000002455785
00100010000000000000000134010000003293106500005000000069155250
00100010000000000000000134020000000071438020005000000001500198
00100010000000000000000134030000000125185130005000000002628888
00100010000000000000000134040000000694562000005000000014585800
00100010000000000000000134050000000086578520005000000001818148
00100010000000000000000134060000000892354880005000000018739450
00100010000000000000000134070000001020857440005000000021438006
00100010000000000000000134080000000313068190005000000006574431
00100010000000000000000134090000000838626060005000000017611144
00100010000000000000000134100000001483471880005000000031152913
00100010000000000000000134110000000973553750005000000020444625
00100010000000000000000134120000000328513220005000000006898778
00100010000000000000000134130000000396057530005000000008317209
00100010000000000000000134140000000380281000005000000007985900
00100010000000000000000134150000000037057850005000000000778215
00100010000000000000000134160000001003305810005000000021069419
00100010000000000000000134170000001261571880005000000026493013
00100010000000000000000134180000002143553750005000000045014625
00100010000000000000000134190000001730876880005000000036348413
00100010000000000000000134200000001405438000005000000029514200
00100010000000000000000134210000001624596750005000000034116525
00100010000000000000000134220000001460744630005000000030675638
00100010000000000000000134230000000299367500005000000006286719
00100010000000000000000134240000000122355380005000000002569463
00100010000000000000000134250000000686590940005000000014418406
00100010000000000000000134260000000381570250005000000008012975
00100010000000000000000134270000000540074130005000000011341556
00100010000000000000000134280000000917287690005000000019263044
00100010000000000000000134290000000448099190005000000009410081
00100010000000000000000134300000000348859250005000000007326044
00100010000000000000000134310000000212010230005000000004452216
00100010000000000000000134320000000782611560005000000016434844
00100010000000000000000134330000000328574690005000000006900069
00100010000000000000000134340000000192198340005000000004036166
00100010000000000000000134350000000129586770005000000002721323
00100010000000000000000134360000000243429270005000000005112014
00100010000000000000000134370000001843557000005000000038714700
00100010000000000000000134380000000590628130005000000012403188
00100010000000000000000134390000000774931440005000000016273563
00100010000000000000000134400000000883966750005000000018563300
00100010000000000000000134410000000418099250005000000008780084
00100010000000000000000134420000000684132250005000000014366775
00100010000000000000000134430000000751371690005000000015778806
00100010000000000000000134440000000355384340005000000007463072
00100010000000000000000134450000000581512380005000000012211763
00100010000000000000000134460000001324792380005000000027820638
00100010000000000000000134470000002276861250005000000047814075
00100010000000000000000134480000001462809880005000000030719013
00100010000000000000000134490000000218068190005000000004579431
00100010000000000000000134500000000061652890005000000001294711
00100010000000000000000134510000000115979340005000000002435566
00100010000000000000000134520000000945520380005000000019855925
00100010000000000000000134530000000935206630005000000019639338
00100010000000000000000134540000000733123440005000000015395594
00100010000000000000000134550000000960149560005000000020163144
00100010000000000000000134560000000563833250005000000011840500
00100010000000000000000134570000002014991750005000000042314825
00100010000000000000000134580000001088772880005000000022864225
00100010000000000000000134590000000231459700005000000004860655
00100010000000000000000134600000001126033000005000000023646700
00100010000000000000000134610000000952892560005000000020010744
00100010000000000000000134620000000069090910005000000001450909
00100010000000000000000134630000000318433720005000000006687106
00100010000000000000000134640000000152086780005000000003193822
00100010000000000000000134650000000454016530005000000009534347
00100010000000000000000134660000000067963630005000000001427237
00100010000000000000000134670000000040330580005000000000846942
00100010000000000000000134680000000626116380005000000013148444
00100010000000000000000134690000000469141160005000000009851966
00100010000000000000000134700000000065454550005000000001374545
00100010000000000000000134710000000079200000005000000001663200
00100010000000000000000134720000000075000000005000000001575000
00100010000000000000000134730000000048315010005000000001014615
00300010000000000000000008790000000826547690005000000017357500
00300010000000000000000008800000000790269380005000000016595656
00300010000000000000000008810000000570077690005000000011971631
00300010000000000000000008820000000417408660005000000008765581
00300010000000000000000008830000000362699720005000000007616694
00300010000000000000000008840000001302668130005000000027356025
00300010000000000000000008850000001298720000005000000027273125
00300010000000000000000008860000002655492500005000000055765350
00300010000000000000000008870000000618756130005000000012993875
00300010000000000000000008880000000029667770005000000000623023
00300010000000000000000008890000000047685950005000000001001405
00300010000000000000000008900000003358710000005000000070532900
00300010000000000000000008910000000892354880005000000018739450
00300010000000000000000008920000000357584720005000000007509278
00300010000000000000000008930000001020857440005000000021438006
00300010000000000000000008940000000153719020005000000003228098
00300010000000000000000008950000000024793390005000000000520661
00300010000000000000000008960000000396057530005000000008317209
00300010000000000000000008970000000043735540005000000000918446
00300010000000000000000008980000000883966750005000000018563300
00300010000000000000000008990000000418099250005000000008780084
00300010000000000000000009000000000684132250005000000014366775
00300010000000000000000009010000000065454550005000000001374545
00300010000000000000000009020000000067963630005000000001427237
00600010000000000000000652780000000023884300005000000000501570
00600010000000000000000652790000000116425700005000000002444940
00600010000000000000000652800000000087223140005000000001831686
00600010000000000000000652810000000012396690005000000000260331
00600010000000000000000652820000000022975210005000000000482479
00600010000000000000000652830000000032314050005000000000678595
00600010000000000000000652840000000460909250005000000009679094
00600010000000000000000652850000000324171910005000000006807609
00600010000000000000000652860000000574874690005000000012072369
00600010000000000000000652870000000186578520005000000003918148
00600010000000000000000652880000000061884300005000000001299570
00600010000000000000000652890000000021123970005000000000443603
00600010000000000000000652900000000015991740005000000000335826
00600010000000000000000652910000000027008260005000000000567174
00600010000000000000000652920000000089008270005000000001869173
00600010000000000000000652930000000231768590005000000004867141
00600010000000000000000652940000000012421490005000000000260851
00600010000000000000000652950000000047743800005000000001002620
00600010000000000000000652960000000116425700005000000002444940
00600010000000000000000652970000000027008260005000000000567174
00600010000000000000000652980000000460909250005000000009679094
00600010000000000000000652990000000324171910005000000006807609
00600010000000000000000653000000000574874690005000000012072369
00600010000000000000000653010000000186578520005000000003918148
00600010000000000000000653020000000018475210005000000000387979
00600010000000000000000653030000000055454550005000000001164545
00600010000000000000000653040000000020661160005000000000433884
00600010000000000000000653050000000051417360005000000001079764
00600010000000000000000653060000000039024790005000000000819521
00600010000000000000000653070000000090900830005000000001908917
00600010000000000000000653080000000073057850005000000001534215
00600010000000000000000653090000000067578520005000000001419148
00600010000000000000000653100000000007933880005000000000166612
00600010000000000000000653110000000040495870005000000000850413
00600010000000000000000653120000000040495870005000000000850413
00600010000000000000000653130000000040495870005000000000850413
00600010000000000000000653140000000040495870005000000000850413
00600010000000000000000653150000000040578510005000000000852149
00600010000000000000000653160000000076871900005000000001614310
00600010000000000000000653170000000102809910005000000002159009
00600010000000000000000653180000000063305790005000000001329421
00600010000000000000000653190000000651768630005000000013687138
00600010000000000000000653200000000138809920005000000002915008
00600010000000000000000653210000000108991730005000000002288827
00600010000000000000000653220000000080239900005000000001685038
00600010000000000000000653230000000041983470005000000000881653
00600010000000000000000653240000000018181820005000000000381818
00600010000000000000000653250000000038429750005000000000807025
00600010000000000000000653260000000121719010005000000002556099
00600010000000000000000653270000000046115700005000000000968430
00600010000000000000000653280000000040495870005000000000850413
00600010000000000000000653290000000036363640005000000000763636
00600010000000000000000653300000000036363640005000000000763636
00600010000000000000000653310000000141173550005000000002964645
00600010000000000000000653320000000026851240005000000000563876
00600010000000000000000653330000000040495870005000000000850413
00600010000000000000000653340000000036363640005000000000763636
00600010000000000000000653350000000018181820005000000000381818
00600010000000000000000653360000000100376030005000000002107897
00600010000000000000000653370000000040495870005000000000850413
00600010000000000000000653380000000044318180005000000000930682
00600010000000000000000653390000000225628090005000000004738191
00600010000000000000000653400000000252987610005000000005312739
00600010000000000000000653410000000316363630005000000006643638
00600010000000000000000653420000000033016530005000000000693347
00600010000000000000000653430000000082962810005000000001742219
00600010000000000000000653440000000008016530005000000000168347
00600010000000000000000653450000000002826450005000000000059355
00600010000000000000000653460000000016066120005000000000337388
00600010000000000000000653470000000018181820005000000000381818
00600010000000000000000653480000000040495870005000000000850413
00600010000000000000000653490000000059504130005000000001249587
00600010000000000000000653500000000019173550005000000000402645
00600010000000000000000653510000000038925620005000000000817438
00600010000000000000000653520000000016033060005000000000336694
00600010000000000000000653530000000029917360005000000000628264
00600010000000000000000653540000000039421490005000000000827851
00600010000000000000000653550000000011082640005000000000232736
00600010000000000000000653560000000077107440005000000001619256
00600010000000000000000653570000000210578520005000000004422148
00600010000000000000000653580000000063533060005000000001334194
00600010000000000000000653590000000040495870005000000000850413
00600010000000000000000653600000000040495870005000000000850413
00600010000000000000000653610000000040495870005000000000850413
00600010000000000000000653620000000040495870005000000000850413
00600010000000000000000653630000000036363640005000000000763636
00600010000000000000000653640000000040495870005000000000850413
00600010000000000000000653650000000200661160005000000004213884
00600010000000000000000653660000000015545450005000000000326455
00600010000000000000000653670000000019446280005000000000408372
00600010000000000000000653680000000063351240005000000001330376
00600010000000000000000653690000000059826450005000000001256355
00600010000000000000000653700000000030272730005000000000635727
00600010000000000000000653710000000072727270005000000001527273
00600010000000000000000653720000000117438020005000000002466198
00600010000000000000000653730000000222661160005000000004675884
00600010000000000000000653740000000176942160005000000003715784
00600010000000000000000653750000000041760330005000000000876967
00600010000000000000000653760000000036363640005000000000763636
00600010000000000000000653770000000014297520005000000000300248
00600010000000000000000653780000000040495870005000000000850413
00600010000000000000000653790000000055041320005000000001155868
00600010000000000000000653800000000050785130005000000001066488
00600010000000000000000653810000000025809920005000000000542008
00600010000000000000000653820000000041595040005000000000873496
00600010000000000000000653830000000006528930005000000000137107
00600010000000000000000653840000000018181820005000000000381818
00600010000000000000000653850000000506380160005000000010633984
00600010000000000000000653860000000491404970005000000010319503
00600010000000000000000653870000000291471060005000000006120894
00600010000000000000000653880000000136623970005000000002869103
00600010000000000000000653890000000018181820005000000000381818
00600010000000000000000653900000000018181820005000000000381818
00600010000000000000000653910000000127768590005000000002683141
00600010000000000000000653920000000117644630005000000002470538
00600010000000000000000653930000000143367770005000000003010723
00600010000000000000000653940000000034000000005000000000714000
00600010000000000000000653950000000037024790005000000000777521
00600010000000000000000653960000000040495870005000000000850413
00600010000000000000000653970000000040495870005000000000850413
00600010000000000000000653980000000038380160005000000000805984
00600010000000000000000653990000000012855370005000000000269963
00600010000000000000000654000000000008677690005000000000182231
00600010000000000000000654010000000020661160005000000000433884
00600010000000000000000654020000000061396700005000000001289330
00600010000000000000000654030000000020661160005000000000433884
00600010000000000000000654040000000020661160005000000000433884
00600010000000000000000654050000000040495870005000000000850413
00600010000000000000000654060000000036297520005000000000762248
00600010000000000000000654070000000216144410005000000004539033
00600010000000000000000654080000000040495870005000000000850413
00600010000000000000000654090000000098925620005000000002077438
00600010000000000000000654100000000040495870005000000000850413
00600010000000000000000654110000000121487600005000000002551240
00600010000000000000000654120000000009132230005000000000191777
00600010000000000000000654130000000129309910005000000002715509
00600010000000000000000654140000000040495870005000000000850413
00600010000000000000000654150000000010413220005000000000218678
00600010000000000000000654160000000654793380005000000013750663
00600010000000000000000654170000000157090910005000000003298909
00600010000000000000000654180000000161239670005000000003386033
00600010000000000000000654190000000072561980005000000001523802
00600010000000000000000654200000000084876030005000000001782397
00600010000000000000000654210000000020661160005000000000433884
00600010000000000000000654220000000018409090005000000000386591
00600010000000000000000654230000000183710750005000000003857925
00600010000000000000000654240000000188016530005000000003948347
00600010000000000000000654250000000239173550005000000005022645
00600010000000000000000654260000000030826450005000000000647355
00600010000000000000000654270000000165198340005000000003469166
00600010000000000000000654280000000038677690005000000000812231
00600010000000000000000654290000000040495870005000000000850413
00600010000000000000000654300000000083739590005000000001758531
00600010000000000000000654310000000036363640005000000000763636
00600010000000000000000654320000000404545470005000000008495453
00600010000000000000000654330000000235537190005000000004946281
00600010000000000000000654340000000205986830005000000004325723
00600010000000000000000654350000000038413220005000000000806678
00600010000000000000000654360000000040495870005000000000850413
00600010000000000000000654370000000040495870005000000000850413
00600010000000000000000654380000000222024800005000000004662520
00600010000000000000000654390000000020661160005000000000433884
00600010000000000000000654400000000021074380005000000000442562
00600010000000000000000654410000000017768600005000000000373140
00600010000000000000000654420000000127768590005000000002683141
00600010000000000000000654430000000054545450005000000001145455
00600010000000000000000654440000000032516530005000000000682847
00600010000000000000000654450000000143834700005000000003020530
00600010000000000000000654460000000071322310005000000001497769
00600010000000000000000654470000000030991740005000000000650826
00600010000000000000000654480000000034942150005000000000733785
00600010000000000000000654490000000109586770005000000002301323
00600010000000000000000654500000000046413220005000000000974678
00600010000000000000000654510000000041586780005000000000873322
00600010000000000000000654520000000031289260005000000000657074
00600010000000000000000654530000000011570250005000000000242975
00600010000000000000000654540000000116537190005000000002447281
00600010000000000000000654550000000040495870005000000000850413
00600010000000000000000654560000000040495870005000000000850413
00600010000000000000000654570000000040495870005000000000850413
00600010000000000000000654580000000040495870005000000000850413
00600010000000000000000654590000000040495870005000000000850413
00600010000000000000000654600000000008330580005000000000174942
00600010000000000000000654610000000052756200005000000001107880
00600010000000000000000654620000000029190080005000000000612992
00600010000000000000000654630000000367552910005000000007718609
00600010000000000000000654640000000040495870005000000000850413
00600010000000000000000654650000000040495870005000000000850413
00600010000000000000000654660000000012970250005000000000272375
00600010000000000000000654670000000034586780005000000000726322
00600010000000000000000654680000000065785130005000000001381488
00600010000000000000000654690000000042917360005000000000901264
00600010000000000000000654700000000076339940005000000001603138
00600010000000000000000654710000000019834710005000000000416529
00600010000000000000000654720000000020661160005000000000433884
00600010000000000000000654730000000025884300005000000000543570
00600010000000000000000654740000000011818180005000000000248182
00600010000000000000000654750000000007289260005000000000153074
00600010000000000000000654760000000054628100005000000001147190
00600010000000000000000654770000000063966940005000000001343306
00600010000000000000000654780000000040495870005000000000850413
00600010000000000000000654790000000031517030005000000000661858
00600010000000000000000654800000000020661160005000000000433884
00600010000000000000000654810000000020661160005000000000433884
00600010000000000000000654820000000020454540005000000000429546
00600010000000000000000654830000000020661160005000000000433884
00600010000000000000000654840000000163619830005000000003436017
00600010000000000000000654850000000088264460005000000001853554
00600010000000000000000654860000000036363640005000000000763636
00600010000000000000000654870000000022314050005000000000468595
00600010000000000000000654880000000022314050005000000000468595
00600010000000000000000654890000000050132230005000000001052777
00600010000000000000000654900000000010247930005000000000215207
00600010000000000000000654910000000040495870005000000000850413
00600010000000000000000654920000000009702480005000000000203752
00600010000000000000000654930000000035090910005000000000736909
00600010000000000000000654940000000009669420005000000000203058
00600010000000000000000654950000000029900830005000000000627917
00600010000000000000000654960000000129669420005000000002723058
00600010000000000000000654970000000071983470005000000001511653
00600010000000000000000654980000000107268590005000000002252641
00600010000000000000000654990000000009966940005000000000209306
00600010000000000000000655000000000084958680005000000001784132
00600010000000000000000655010000000022793390005000000000478661
00600010000000000000000655020000000080082650005000000001681735
00600010000000000000000655030000000049070250005000000001030475
00600010000000000000000655040000000073388370005000000001541155
00600010000000000000000655050000000020661160005000000000433884
00600010000000000000000655060000000035181820005000000000738818
00600010000000000000000655070000000040495870005000000000850413
00600010000000000000000655080000000065702480005000000001379752
00600010000000000000000655090000000040495870005000000000850413
00600010000000000000000655100000000103132230005000000002165777
00600010000000000000000655110000000020661160005000000000433884
00600010000000000000000655120000000033520460005000000000703930
00600010000000000000000655130000000037859500005000000000795050
00600010000000000000000655140000000104780990005000000002200401
00600010000000000000000655150000000020661160005000000000433884
00600010000000000000000655160000000031983470005000000000671653
00600010000000000000000655170000000020661160005000000000433884
00600010000000000000000655180000000054586780005000000001146322
00600010000000000000000655190000000051991730005000000001091827
00600010000000000000000655200000000040495870005000000000850413
00600010000000000000000655210000000035950410005000000000754959
00600010000000000000000655220000000071157020005000000001494298
00600010000000000000000655230000000034793390005000000000730661
00600010000000000000000655240000000033057850005000000000694215
00600010000000000000000655250000000134173550005000000002817645
00600010000000000000000655260000000075305780005000000001581422
00600010000000000000000655270000000080883470005000000001698553
00600010000000000000000655280000000277863630005000000005835138
00600010000000000000000655290000000036297520005000000000762248
00600010000000000000000655300000000094132230005000000001976777
00600010000000000000000655310000000091157020005000000001914298
00600010000000000000000655320000000106264460005000000002231554
00600010000000000000000655330000000331016530005000000006951347
00600010000000000000000655340000000038759500005000000000813950
00600010000000000000000655350000000055785130005000000001171488
00600010000000000000000655360000000227004130005000000004767088
00600010000000000000000655370000000097661160005000000002050884
00600010000000000000000655380000000023140500005000000000485950
00600010000000000000000655390000000079378910005000000001666957
00600010000000000000000655400000000283061970005000000005944303
00600010000000000000000655410000000065123970005000000001367603
00600010000000000000000655420000000044950410005000000000943959
00600010000000000000000655430000000018388430005000000000386157
00600010000000000000000655440000000126520660005000000002656934
00600010000000000000000655450000000086198340005000000001810166
00600010000000000000000655460000000060768590005000000001276141
00600010000000000000000655470000000014892560005000000000312744
00600010000000000000000655480000000033057850005000000000694215
00600010000000000000000655490000000031652890005000000000664711
00600010000000000000000655500000000084752060005000000001779794
00600010000000000000000655510000000058797520005000000001234748
00600010000000000000000655520000000122414620005000000002570707
00600010000000000000000655530000000020661160005000000000433884
00600010000000000000000655540000000009917360005000000000208264
00600010000000000000000655550000000081347110005000000001708289
00600010000000000000000655560000000078185950005000000001641905
00600010000000000000000655570000000014776860005000000000310314
00600010000000000000000655580000000116628100005000000002449190
00600010000000000000000655590000000020661160005000000000433884
00600010000000000000000655600000000076859510005000000001614049
00600010000000000000000655610000000203099170005000000004265083
00600010000000000000000655620000000020661160005000000000433884
00600010000000000000000655630000000036363640005000000000763636
00600010000000000000000655640000000020661160005000000000433884
00600010000000000000000655650000000036363640005000000000763636
00600010000000000000000655660000000020661160005000000000433884
00600010000000000000000655670000000036363640005000000000763636
00600010000000000000000655680000000318053720005000000006679128
00600010000000000000000655690000000017520660005000000000367934
00600010000000000000000655700000000176917360005000000003715264
00600010000000000000000655710000000020661160005000000000433884
00600010000000000000000655720000000020661160005000000000433884
00600010000000000000000655730000000112338840005000000002359116
00600010000000000000000655740000000075103300005000000001577170
00600010000000000000000655750000000020661160005000000000433884
00600010000000000000000655760000000045351240005000000000952376
00600010000000000000000655770000000036032230005000000000756677
00600010000000000000000655780000000042694210005000000000896579
00600010000000000000000655790000000016289260005000000000342074
00600010000000000000000655800000000005702480005000000000119752
00600010000000000000000655810000000020661160005000000000433884
00600010000000000000000655820000000061946280005000000001300872
00600010000000000000000655830000000011553720005000000000242628
00600010000000000000000655840000000047438020005000000000996198
00600010000000000000000655850000000020661160005000000000433884
00600010000000000000000655860000000062665290005000000001315971
00600010000000000000000655870000000061347110005000000001288289
00600010000000000000000655880000000020661160005000000000433884
00600010000000000000000655890000000020661160005000000000433884
00600010000000000000000655900000000020661160005000000000433884
00600010000000000000000655910000000077004130005000000001617087
00600010000000000000000655920000000018181820005000000000381818
00600010000000000000000655930000000030942150005000000000649785
00600010000000000000000655940000000052148760005000000001095124
00600010000000000000000655950000000011983470005000000000251653
00600010000000000000000655960000000025619830005000000000538017
00600010000000000000000655970000000028264460005000000000593554
00600010000000000000000655980000000022913220005000000000481178
00600010000000000000000655990000000040495870005000000000850413
00600010000000000000000656000000000016661160005000000000349884
00600010000000000000000656010000000064206610005000000001348339
00600010000000000000000656020000000315785130005000000006631488
00600010000000000000000656030000000032355370005000000000679463
00600010000000000000000656040000000016966940005000000000356306
00600010000000000000000656050000000040495870005000000000850413
00600010000000000000000656060000000053677690005000000001127231
00600010000000000000000656070000000148099170005000000003110083
00600010000000000000000656080000000198446280005000000004167372
00600010000000000000000656090000000040495870005000000000850413
00600010000000000000000656100000000250520660005000000005260934
00600010000000000000000656110000000035107440005000000000737256
00600010000000000000000656120000000036446280005000000000765372
00600010000000000000000656130000000048471070005000000001017893
00600010000000000000000656140000000004132230005000000000086777
00600010000000000000000656150000000365909090005000000007684091
00600010000000000000000656160000000175289250005000000003681075
00600010000000000000000656170000000197438020005000000004146198
00600010000000000000000656180000000041074380005000000000862562
00600010000000000000000656190000000021019830005000000000441417
00600010000000000000000656200000000035041320005000000000735868
00600010000000000000000656210000000024545460005000000000515454
00600010000000000000000656220000000064710740005000000001358926
00600010000000000000000656230000000047652890005000000001000711
00600010000000000000000656240000000013760330005000000000288967
00600010000000000000000656250000000051818180005000000001088182
00600010000000000000000656260000000048429750005000000001017025
00600010000000000000000656270000000126632230005000000002659277
00600010000000000000000656280000000018181820005000000000381818
00600010000000000000000656290000000066198340005000000001390166
00600010000000000000000656300000000018181820005000000000381818
00600010000000000000000656310000000040495870005000000000850413
00600010000000000000000656320000000020661160005000000000433884
00600010000000000000000656330000000080247940005000000001685206
00600010000000000000000656340000000150909090005000000003169091
00600010000000000000000656350000000010330580005000000000216942
00600010000000000000000656360000000051384300005000000001079070
00600010000000000000000656370000000040495870005000000000850413
00600010000000000000000656380000000084198340005000000001768166
00600010000000000000000656390000000031239670005000000000656033
00600010000000000000000656400000000028264460005000000000593554
00600010000000000000000656410000000030867770005000000000648223
00600010000000000000000656420000000174793390005000000003670661
00600010000000000000000656430000000068347110005000000001435289
00600010000000000000000656440000000080268590005000000001685641
00600010000000000000000656450000000065123970005000000001367603
00600010000000000000000656460000000044950410005000000000943959
00600010000000000000000656470000000109090910005000000002290909
00600010000000000000000656480000000030578510005000000000642149
00600010000000000000000656490000000111942150005000000002350785
00600010000000000000000656500000000414820250005000000008711225
00600010000000000000000656510000000337642560005000000007090494
00600010000000000000000656520000000438638590005000000009211409
00600010000000000000000656530000000292332500005000000006138981
00600010000000000000000656540000000040743800005000000000855620
00600010000000000000000656550000000072847110005000000001529789
00600010000000000000000656560000000096797520005000000002032748
00600010000000000000000656570000000012264460005000000000257554
00600010000000000000000656580000000061652890005000000001294711
00600010000000000000000656590000000084126030005000000001766647
00600010000000000000000656600000000031413220005000000000659678
00600010000000000000000656610000000020082640005000000000421736
00600010000000000000000656620000000105206610005000000002209339
00600010000000000000000656630000000060475210005000000001269979
00600010000000000000000656640000000089421480005000000001877852
00600010000000000000000656650000000027768600005000000000583140
00600010000000000000000656660000000136214880005000000002860513
00600010000000000000000656670000000076280990005000000001601901
00600010000000000000000656680000000098743800005000000002073620
00600010000000000000000656690000000011570250005000000000242975
00600010000000000000000656700000000115979340005000000002435566
00600010000000000000000656710000000422512590005000000008872766
00600010000000000000000656720000000022314050005000000000468595
00600010000000000000000656730000000002396690005000000000050331
00600010000000000000000656740000000035475210005000000000744979
00600010000000000000000656750000000059851240005000000001256876
00600010000000000000000656760000000061652890005000000001294711
00600010000000000000000656770000000139090910005000000002920909
00600010000000000000000656780000000052479340005000000001102066
00600010000000000000000656790000000314710780005000000006608928
00600010000000000000000656800000000234347110005000000004921289
00600010000000000000000656810000000090915230005000000001909220
00600010000000000000000656820000000045165290005000000000948471
00600010000000000000000656830000000039276860005000000000824814
00600010000000000000000656840000000063801650005000000001339835
00600010000000000000000656850000000291719000005000000006126100
00600010000000000000000656860000000047561980005000000000998802
00600010000000000000000656870000000001756200005000000000036880
00600010000000000000000656880000000031822310005000000000668269
00600010000000000000000656890000000675834310005000000014192519
00600010000000000000000656900000000038144630005000000000801037
00600010000000000000000656910000000051012400005000000001071260
00600010000000000000000656920000000092636370005000000001945363
00600010000000000000000656930000000022314050005000000000468595
00600010000000000000000656940000000016719010005000000000351099
00600010000000000000000656950000000071801660005000000001507834
00600010000000000000000656960000000018615700005000000000390930
00600010000000000000000656970000000051305790005000000001077421
00600010000000000000000656980000000010537190005000000000221281
00600010000000000000000656990000000028264390005000000000593552
00600010000000000000000657000000000021347110005000000000448289
00600010000000000000000657010000000101095040005000000002122996
00600010000000000000000657020000000027698350005000000000581665
00600010000000000000000657030000000004214880005000000000088512
00600010000000000000000657040000000130429750005000000002739025
00600010000000000000000657050000000058181820005000000001221818
00600010000000000000000657060000000009669420005000000000203058
00600010000000000000000657070000000010330580005000000000216942
00600010000000000000000657080000000048760330005000000001023967
00600010000000000000000657090000000002545450005000000000053455
00600010000000000000000657100000000158760330005000000003333967
00600010000000000000000657110000000140826450005000000002957355
00600010000000000000000657120000000020661160005000000000433884
00600010000000000000000657130000000010247930005000000000215207
00600010000000000000000657140000000050644630005000000001063537
00600010000000000000000657150000000020442150005000000000429285
00600010000000000000000657160000000005900830005000000000123917
00600010000000000000000657170000000364396630005000000007652328
00600010000000000000000657180000000134214950005000000002818514
00600010000000000000000657190000000032830580005000000000689442
00600010000000000000000657200000000002545450005000000000053455
00600010000000000000000657210000000140578520005000000002952148
00600010000000000000000657220000000255884300005000000005373570
00600010000000000000000657230000000192727270005000000004047273
00600010000000000000000657240000000128008270005000000002688173
00600010000000000000000657250000000117892560005000000002475744
00600010000000000000000657260000000000347110005000000000007289
00600010000000000000000657270000000011487600005000000000241240
00600010000000000000000657280000000166479340005000000003496066
00600010000000000000000657290000000032876030005000000000690397
00600010000000000000000657300000000040495870005000000000850413
00600010000000000000000657310000000017000000005000000000357000
00600010000000000000000657320000000060413220005000000001268678
00600010000000000000000657330000000052363640005000000001099636
00600010000000000000000657340000000040495870005000000000850413
00600010000000000000000657350000000062809920005000000001319008
00600010000000000000000657360000000067789260005000000001423574
00600010000000000000000657370000000086140490005000000001808951
00600010000000000000000657380000000013698350005000000000287665
00600010000000000000000657390000000148099170005000000003110083
00600010000000000000000657400000000060975210005000000001280479
00600010000000000000000657410000000025289260005000000000531074
00600010000000000000000657420000000055636360005000000001168364
00600010000000000000000657430000000081698340005000000001715666
00600010000000000000000657440000000032454540005000000000681546
00600010000000000000000657450000000074743800005000000001569620
00600010000000000000000657460000000054024790005000000001134521
00600010000000000000000657470000000090830580005000000001907442
00600010000000000000000657480000000072566120005000000001523888
00600010000000000000000657490000000049256200005000000001034380
00600010000000000000000657500000000078148760005000000001641124
00600010000000000000000657510000000075504130005000000001585587
00600010000000000000000657520000000040495870005000000000850413
00600010000000000000000657530000000028169420005000000000591558
00600010000000000000000657540000000073900830005000000001551917
00600010000000000000000657550000000362181810005000000007605819
00600010000000000000000657560000000027107440005000000000569256
00600010000000000000000657570000000087733790005000000001842409
00600010000000000000000657580000000028661160005000000000601884
00600010000000000000000657590000000038090910005000000000799909
00600010000000000000000657600000000011801650005000000000247835
00600010000000000000000657610000000116231410005000000002440859
00600010000000000000000657620000000144512390005000000003034761
00600010000000000000000657630000000051086780005000000001072822
00600010000000000000000657640000000087818180005000000001844182
00800010000000000000000018930000000116425700005000000002444940
00800010000000000000000018940000000027008260005000000000567174
00800010000000000000000018950000000460909250005000000009679094
00800010000000000000000018960000000324171910005000000006807609
00800010000000000000000018970000000574874690005000000012072369
00800010000000000000000018980000000186578520005000000003918148
00800010000000000000000018990000000010413220005000000000218678
00800010000000000000000019000000000103801700005000000002179830
00800010000000000000000019010000000037859500005000000000795050
00800010000000000000000019020000000044950410005000000000943959
00800010000000000000000019030000000065123970005000000001367603
00800010000000000000000019040000000061946280005000000001300872
00800010000000000000000019050000000062665290005000000001315971
00800010000000000000000019060000000035950410005000000000754959
00800010000000000000000019070000000014892560005000000000312744
00800010000000000000000019080000000011157020005000000000234298
00800010000000000000000019090000000089421480005000000001877852
00800010000000000000000019100000000068801660005000000001444834
00800010000000000000000019110000000115979340005000000002435566
00800010000000000000000019120000000002545450005000000000053455
00800010000000000000000019130000000148099170005000000003110083
00800010000000000000000019140000000061652890005000000001294711
00100011000000000000000021360000000010661160005000000000223884
00100011000000000000000021370000000091239670005000000001916033
00100011000000000000000021380000000352809910005000000007409009
00100011000000000000000021390000000355950410005000000007474959
00100011000000000000000021400000000040495870005000000000850413
00100011000000000000000021410000000209752060005000000004404794
00100011000000000000000021420000000100328920005000000002106908
00100011000000000000000021430000000039338840005000000000826116
00100011000000000000000021440000000021900830005000000000459917
00100011000000000000000021450000000029669420005000000000623058
00100011000000000000000021460000000134313220005000000002820578
00100011000000000000000021470000000308925630005000000006487438
00100011000000000000000021480000000010446310005000000000219372
00100011000000000000000021490000000017913220005000000000376178
00100011000000000000000021500000000246942160005000000005185784
00100011000000000000000021510000000056528930005000000001187107
00100011000000000000000021520000000040495870005000000000850413
00100011000000000000000021530000000042809920005000000000899008
00600011000000000000000450710000000024768600005000000000520140
00600011000000000000000450720000000023537190005000000000494281
00600011000000000000000450730000000016148760005000000000339124
00600011000000000000000450740000000040495870005000000000850413
00600011000000000000000450750000000052223140005000000001096686
00600011000000000000000450760000000050669420005000000001064058
00600011000000000000000450770000000066570250005000000001397975
00600011000000000000000450780000000060760330005000000001275967
00600011000000000000000450790000000229814050005000000004826095
00600011000000000000000450800000000004793390005000000000100661
00600011000000000000000450810000000017504130005000000000367587
00600011000000000000000450820000000219752060005000000004614794
00600011000000000000000450830000000307041310005000000006447869
00600011000000000000000450840000000019752070005000000000414793
00600011000000000000000450850000000044991730005000000000944827
00600011000000000000000450860000000025388430005000000000533157
00600011000000000000000450870000000040495870005000000000850413
00600011000000000000000450880000000091966950005000000001931305
00600011000000000000000450890000000052404960005000000001100504
00600011000000000000000450900000000033471070005000000000702893
00600011000000000000000450910000000008024790005000000000168521
00600011000000000000000450920000000013223140005000000000277686
00600011000000000000000450930000000053719010005000000001128099
00600011000000000000000450940000000000115700005000000000002430
00600011000000000000000450950000000053719010005000000001128099
00600011000000000000000450960000000023181820005000000000486818
00600011000000000000000450970000000030628100005000000000643190
00600011000000000000000450980000000040495870005000000000850413
00600011000000000000000450990000000040495870005000000000850413
00600011000000000000000451000000000040495870005000000000850413
00600011000000000000000451010000000032561980005000000000683802
00600011000000000000000451020000000056342980005000000001183202
00600011000000000000000451030000000062545450005000000001313455
00600011000000000000000451040000000072000000005000000001512000
00600011000000000000000451050000000015917360005000000000334264
00600011000000000000000451060000000036363640005000000000763636
00600011000000000000000451070000000055785130005000000001171488
00600011000000000000000451080000000032066120005000000000673388
00600011000000000000000451090000000091636370005000000001924363
00600011000000000000000451100000000018181820005000000000381818
00600011000000000000000451110000000042148800005000000000885125
00600011000000000000000451120000000030214880005000000000634512
00600011000000000000000451130000000049388430005000000001037157
00600011000000000000000451140000000019214880005000000000403512
00600011000000000000000451150000000032793390005000000000688661
00600011000000000000000451160000000040495870005000000000850413
00600011000000000000000451170000000095404960005000000002003504
00600011000000000000000451180000000031537190005000000000662281
00600011000000000000000451190000000006247930005000000000131207
00600011000000000000000451200000000011157020005000000000234298
00600011000000000000000451210000000011157020005000000000234298
00600011000000000000000451220000000001983470005000000000041653
00600011000000000000000451230000000010413220005000000000218678
00600011000000000000000451240000000010743800005000000000225620
00600011000000000000000451250000000072892520005000000001530743
00600011000000000000000451260000000072644630005000000001525538
00600011000000000000000451270000000063553710005000000001334628
00600011000000000000000451280000000102148760005000000002145124
00600011000000000000000451290000000020661160005000000000433884
00600011000000000000000451300000000090380160005000000001897984
00600011000000000000000451310000000069884300005000000001467570
00600011000000000000000451320000000054479340005000000001144066
00600011000000000000000451330000000210954550005000000004430045
00600011000000000000000451340000000026132230005000000000548777
00600011000000000000000451350000000195504130005000000004105588
00600011000000000000000451360000000057256200005000000001202380
00600011000000000000000451370000000117272730005000000002462727
00600011000000000000000451380000000019504130005000000000409587
00600011000000000000000451390000000023933880005000000000502612
00600011000000000000000451400000000079338840005000000001666116
00600011000000000000000451410000000034181820005000000000717818
00600011000000000000000451420000000008677690005000000000182232
00600011000000000000000451430000000087933880005000000001846612
00600011000000000000000451440000000020661160005000000000433884
00600011000000000000000451450000000002314050005000000000048595
00600011000000000000000451460000000026010740005000000000546226
00600011000000000000000451470000000043504130005000000000913587
00600011000000000000000451480000000027966940005000000000587306
00600011000000000000000451490000000050776860005000000001066314
00600011000000000000000451500000000225553720005000000004736628
00600011000000000000000451510000000020661160005000000000433884
00600011000000000000000451520000000040495870005000000000850413
00600011000000000000000451530000000040495870005000000000850413
00600011000000000000000451540000000042115700005000000000884430
00600011000000000000000451550000000030771070005000000000646193
00600011000000000000000451560000000033785130005000000000709488
00600011000000000000000451570000000024991740005000000000524826
00600011000000000000000451580000000033753720005000000000708828
00600011000000000000000451590000000114049590005000000002395041
00600011000000000000000451600000000010760330005000000000225967
00600011000000000000000451610000000038677690005000000000812231
00600011000000000000000451620000000037685950005000000000791405
00600011000000000000000451630000000040495870005000000000850413
00600011000000000000000451640000000092561980005000000001943802
00600011000000000000000451650000000109752060005000000002304794
00600011000000000000000451660000000026099170005000000000548083
00600011000000000000000451670000000018181820005000000000381818
00600011000000000000000451680000000062066120005000000001303388
00600011000000000000000451690000000056528930005000000001187107
00600011000000000000000451700000000018181820005000000000381818
00600011000000000000000451710000000097123970005000000002039603
00600011000000000000000451720000000210842970005000000004427703
00600011000000000000000451730000000050776860005000000001066314
00600011000000000000000451740000000040495870005000000000850413
00600011000000000000000451750000000174706610005000000003668839
00600011000000000000000451760000000025256200005000000000530380
00600011000000000000000451770000000040495870005000000000850413
00600011000000000000000451780000000046925620005000000000985438
00600011000000000000000451790000000040495870005000000000850413
00600011000000000000000451800000000044703300005000000000938770
00600011000000000000000451810000000040851240005000000000857876
00600011000000000000000451820000000214413220005000000004502678
00600011000000000000000451830000000181776860005000000003817314
00600011000000000000000451840000000065702490005000000001379752
00600011000000000000000451850000000040495870005000000000850413
00600011000000000000000451860000000149454550005000000003138545
00600011000000000000000451870000000115239670005000000002420033
00600011000000000000000451880000000078818180005000000001655182
00600011000000000000000451890000000023925620005000000000502438
00600011000000000000000451900000000147636200005000000003100361
00600011000000000000000451910000000021123970005000000000443603
00600011000000000000000451920000000036760330005000000000771967
00600011000000000000000451930000000092396700005000000001940330
00600011000000000000000451940000000254752060005000000005349794
00600011000000000000000451950000000016338840005000000000343116
00600011000000000000000451960000000064049590005000000001345041
00600011000000000000000451970000000040462810005000000000849719
00600011000000000000000451980000000188628090005000000003961191
00600011000000000000000451990000000017520660005000000000367934
00600011000000000000000452000000000015289260005000000000321074
00600011000000000000000452010000000089785130005000000001885488
00600011000000000000000452020000000046280990005000000000971901
00600011000000000000000452030000000002900830005000000000060917
00600011000000000000000452040000000036363640005000000000763636
00600011000000000000000452050000000022479340005000000000472066
00600011000000000000000452060000000006619830005000000000139017
00600011000000000000000452070000000003123970005000000000065603
00600011000000000000000452080000000029574380005000000000621062
00600011000000000000000452090000000047677690005000000001001231
00600011000000000000000452100000000158429750005000000003327025
00600011000000000000000452110000000018231400005000000000382860
00600011000000000000000452120000000033966900005000000000713305
00600011000000000000000452130000000034909090005000000000733091
00600011000000000000000452140000000044661160005000000000937884
00600011000000000000000452150000000034363640005000000000721636
00600011000000000000000452160000000079676030005000000001673197
00600011000000000000000452170000000067768590005000000001423141
00600011000000000000000452180000000020975210005000000000440479
00600011000000000000000452190000000066103300005000000001388170
00600011000000000000000452200000000135929750005000000002854525
00600011000000000000000452210000000080991730005000000001700827
00600011000000000000000452220000000019256200005000000000404380
00600011000000000000000452230000000031570250005000000000662975
00600011000000000000000452240000000040495870005000000000850413
00600011000000000000000452250000000115016530005000000002415347
00600011000000000000000452260000000029910740005000000000628126
00600011000000000000000452270000000040495870005000000000850413
00600011000000000000000452280000000040495870005000000000850413
00600011000000000000000452290000000003289260005000000000069074
00600011000000000000000452300000000118512400005000000002488760
00600011000000000000000452310000000037652890005000000000790711
00600011000000000000000452320000000040495870005000000000850413
00600011000000000000000452330000000040495870005000000000850413
00600011000000000000000452340000000010413220005000000000218678
00600011000000000000000452350000000262826440005000000005519356
00600011000000000000000452360000000040495870005000000000850413
00600011000000000000000452370000000044983470005000000000944653
00600011000000000000000452380000000040495870005000000000850413
00600011000000000000000452390000000040495870005000000000850413
00600011000000000000000452400000000008206610005000000000172339
00600011000000000000000452410000000065983470005000000001385653
00600011000000000000000452420000000020247930005000000000425207
00600011000000000000000452430000000066429750005000000001395025
00600011000000000000000452440000000040495870005000000000850413
00600011000000000000000452450000000040495870005000000000850413
00600011000000000000000452460000000012821490005000000000269251
00600011000000000000000452470000000081388430005000000001709157
00600011000000000000000452480000000102561980005000000002153802
00600011000000000000000452490000000063000000005000000001323000
00600011000000000000000452500000000007438020005000000000156198
00600011000000000000000452510000000086033050005000000001806695
00600011000000000000000452520000000071140490005000000001493951
00600011000000000000000452530000000017685950005000000000371405
00600011000000000000000452540000000049454550005000000001038545
00600011000000000000000452550000000036053720005000000000757128
00600011000000000000000452560000000065400830005000000001373417
00600011000000000000000452570000000009669420005000000000203058
00600011000000000000000452580000000040495870005000000000850413
00600011000000000000000452590000000063223140005000000001327686
00600011000000000000000452600000000029338840005000000000616116
00600011000000000000000452610000000051900830005000000001089917
00600011000000000000000452620000000091074380005000000001912562
00600011000000000000000452630000000017628100005000000000370190
00600011000000000000000452640000000022314050005000000000468595
00600011000000000000000452650000000010041320005000000000210868
00600011000000000000000452660000000060165290005000000001263471
00600011000000000000000452670000000012396690005000000000260331
00600011000000000000000452680000000022979340005000000000482566
00600011000000000000000452690000000012628100005000000000265190
00600011000000000000000452700000000063537190005000000001334281
00600011000000000000000452710000000022314050005000000000468595
00600011000000000000000452720000000020661160005000000000433884
00600011000000000000000452730000000410991750005000000008630825
00600011000000000000000452740000000040520660005000000000850934
00600011000000000000000452750000000009421490005000000000197851
00600011000000000000000452760000000109907020005000000002308048
00600011000000000000000452770000000028264460005000000000593554
00600011000000000000000452780000000036132230005000000000758777
00600011000000000000000452790000000061256260005000000001286381
00600011000000000000000452800000000011157020005000000000234298
00600011000000000000000452810000000040495870005000000000850413
00600011000000000000000452820000000002396690005000000000050331
00600011000000000000000452830000000040495870005000000000850413
00600011000000000000000452840000000043570250005000000000914975
00600011000000000000000452850000000020528930005000000000431107
00600011000000000000000452860000000011900830005000000000249917
00600011000000000000000452870000000023677690005000000000497231
00600011000000000000000452880000000038863640005000000000816136
00600011000000000000000452890000000050347110005000000001057289
00600011000000000000000452900000000037413220005000000000785678
00600011000000000000000452910000000093553720005000000001964628
00600011000000000000000452920000000042181820005000000000885818
00600011000000000000000452930000000091834710005000000001928529
00600011000000000000000452940000000071966950005000000001511305
00600011000000000000000452950000000083867770005000000001761223
00600011000000000000000452960000000030413220005000000000638678
00600011000000000000000452970000000155438020005000000003264198
00600011000000000000000452980000000009454550005000000000198545
00600011000000000000000452990000000056462810005000000001185719
00600011000000000000000453000000000080264460005000000001685554
00600011000000000000000453010000000030413220005000000000638678
00600011000000000000000453020000000108760330005000000002283967
00600011000000000000000453030000000024859500005000000000522050
00600011000000000000000453040000000038677690005000000000812231
00600011000000000000000453050000000089752060005000000001884794
00600011000000000000000453060000000029911490005000000000628141
00600011000000000000000453070000000065702480005000000001379752
00600011000000000000000453080000000068690090005000000001442491
00600011000000000000000453090000000032264460005000000000677554
00600011000000000000000453100000000082293390005000000001728161
00600011000000000000000453110000000058710740005000000001232926
00600011000000000000000453120000000036363640005000000000763636
00600011000000000000000453130000000028636360005000000000601364
00600011000000000000000453140000000128305780005000000002694422
00600011000000000000000453150000000038181820005000000000801818
00600011000000000000000453160000000037933880005000000000796612
00600011000000000000000453170000000014776860005000000000310314
00600011000000000000000453180000000020661160005000000000433884
00600011000000000000000453190000000040495870005000000000850413
00600011000000000000000453200000000005917360005000000000124264
00600011000000000000000453210000000005917360005000000000124264
00600011000000000000000453220000000000909090005000000000019091
00600011000000000000000453230000000028595040005000000000600496
00600011000000000000000453240000000017685950005000000000371405
00600011000000000000000453250000000040842980005000000000857702
00600011000000000000000453260000000003206610005000000000067339
00600011000000000000000453270000000000942150005000000000019785
00600011000000000000000453280000000031322310005000000000657769
00600011000000000000000453290000000012975210005000000000272479
00600011000000000000000453300000000009256200005000000000194380
00600011000000000000000453310000000012785120005000000000268488
00600011000000000000000453320000000008677690005000000000182231
00600011000000000000000453330000000087669420005000000001841058
00600011000000000000000453340000000018756200005000000000393880
00600011000000000000000453350000000011871900005000000000249310
00600011000000000000000453360000000018685950005000000000392405
00600011000000000000000453370000000086636370005000000001819363
00600011000000000000000453380000000052400830005000000001100417
00600011000000000000000453390000000025570250005000000000536975
00600011000000000000000453400000000048264460005000000001013554
00600011000000000000000453410000000022809920005000000000479008
00600011000000000000000453420000000062049590005000000001303041
00600011000000000000000453430000000068628100005000000001441190
00600011000000000000000453440000000022971070005000000000482393
00600011000000000000000453450000000079668590005000000001673041
00600011000000000000000453460000000029553720005000000000620628
00600011000000000000000453470000000024297520005000000000510248
00600011000000000000000453480000000045413220005000000000953678
00600011000000000000000453490000000020661160005000000000433884
00600011000000000000000453500000000074049590005000000001555041
00600011000000000000000453510000000031404960005000000000659504
00600011000000000000000453520000000039690080005000000000833492
00600011000000000000000453530000000071793390005000000001507661
00600011000000000000000453540000000069099170005000000001451083
00600011000000000000000453550000000026553720005000000000557628
00600011000000000000000453560000000020413220005000000000428678
00600011000000000000000453570000000040495870005000000000850413
00600011000000000000000453580000000039338840005000000000826116
00600011000000000000000453590000000040495870005000000000850413
00600011000000000000000453600000000000115700005000000000002430
00600011000000000000000453610000000041169420005000000000864558
00600011000000000000000453620000000033173550005000000000696645
00600011000000000000000453630000000068561980005000000001439802
00600011000000000000000453640000000087706610005000000001841839
00600011000000000000000453650000000029995870005000000000629913
00600011000000000000000453660000000009900830005000000000207917
00600011000000000000000453670000000017520660005000000000367934
00600011000000000000000453680000000012785120005000000000268488
00600011000000000000000453690000000040495870005000000000850413
00600011000000000000000453700000000021859500005000000000459050
00600011000000000000000453710000000018677690005000000000392231
00600011000000000000000453720000000040495870005000000000850413
00600011000000000000000453730000000049008270005000000001029173
00600011000000000000000453740000000042181820005000000000885818
00600011000000000000000453750000000045309920005000000000951508
00600011000000000000000453760000000032314050005000000000678595
00600011000000000000000453770000000017685950005000000000371405
00600011000000000000000453780000000039008270005000000000819173
00600011000000000000000453790000000045552070005000000000956593
00600011000000000000000453800000000023615700005000000000495930
00600011000000000000000453810000000019090910005000000000400909
00600011000000000000000453820000000012206610005000000000256339
00600011000000000000000453830000000020947110005000000000439889
00600011000000000000000453840000000191901660005000000004029934
00600011000000000000000453850000000005917360005000000000124264
00600011000000000000000453860000000030413220005000000000638678
00600011000000000000000453870000000136528920005000000002867108
00600011000000000000000453880000000020661160005000000000433884
00600011000000000000000453890000000040909090005000000000859091
00600011000000000000000453900000000076809910005000000001613009
00600011000000000000000453910000000071570250005000000001502975
00600011000000000000000453920000000040495870005000000000850413
00600011000000000000000453930000000040495870005000000000850413
00600011000000000000000453940000000040495870005000000000850413
00600011000000000000000453950000000125487600005000000002635240
00600011000000000000000453960000000232347110005000000004879289
00600011000000000000000453970000000009520660005000000000199934
00600011000000000000000453980000000004309920005000000000090508
00600011000000000000000453990000000002066120005000000000043388
00600011000000000000000454000000000040495870005000000000850413
00600011000000000000000454010000000067768590005000000001423141
00600011000000000000000454020000000020247930005000000000425207
00600011000000000000000454030000000013760330005000000000288967
00600011000000000000000454040000000029995870005000000000629913
00600011000000000000000454050000000010636360005000000000223364
00600011000000000000000454060000000020363640005000000000427636
00600011000000000000000454070000000031611570005000000000663843
00600011000000000000000454080000000105185950005000000002208905
00600011000000000000000454090000000026446280005000000000555372
00600011000000000000000454100000000023801650005000000000499835
00600011000000000000000454110000000038863640005000000000816136
00600011000000000000000454120000000035681820005000000000749318
00600011000000000000000454130000000001770250005000000000037175
00600011000000000000000454140000000024233060005000000000508894
00600011000000000000000454150000000015247930005000000000320207
00600011000000000000000454160000000040495870005000000000850413
00600011000000000000000454170000000038987600005000000000818740
00600011000000000000000454180000000148462810005000000003117719
00600011000000000000000454190000000038181820005000000000801818
00600011000000000000000454200000000040495870005000000000850413
00600011000000000000000454210000000036107440005000000000758256
00600011000000000000000454220000000015247930005000000000320207
00600011000000000000000454230000000041024790005000000000861521
00600011000000000000000454240000000043776860005000000000919314
00600011000000000000000454250000000015735540005000000000330446
00600011000000000000000454260000000031074380005000000000652562
00600011000000000000000454270000000064792560005000000001360644
00600011000000000000000454280000000007446280005000000000156372
00600011000000000000000454290000000014400830005000000000302417
00600011000000000000000454300000000017702480005000000000371752
00600011000000000000000454310000000012785120005000000000268488
00600011000000000000000454320000000040495870005000000000850413
00600011000000000000000454330000000015735540005000000000330446
00600011000000000000000454340000000022314050005000000000468595
00600011000000000000000454350000000099483470005000000002089153
00600011000000000000000454360000000119239670005000000002504033
00600011000000000000000454370000000020214880005000000000424512
00600011000000000000000454380000000040495870005000000000850413
00600011000000000000000454390000000042049590005000000000883041
00600011000000000000000454400000000049090910005000000001030909
00600011000000000000000454410000000040495870005000000000850413
00600011000000000000000454420000000037421490005000000000785851
00600011000000000000000454430000000104855380005000000002201963
00600011000000000000000454440000000076735540005000000001611446
00600011000000000000000454450000000048793390005000000001024661
00600011000000000000000454460000000010747930005000000000225707
00600011000000000000000454470000000032190080005000000000675992
00600011000000000000000454480000000064495870005000000001354413
00600011000000000000000454490000000015867770005000000000333223
00600011000000000000000454500000000024024790005000000000504521
00600011000000000000000454510000000062607440005000000001314756
00600011000000000000000454520000000013247930005000000000278207
00600011000000000000000454530000000072421480005000000001520852
00600011000000000000000454540000000050619840005000000001063016
00600011000000000000000454550000000037487600005000000000787240
00600011000000000000000454560000000040495870005000000000850413
00600011000000000000000454570000000054090910005000000001135909
00600011000000000000000454580000000096392560005000000002024244
00600011000000000000000454590000000049520660005000000001039934
00600011000000000000000454600000000019090910005000000000400909
00600011000000000000000454610000000040495870005000000000850413
00600011000000000000000454620000000030206610005000000000634339
00600011000000000000000454630000000038776850005000000000814314
00600011000000000000000454640000000040495870005000000000850413
00600011000000000000000454650000000262884310005000000005520569
00600011000000000000000454660000000077450410005000000001626459
00600011000000000000000454670000000015206610005000000000319339
00600011000000000000000454680000000479669410005000000010073059
00600011000000000000000454690000000024607440005000000000516756
00600011000000000000000454700000000011962810005000000000251219
00600011000000000000000454710000000033438020005000000000702198
00600011000000000000000454720000000099239670005000000002084033
00600011000000000000000454730000000029041320005000000000609868
00600011000000000000000454740000000134371910005000000002821809
00600011000000000000000454750000000099239670005000000002084033
00600011000000000000000454760000000040495870005000000000850413
00600011000000000000000454770000000109966950005000000002309305
00600011000000000000000454780000000040495870005000000000850413
00600011000000000000000454790000000013553720005000000000284628
00600011000000000000000454800000000039140500005000000000821950
00600011000000000000000454810000000050859500005000000001068050
00600011000000000000000454820000000005338840005000000000112116
00600011000000000000000454830000000036318180005000000000762682
00600011000000000000000454840000000013247930005000000000278207
00600011000000000000000454850000000038752070005000000000813793
00600011000000000000000454860000000063272730005000000001328727
00600011000000000000000454870000000029995870005000000000629913
00600011000000000000000454880000000133611560005000000002805844
00600011000000000000000454890000000048595040005000000001020496
00600011000000000000000454900000000030557850005000000000641715
00600011000000000000000454910000000041024790005000000000861521
00600011000000000000000454920000000040495870005000000000850413
00600011000000000000000454930000000040495870005000000000850413
00600011000000000000000454940000000040495870005000000000850413
00600011000000000000000454950000000025429750005000000000534025
00600011000000000000000454960000000080991730005000000001700827
00600011000000000000000454970000000060694210005000000001274579
00600011000000000000000454980000000041053720005000000000862128
00600011000000000000000454990000000038677690005000000000812231
00600011000000000000000455000000000029785120005000000000625488
00600011000000000000000455010000000041520660005000000000871934
00600011000000000000000455020000000036227270005000000000760773
00600011000000000000000455030000000040495870005000000000850413
00600011000000000000000455040000000166983470005000000003506653
00600011000000000000000455050000000019834710005000000000416529
00600011000000000000000455060000000040495870005000000000850413
00600011000000000000000455070000000040495870005000000000850413
00600011000000000000000455080000000047305790005000000000993421
00600011000000000000000455090000000059111570005000000001241343
00600011000000000000000455100000000047851240005000000001004876
00600011000000000000000455110000000038776860005000000000814314
00600011000000000000000455120000000051280990005000000001076901
00600011000000000000000455130000000037863640005000000000795136
00600011000000000000000455140000000020909090005000000000439091
00600011000000000000000455150000000040495870005000000000850413
00600011000000000000000455160000000059194210005000000001243079
00600011000000000000000455170000000058016530005000000001218347
00600011000000000000000455180000000138677690005000000002912231
00600011000000000000000455190000000188181810005000000003951819
00600011000000000000000455200000000067355380005000000001414463
00600011000000000000000455210000000023223140005000000000487686
00600011000000000000000455220000000038776860005000000000814314
00600011000000000000000455230000000040495870005000000000850413
00600011000000000000000455240000000170371910005000000003577809
00600011000000000000000455250000000064396700005000000001352330
00600011000000000000000455260000000040495870005000000000850413
00800011000000000000000012460000000008780990005000000000184401
00800011000000000000000012470000000015768590005000000000331141
00800011000000000000000012480000000072892520005000000001530743
00800011000000000000000012490000000005900830005000000000123917
00800011000000000000000012500000000018677690005000000000392231
00800011000000000000000012510000000021859500005000000000459050
00800011000000000000000012520000000018181820005000000000381818
00800011000000000000000012530000000001438020005000000000030198
00800011000000000000000012540000000015247930005000000000320207
00800011000000000000000012550000000099239670005000000002084033
00800011000000000000000012560000000076859510005000000001614049
00100012000000000000000019030000000057024790005000000001197521
00100012000000000000000019040000000062070250005000000001303475
00100012000000000000000019050000000216780980005000000004552402
00100012000000000000000019060000000036561980005000000000767802
00100012000000000000000019070000000026314050005000000000552595
00100012000000000000000019080000000090847110005000000001907789
00100012000000000000000019090000000040495870005000000000850413
00100012000000000000000019100000000016198350005000000000340165
00100012000000000000000019110000000260099170005000000005462083
00100012000000000000000019120000000027537190005000000000578281
00100012000000000000000019130000000035537190005000000000746281
00100012000000000000000019140000000075033050005000000001575695
00100012000000000000000019150000000040495870005000000000850413
00100012000000000000000019160000000138793390005000000002914661
00100012000000000000000019170000000107603300005000000002259670
00100012000000000000000019180000000217961980005000000004577202
00100012000000000000000019190000000032727270005000000000687273
00100012000000000000000019200000000016297520005000000000342248
00100012000000000000000019210000000031933880005000000000670612
00600012000000000000000366220000000021487600005000000000451240
00600012000000000000000366230000000012148760005000000000255124
00600012000000000000000366240000000026859500005000000000564050
00600012000000000000000366250000000012148760005000000000255124
00600012000000000000000366260000000029578440005000000000621147
00600012000000000000000366270000000052396720005000000001100331
00600012000000000000000366280000000007603310005000000000159669
00600012000000000000000366290000000072727270005000000001527273
00600012000000000000000366300000000110817350005000000002327165
00600012000000000000000366310000000017190080005000000000360992
00600012000000000000000366320000000082109090005000000001724291
00600012000000000000000366330000000071851240005000000001508876
00600012000000000000000366340000000060760330005000000001275967
00600012000000000000000366350000000011157020005000000000234298
00600012000000000000000366360000000084735540005000000001779446
00600012000000000000000366370000000017561980005000000000368802
00600012000000000000000366380000000029140500005000000000611950
00600012000000000000000366390000000056830580005000000001193442
00600012000000000000000366400000000050000000005000000001050000
00600012000000000000000366410000000038425620005000000000806938
00600012000000000000000366420000000037752070005000000000792793
00600012000000000000000366430000000022314050005000000000468595
00600012000000000000000366440000000047057850005000000000988215
00600012000000000000000366450000000009132230005000000000191777
00600012000000000000000366460000000175537190005000000003686281
00600012000000000000000366470000000009892560005000000000207744
00600012000000000000000366480000000046859500005000000000984050
00600012000000000000000366490000000012148760005000000000255124
00600012000000000000000366500000000018181820005000000000381818
00600012000000000000000366510000000012165290005000000000255471
00600012000000000000000366520000000005454550005000000000114545
00600012000000000000000366530000000036363640005000000000763636
00600012000000000000000366540000000198512390005000000004168761
00600012000000000000000366550000000078099170005000000001640083
00600012000000000000000366560000000103946280005000000002182872
00600012000000000000000366570000000061747930005000000001296707
00600012000000000000000366580000000026132230005000000000548777
00600012000000000000000366590000000028520660005000000000598934
00600012000000000000000366600000000069917350005000000001468265
00600012000000000000000366610000000033776860005000000000709314
00600012000000000000000366620000000021983470005000000000461653
00600012000000000000000366630000000005950410005000000000124959
00600012000000000000000366640000000096520660005000000002026934
00600012000000000000000366650000000058975210005000000001238479
00600012000000000000000366660000000076780990005000000001612401
00600012000000000000000366670000000169180170005000000003552783
00600012000000000000000366680000000024165290005000000000507471
00600012000000000000000366690000000042975210005000000000902479
00600012000000000000000366700000000046528930005000000000977107
00600012000000000000000366710000000009669420005000000000203058
00600012000000000000000366720000000008429750005000000000177025
00600012000000000000000366730000000006652890005000000000139711
00600012000000000000000366740000000011983470005000000000251653
00600012000000000000000366750000000009669420005000000000203058
00600012000000000000000366760000000036363640005000000000763636
00600012000000000000000366770000000111867770005000000002349223
00600012000000000000000366780000000009586780005000000000201322
00600012000000000000000366790000000004793390005000000000100661
00600012000000000000000366800000000002396690005000000000050331
00600012000000000000000366810000000046694210005000000000980579
00600012000000000000000366820000000029669420005000000000623058
00600012000000000000000366830000000022314050005000000000468595
00600012000000000000000366840000000011975210005000000000251479
00600012000000000000000366850000000023669420005000000000497058
00600012000000000000000366860000000018181820005000000000381818
00600012000000000000000366870000000022314050005000000000468595
00600012000000000000000366880000000036363640005000000000763636
00600012000000000000000366890000000174776860005000000003670314
00600012000000000000000366900000000101884300005000000002139570
00600012000000000000000366910000000016950410005000000000355959
00600012000000000000000366920000000114793390005000000002410661
00600012000000000000000366930000000016809920005000000000353008
00600012000000000000000366940000000018677690005000000000392231
00600012000000000000000366950000000017190080005000000000360992
00600012000000000000000366960000000036363640005000000000763636
00600012000000000000000366970000000036363640005000000000763636
00600012000000000000000366980000000022314050005000000000468595
00600012000000000000000366990000000175371910005000000003682809
00600012000000000000000367000000000036363640005000000000763636
00600012000000000000000367010000000004793390005000000000100661
00600012000000000000000367020000000044380160005000000000931984
00600012000000000000000367030000000040495870005000000000850413
00600012000000000000000367040000000040495870005000000000850413
00600012000000000000000367050000000040495870005000000000850413
00600012000000000000000367060000000033958680005000000000713132
00600012000000000000000367070000000190000000005000000003990000
00600012000000000000000367080000000002256200005000000000047380
00600012000000000000000367090000000013016530005000000000273347
00600012000000000000000367100000000008256200005000000000173380
00600012000000000000000367110000000022314050005000000000468595
00600012000000000000000367120000000021780990005000000000457401
00600012000000000000000367130000000048595040005000000001020496
00600012000000000000000367140000000036363640005000000000763636
00600012000000000000000367150000000020165290005000000000423471
00600012000000000000000367160000000058512400005000000001228760
00600012000000000000000367170000000012396690005000000000260331
00600012000000000000000367180000000103553720005000000002174628
00600012000000000000000367190000000274049590005000000005755041
00600012000000000000000367200000000007603310005000000000159669
00600012000000000000000367210000000029528970005000000000620108
00600012000000000000000367220000000036363640005000000000763636
00600012000000000000000367230000000006842980005000000000143702
00600012000000000000000367240000000019206610005000000000403339
00600012000000000000000367250000000012396690005000000000260331
00600012000000000000000367260000000013537190005000000000284281
00600012000000000000000367270000000002900830005000000000060917
00600012000000000000000367280000000009446280005000000000198372
00600012000000000000000367290000000031822310005000000000668269
00600012000000000000000367300000000036446280005000000000765372
00600012000000000000000367310000000023966940005000000000503306
00600012000000000000000367320000000025500000005000000000535500
00600012000000000000000367330000000035404960005000000000743504
00600012000000000000000367340000000044677690005000000000938231
00600012000000000000000367350000000002900830005000000000060917
00600012000000000000000367360000000060743800005000000001275620
00600012000000000000000367370000000060950410005000000001279959
00600012000000000000000367380000000035702480005000000000749752
00600012000000000000000367390000000060743800005000000001275620
00600012000000000000000367400000000060743800005000000001275620
00600012000000000000000367410000000060743800005000000001275620
00600012000000000000000367420000000060743800005000000001275620
00600012000000000000000367430000000013760330005000000000288967
00600012000000000000000367440000000060743800005000000001275620
00600012000000000000000367450000000020661160005000000000433884
00600012000000000000000367460000000042289260005000000000888074
00600012000000000000000367470000000048949590005000000001027941
00600012000000000000000367480000000043219010005000000000907599
00600012000000000000000367490000000040495870005000000000850413
00600012000000000000000367500000000006842980005000000000143702
00600012000000000000000367510000000021495870005000000000451413
00600012000000000000000367520000000011983470005000000000251653
00600012000000000000000367530000000093570250005000000001964975
00600012000000000000000367540000000017818180005000000000374182
00600012000000000000000367550000000018181820005000000000381818
00600012000000000000000367560000000011173550005000000000234645
00600012000000000000000367570000000039421490005000000000827851
00600012000000000000000367580000000031652890005000000000664711
00600012000000000000000367590000000013223140005000000000277686
00600012000000000000000367600000000020661160005000000000433884
00600012000000000000000367610000000012396690005000000000260331
00600012000000000000000367620000000011404960005000000000239504
00600012000000000000000367630000000035454550005000000000744545
00600012000000000000000367640000000004793390005000000000100661
00600012000000000000000367650000000178041330005000000003738867
00600012000000000000000367660000000018801650005000000000394835
00600012000000000000000367670000000040495870005000000000850413
00600012000000000000000367680000000169297520005000000003555248
00600012000000000000000367690000000027826450005000000000584355
00600012000000000000000367700000000065950410005000000001384959
00600012000000000000000367710000000018181820005000000000381818
00600012000000000000000367720000000032892560005000000000690744
00600012000000000000000367730000000036363640005000000000763636
00600012000000000000000367740000000011983470005000000000251653
00600012000000000000000367750000000053140500005000000001115950
00600012000000000000000367760000000016363640005000000000343636
00600012000000000000000367770000000026239670005000000000551033
00600012000000000000000367780000000040495870005000000000850413
00600012000000000000000367790000000040495870005000000000850413
00600012000000000000000367800000000018181820005000000000381818
00600012000000000000000367810000000040495870005000000000850413
00600012000000000000000367820000000028450410005000000000597459
00600012000000000000000367830000000035330580005000000000741942
00600012000000000000000367840000000040495870005000000000850413
00600012000000000000000367850000000011983470005000000000251653
00600012000000000000000367860000000018181820005000000000381818
00600012000000000000000367870000000279495880005000000005869413
00600012000000000000000367880000000036363640005000000000763636
00600012000000000000000367890000000021157030005000000000444297
00600012000000000000000367900000000107438020005000000002256198
00600012000000000000000367910000000036363640005000000000763636
00600012000000000000000367920000000036363640005000000000763636
00600012000000000000000367930000000011983470005000000000251653
00600012000000000000000367940000000018181820005000000000381818
00600012000000000000000367950000000034363640005000000000721636
00600012000000000000000367960000000030991740005000000000650826
00600012000000000000000367970000000074768590005000000001570141
00600012000000000000000367980000000023801650005000000000499835
00600012000000000000000367990000000076859510005000000001614049
00600012000000000000000368000000000283347090005000000005950291
00600012000000000000000368010000000011157020005000000000234298
00600012000000000000000368020000000072727270005000000001527273
00600012000000000000000368030000000036363640005000000000763636
00600012000000000000000368040000000028190080005000000000591992
00600012000000000000000368050000000027228100005000000000571790
00600012000000000000000368060000000017123970005000000000359603
00600012000000000000000368070000000036942150005000000000775785
00600012000000000000000368080000000065206610005000000001369339
00600012000000000000000368090000000007291740005000000000153126
00600012000000000000000368100000000014400830005000000000302417
00600012000000000000000368110000000040495870005000000000850413
00600012000000000000000368120000000111239670005000000002336033
00600012000000000000000368130000000075702480005000000001589752
00600012000000000000000368140000000072314050005000000001518595
00600012000000000000000368150000000028731400005000000000603360
00600012000000000000000368160000000081570250005000000001712975
00600012000000000000000368170000000003719010005000000000078099
00600012000000000000000368180000000030557850005000000000641715
00600012000000000000000368190000000000991740005000000000020826
00600012000000000000000368200000000012264460005000000000257554
00600012000000000000000368210000000028871900005000000000606310
00600012000000000000000368220000000036669420005000000000770058
00600012000000000000000368230000000003860330005000000000081067
00600012000000000000000368240000000040495870005000000000850413
00600012000000000000000368250000000018801650005000000000394835
00600012000000000000000368260000000039520660005000000000829934
00600012000000000000000368270000000050330580005000000001056942
00600012000000000000000368280000000174425630005000000003662938
00600012000000000000000368290000000057488430005000000001207257
00600012000000000000000368300000000022128100005000000000464690
00600012000000000000000368310000000024355370005000000000511463
00600012000000000000000368320000000040495870005000000000850413
00600012000000000000000368330000000040495870005000000000850413
00600012000000000000000368340000000011157020005000000000234298
00600012000000000000000368350000000026404960005000000000554504
00600012000000000000000368360000000056780990005000000001192401
00600012000000000000000368370000000040495870005000000000850413
00600012000000000000000368380000000017628100005000000000370190
00600012000000000000000368390000000076859510005000000001614049
00600012000000000000000368400000000061607440005000000001293756
00600012000000000000000368410000000036363640005000000000763636
00600012000000000000000368420000000045578510005000000000957149
00600012000000000000000368430000000024710740005000000000518926
00600012000000000000000368440000000040495870005000000000850413
00600012000000000000000368450000000040495870005000000000850413
00600012000000000000000368460000000040495870005000000000850413
00600012000000000000000368470000000040495870005000000000850413
00600012000000000000000368480000000040495870005000000000850413
00600012000000000000000368490000000040495870005000000000850413
00600012000000000000000368500000000040495870005000000000850413
00600012000000000000000368510000000040495870005000000000850413
00600012000000000000000368520000000040495870005000000000850413
00600012000000000000000368530000000058489730005000000001228284
00600012000000000000000368540000000008520660005000000000178934
00600012000000000000000368550000000008520660005000000000178934
00600012000000000000000368560000000008520660005000000000178934
00600012000000000000000368570000000008520660005000000000178934
00600012000000000000000368580000000021508260005000000000451674
00600012000000000000000368590000000135141330005000000002837967
00600012000000000000000368600000000031735540005000000000666446
00600012000000000000000368610000000020661160005000000000433884
00600012000000000000000368620000000011520660005000000000241934
00600012000000000000000368630000000036809920005000000000773008
00600012000000000000000368640000000040495870005000000000850413
00600012000000000000000368650000000050272730005000000001055727
00600012000000000000000368660000000073991730005000000001553827
00600012000000000000000368670000000032314050005000000000678595
00600012000000000000000368680000000053702480005000000001127752
00600012000000000000000368690000000013553720005000000000284628
00600012000000000000000368700000000032103310005000000000674169
00600012000000000000000368710000000015619830005000000000328017
00600012000000000000000368720000000018181820005000000000381818
00600012000000000000000368730000000036363640005000000000763636
00600012000000000000000368740000000134438020005000000002823198
00600012000000000000000368750000000148206610005000000003112339
00600012000000000000000368760000000028760330005000000000603967
00600012000000000000000368770000000147107440005000000003089256
00600012000000000000000368780000000366756190005000000007701881
00600012000000000000000368790000000016661160005000000000349884
00600012000000000000000368800000000159826450005000000003356355
00600012000000000000000368810000000055537190005000000001166281
00600012000000000000000368820000000040533060005000000000851194
00600012000000000000000368830000000176694220005000000003710578
00600012000000000000000368840000000081595040005000000001713496
00600012000000000000000368850000000025066120005000000000526388
00600012000000000000000368860000000054979340005000000001154566
00600012000000000000000368870000000051404960005000000001079504
00600012000000000000000368880000000011454550005000000000240545
00600012000000000000000368890000000186285130005000000003911988
00600012000000000000000368900000000075041320005000000001575868
00600012000000000000000368910000000012809920005000000000269008
00600012000000000000000368920000000096396630005000000002024329
00600012000000000000000368930000000040495870005000000000850413
00600012000000000000000368940000000057438020005000000001206198
00600012000000000000000368950000000237227270005000000004981773
00600012000000000000000368960000000036363640005000000000763636
00600012000000000000000368970000000099586770005000000002091323
00600012000000000000000368980000000040495870005000000000850413
00600012000000000000000368990000000047272730005000000000992727
00600012000000000000000369000000000036363640005000000000763636
00600012000000000000000369010000000040495870005000000000850413
00600012000000000000000369020000000040743800005000000000855620
00600012000000000000000369030000000016528930005000000000347107
00600012000000000000000369040000000069958690005000000001469132
00600012000000000000000369050000000114450410005000000002403459
00600012000000000000000369060000000041404960005000000000869504
00600012000000000000000369070000000032194210005000000000676079
00600012000000000000000369080000000072727270005000000001527273
00600012000000000000000369090000000036363640005000000000763636
00600012000000000000000369100000000020661160005000000000433884
00600012000000000000000369110000000036198350005000000000760165
00600012000000000000000369120000000019173550005000000000402645
00600012000000000000000369130000000020661160005000000000433884
00600012000000000000000369140000000036363640005000000000763636
00600012000000000000000369150000000036363640005000000000763636
00600012000000000000000369160000000085165290005000000001788471
00600012000000000000000369170000000010115700005000000000212430
00600012000000000000000369180000000118181820005000000002481818
00600012000000000000000369190000000066528920005000000001397108
00600012000000000000000369200000000033157020005000000000696298
00600012000000000000000369210000000059289250005000000001245074
00600012000000000000000369220000000050648750005000000001063624
00600012000000000000000369230000000036363640005000000000763636
00600012000000000000000369240000000020826450005000000000437355
00600012000000000000000369250000000026280990005000000000551901
00600012000000000000000369260000000114297520005000000002400248
00600012000000000000000369270000000022314050005000000000468595
00600012000000000000000369280000000015206610005000000000319339
00600012000000000000000369290000000137520660005000000002887934
00600012000000000000000369300000000211900830005000000004449917
00600012000000000000000369310000000038247930005000000000803207
00600012000000000000000369320000000089090910005000000001870909
00600012000000000000000369330000000061392560005000000001289244
00600012000000000000000369340000000037859500005000000000795050
00600012000000000000000369350000000051834710005000000001088529
00600012000000000000000369360000000092809910005000000001949009
00600012000000000000000369370000000021322310005000000000447769
00600012000000000000000369380000000065206610005000000001369339
00600012000000000000000369390000000019487600005000000000409240
00600012000000000000000369400000000012264460005000000000257554
00600012000000000000000369410000000054545450005000000001145455
00600012000000000000000369420000000018181820005000000000381818
00600012000000000000000369430000000032479340005000000000682066
00600012000000000000000369440000000040495870005000000000850413
00600012000000000000000369450000000027966940005000000000587306
00600012000000000000000369460000000003181820005000000000066818
00600012000000000000000369470000000076053720005000000001597128
00600012000000000000000369480000000040495870005000000000850413
00600012000000000000000369490000000005917360005000000000124264
00600012000000000000000369500000000169021480005000000003549452
00600012000000000000000369510000000039752070005000000000834793
00600012000000000000000369520000000064462810005000000001353719
00600012000000000000000369530000000038975210005000000000818479
00600012000000000000000369540000000029504130005000000000619587
00600012000000000000000369550000000044388430005000000000932157
00600012000000000000000369560000000057107440005000000001199256
00600012000000000000000369570000000049409090005000000001037591
00600012000000000000000369580000000040495870005000000000850413
00600012000000000000000369590000000013247930005000000000278207
00600012000000000000000369600000000013636360005000000000286364
00600012000000000000000369610000000052727270005000000001107273
00600012000000000000000369620000000006181820005000000000129818
00600012000000000000000369630000000006082640005000000000127736
00600012000000000000000369640000000006181820005000000000129818
00600012000000000000000369650000000042338840005000000000889116
00600012000000000000000369660000000015805790005000000000331921
00600012000000000000000369670000000014702480005000000000308752
00600012000000000000000369680000000073355380005000000001540463
00600012000000000000000369690000000017355400005000000000364463
00600012000000000000000369700000000053388430005000000001121157
00600012000000000000000369710000000043132230005000000000905777
00600012000000000000000369720000000028295870005000000000594213
00600012000000000000000369730000000012148760005000000000255124
00600012000000000000000369740000000018429750005000000000387025
00600012000000000000000369750000000018181820005000000000381818
00600012000000000000000369760000000061652890005000000001294711
00600012000000000000000369770000000028590910005000000000600409
00600012000000000000000369780000000071900830005000000001509917
00600012000000000000000369790000000028731450005000000000603361
00600012000000000000000369800000000087156870005000000001830294
00600012000000000000000369810000000121785130005000000002557488
00600012000000000000000369820000000027603310005000000000579669
00600012000000000000000369830000000088181820005000000001851818
00600012000000000000000369840000000035371900005000000000742810
00600012000000000000000369850000000076859510005000000001614049
00600012000000000000000369860000000040495870005000000000850413
00600012000000000000000369870000000040495870005000000000850413
00600012000000000000000369880000000021776860005000000000457314
00600012000000000000000369890000000017231400005000000000361860
00600012000000000000000369900000000080991730005000000001700827
00600012000000000000000369910000000040495870005000000000850413
00600012000000000000000369920000000073690090005000000001547491
00600012000000000000000369930000000099665290005000000002092971
00600012000000000000000369940000000040495870005000000000850413
00600012000000000000000369950000000025619830005000000000538017
00600012000000000000000369960000000017107440005000000000359256
00600012000000000000000369970000000072727270005000000001527273
00600012000000000000000369980000000015103310005000000000317169
00600012000000000000000369990000000040495870005000000000850413
00600012000000000000000370000000000050644630005000000001063537
00600012000000000000000370010000000040495870005000000000850413
00600012000000000000000370020000000048698350005000000001022665
00600012000000000000000370030000000029487600005000000000619240
00600012000000000000000370040000000129938020005000000002728698
00600012000000000000000370050000000044297520005000000000930248
00600012000000000000000370060000000018264460005000000000383554
00600012000000000000000370070000000008140500005000000000170950
00600012000000000000000370080000000016023550005000000000336495
00600012000000000000000370090000000036363640005000000000763636
00600012000000000000000370100000000025206610005000000000529339
00600012000000000000000370110000000026483480005000000000556153
00600012000000000000000370120000000003719010005000000000078099
00600012000000000000000370130000000072851230005000000001529876
00600012000000000000000370140000000164239670005000000003449033
00600012000000000000000370150000000083326450005000000001749855
00600012000000000000000370160000000145652890005000000003058711
00600012000000000000000370170000000004752070005000000000099793
00600012000000000000000370180000000002900830005000000000060917
00600012000000000000000370190000000016859500005000000000354050
00600012000000000000000370200000000036669420005000000000770058
00600012000000000000000370210000000251380170005000000005278983
00600012000000000000000370220000000063867770005000000001341223
00600012000000000000000370230000000067851240005000000001424876
00600012000000000000000370240000000046743800005000000000981620
00600012000000000000000370250000000052033060005000000001092694
00600012000000000000000370260000000033086780005000000000694822
00600012000000000000000370270000000105454550005000000002214545
00600012000000000000000370280000000040495870005000000000850413
00600012000000000000000370290000000040495870005000000000850413
00600012000000000000000370300000000022128100005000000000464690
00600012000000000000000370310000000044752070005000000000939793
00600012000000000000000370320000000053950410005000000001132959
00600012000000000000000370330000000010115700005000000000212430
00600012000000000000000370340000000044144630005000000000927037
00600012000000000000000370350000000034152890005000000000717211
00600012000000000000000370360000000018842970005000000000395703
00600012000000000000000370370000000041652890005000000000874711
00600012000000000000000370380000000075388430005000000001583157
00600012000000000000000370390000000115355380005000000002422463
00600012000000000000000370400000000023669420005000000000497058
00600012000000000000000370410000000026404960005000000000554504
00600012000000000000000370420000000015119830005000000000317517
00600012000000000000000370430000000088396700005000000001856330
00600012000000000000000370440000000008429750005000000000177025
00600012000000000000000370450000000056900830005000000001194917
00600012000000000000000370460000000064727270005000000001359273
00600012000000000000000370470000000024793390005000000000520661
00600012000000000000000370480000000053289260005000000001119074
00600012000000000000000370490000000056016530005000000001176347
00600012000000000000000370500000000015665290005000000000328971
00600012000000000000000370510000000046743800005000000000981620
00600012000000000000000370520000000024793390005000000000520661
00600012000000000000000370530000000005276860005000000000110814
00600012000000000000000370540000000025429750005000000000534025
00600012000000000000000370550000000017351240005000000000364376
00600012000000000000000370560000000007735540005000000000162446
00600012000000000000000370570000000026578510005000000000558149
00600012000000000000000370580000000065971080005000000001385392
00600012000000000000000370590000000014400830005000000000302417
00600012000000000000000370600000000048859500005000000001026050
00600012000000000000000370610000000151404950005000000003179505
00600012000000000000000370620000000048462810005000000001017719
00600012000000000000000370630000000095570250005000000002006975
00600012000000000000000370640000000073586770005000000001545323
00600012000000000000000370650000000017016530005000000000357347
00600012000000000000000370660000000040495870005000000000850413
00600012000000000000000370670000000016859500005000000000354050
00600012000000000000000370680000000034561980005000000000725802
00600012000000000000000370690000000001991740005000000000041826
00600012000000000000000370700000000047867770005000000001005223
00600012000000000000000370710000000118611570005000000002490843
00600012000000000000000370720000000025388430005000000000533157
00600012000000000000000370730000000023322310005000000000489769
00600012000000000000000370740000000005950410005000000000124959
00600012000000000000000370750000000044561980005000000000935802
00600012000000000000000370760000000102942150005000000002161785
00600012000000000000000370770000000012785120005000000000268488
00600012000000000000000370780000000015033060005000000000315694
00600012000000000000000370790000000024586780005000000000516322
00600012000000000000000370800000000071537190005000000001502281
00600012000000000000000370810000000114000000005000000002394000
00600012000000000000000370820000000013487600005000000000283240
00600012000000000000000370830000000034297520005000000000720248
00600012000000000000000370840000000130247940005000000002735206
00600012000000000000000370850000000020958680005000000000440132
00600012000000000000000370860000000002256200005000000000047380
00600012000000000000000370870000000034000000005000000000714000
00600012000000000000000370880000000007727270005000000000162273
00600012000000000000000370890000000011590910005000000000243409
00600012000000000000000370900000000003008260005000000000063174
00600012000000000000000370910000000007376030005000000000154897
00600012000000000000000370920000000028012400005000000000588260
00600012000000000000000370930000000037090910005000000000778909
00600012000000000000000370940000000054677690005000000001148231
00600012000000000000000370950000000046338840005000000000973116
00600012000000000000000370960000000043471070005000000000912893
00600012000000000000000370970000000075966950005000000001595305
00600012000000000000000370980000000130380160005000000002737984
00600012000000000000000370990000000047942150005000000001006785
00600012000000000000000371000000000037818180005000000000794182
00600012000000000000000371010000000048066120005000000001009388
00600012000000000000000371020000000016016530005000000000336347
00600012000000000000000371030000000045917360005000000000964264
00600012000000000000000371040000000022107440005000000000464256
00600012000000000000000371050000000095933880005000000002014612
00600012000000000000000371060000000015595040005000000000327496
00600012000000000000000371070000000011520660005000000000241934
00600012000000000000000371080000000040495870005000000000850413
00600012000000000000000371090000000131074380005000000002752563
00600012000000000000000371100000000054735540005000000001149446
00600012000000000000000371110000000023966940005000000000503306
00600012000000000000000371120000000160066110005000000003361389
00600012000000000000000371130000000081123970005000000001703603
00600012000000000000000371140000000040495870005000000000850413
00600012000000000000000371150000000014400830005000000000302417
00600012000000000000000371160000000020661160005000000000433884
00600012000000000000000371170000000022479340005000000000472066
00600012000000000000000371180000000045814050005000000000962095
00600012000000000000000371190000000100115700005000000002102430
00600012000000000000000371200000000043041320005000000000903868
00600012000000000000000371210000000107702480005000000002261752
00600012000000000000000371220000000103033050005000000002163695
00800012000000000000000010950000000054148760005000000001137124
00800012000000000000000010960000000023933880005000000000502612
00800012000000000000000010970000000004793390005000000000100661
00800012000000000000000010980000000002900830005000000000060917
00800012000000000000000010990000000060950410005000000001279959
00800012000000000000000011000000000129669420005000000002723058
00800012000000000000000011010000000014958680005000000000314132
00800012000000000000000011020000000190000000005000000003990000
00800012000000000000000011030000000072604960005000000001524704
00800012000000000000000011040000000013884300005000000000291570
00800012000000000000000011050000000083326450005000000001749855
00100013000000000000000014170000000068429750005000000001437025
00100013000000000000000014180000000040909090005000000000859091
00100013000000000000000014190000000017066100005000000000358388
00100013000000000000000014200000000035165290005000000000738471
00100013000000000000000014210000000042655290005000000000895761
00100013000000000000000014220000000145483470005000000003055153
00100013000000000000000014230000000060185950005000000001263905
00600013000000000000000379290000000152975200005000000003212480
00600013000000000000000379300000000100834710005000000002117529
00600013000000000000000379310000000035041320005000000000735868
00600013000000000000000379320000000009595040005000000000201496
00600013000000000000000379330000000018371900005000000000385810
00600013000000000000000379340000000013239670005000000000278033
00600013000000000000000379350000000209268590005000000004394641
00600013000000000000000379360000000036363640005000000000763636
00600013000000000000000379370000000014958680005000000000314132
00600013000000000000000379380000000105090910005000000002206909
00600013000000000000000379390000000018595040005000000000390496
00600013000000000000000379400000000031537190005000000000662281
00600013000000000000000379410000000040495870005000000000850413
00600013000000000000000379420000000054297540005000000001140248
00600013000000000000000379430000000084669420005000000001778058
00600013000000000000000379440000000033057850005000000000694215
00600013000000000000000379450000000171000000005000000003591000
00600013000000000000000379460000000127851240005000000002684876
00600013000000000000000379470000000036363640005000000000763636
00600013000000000000000379480000000040495870005000000000850413
00600013000000000000000379490000000046413220005000000000974678
00600013000000000000000379500000000062066120005000000001303388
00600013000000000000000379510000000023140500005000000000485950
00600013000000000000000379520000000047454550005000000000996545
00600013000000000000000379530000000011570250005000000000242975
00600013000000000000000379540000000171000000005000000003591000
00600013000000000000000379550000000043057880005000000000904216
00600013000000000000000379560000000022314050005000000000468595
00600013000000000000000379570000000020247930005000000000425207
00600013000000000000000379580000000065330580005000000001371942
00600013000000000000000379590000000019999990005000000000420000
00600013000000000000000379600000000050859500005000000001068050
00600013000000000000000379610000000152727270005000000003207273
00600013000000000000000379620000000010165290005000000000213471
00600013000000000000000379630000000051900830005000000001089917
00600013000000000000000379640000000032396690005000000000680331
00600013000000000000000379650000000036363640005000000000763636
00600013000000000000000379660000000192404950005000000004040505
00600013000000000000000379670000000029008260005000000000609174
00600013000000000000000379680000000020301650005000000000426335
00600013000000000000000379690000000027289180005000000000573073
00600013000000000000000379700000000020661160005000000000433884
00600013000000000000000379710000000096859510005000000002034049
00600013000000000000000379720000000004561980005000000000095802
00600013000000000000000379730000000031487600005000000000661240
00600013000000000000000379740000000021566120005000000000452888
00600013000000000000000379750000000041818180005000000000878182
00600013000000000000000379760000000102698340005000000002156666
00600013000000000000000379770000000114950410005000000002413959
00600013000000000000000379780000000012644630005000000000265537
00600013000000000000000379790000000033057850005000000000694215
00600013000000000000000379800000000011975210005000000000251479
00600013000000000000000379810000000076859510005000000001614049
00600013000000000000000379820000000028099170005000000000590083
00600013000000000000000379830000000028099170005000000000590083
00600013000000000000000379840000000002396690005000000000050331
00600013000000000000000379850000000030495870005000000000640413
00600013000000000000000379860000000028429750005000000000597025
00600013000000000000000379870000000033471070005000000000702893
00600013000000000000000379880000000036363640005000000000763636
00600013000000000000000379890000000011528930005000000000242107
00600013000000000000000379900000000053429750005000000001122025
00600013000000000000000379910000000006214880005000000000130512
00600013000000000000000379920000000008264460005000000000173554
00600013000000000000000379930000000059207270005000000001243353
00600013000000000000000379940000000035289260005000000000741074
00600013000000000000000379950000000034421490005000000000722851
00600013000000000000000379960000000075537190005000000001586281
00600013000000000000000379970000000036363640005000000000763636
00600013000000000000000379980000000036363640005000000000763636
00600013000000000000000379990000000036363640005000000000763636
00600013000000000000000380000000000004132230005000000000086777
00600013000000000000000380010000000036363640005000000000763636
00600013000000000000000380020000000036363640005000000000763636
00600013000000000000000380030000000036363640005000000000763636
00600013000000000000000380040000000032066120005000000000673388
00600013000000000000000380050000000018181820005000000000381818
00600013000000000000000380060000000013595040005000000000285496
00600013000000000000000380070000000128206610005000000002692339
00600013000000000000000380080000000040495870005000000000850413
00600013000000000000000380090000000028537190005000000000599281
00600013000000000000000380100000000019834710005000000000416529
00600013000000000000000380110000000028099170005000000000590083
00600013000000000000000380120000000036363640005000000000763636
00600013000000000000000380130000000036363640005000000000763636
00600013000000000000000380140000000101074380005000000002122562
00600013000000000000000380150000000095247940005000000002000206
00600013000000000000000380160000000016115700005000000000338430
00600013000000000000000380170000000039090910005000000000820909
00600013000000000000000380180000000072148760005000000001515124
00600013000000000000000380190000000034793390005000000000730661
00600013000000000000000380200000000066892560005000000001404744
00600013000000000000000380210000000028677690005000000000602231
00600013000000000000000380220000000003685950005000000000077405
00600013000000000000000380230000000005983470005000000000125653
00600013000000000000000380240000000034876030005000000000732397
00600013000000000000000380250000000022809920005000000000479008
00600013000000000000000380260000000259669420005000000005453058
00600013000000000000000380270000000097190090005000000002040991
00600013000000000000000380280000000011570250005000000000242975
00600013000000000000000380290000000031983470005000000000671653
00600013000000000000000380300000000036363640005000000000763636
00600013000000000000000380310000000010413220005000000000218678
00600013000000000000000380320000000036363640005000000000763636
00600013000000000000000380330000000127156960005000000002670296
00600013000000000000000380340000000040495870005000000000850413
00600013000000000000000380350000000013223140005000000000277686
00600013000000000000000380360000000028330580005000000000594942
00600013000000000000000380370000000027074380005000000000568562
00600013000000000000000380380000000026611570005000000000558843
00600013000000000000000380390000000034578510005000000000726149
00600013000000000000000380400000000028933880005000000000607612
00600013000000000000000380410000000077520660005000000001627934
00600013000000000000000380420000000134103310005000000002816169
00600013000000000000000380430000000123570250005000000002594975
00600013000000000000000380440000000244363640005000000005131636
00600013000000000000000380450000000201380170005000000004228983
00600013000000000000000380460000000036363640005000000000763636
00600013000000000000000380470000000040495870005000000000850413
00600013000000000000000380480000000005785120005000000000121488
00600013000000000000000380490000000075747940005000000001590706
00600013000000000000000380500000000040495870005000000000850413
00600013000000000000000380510000000027933880005000000000586612
00600013000000000000000380520000000073165290005000000001536471
00600013000000000000000380530000000024607440005000000000516756
00600013000000000000000380540000000013223140005000000000277686
00600013000000000000000380550000000028264460005000000000593554
00600013000000000000000380560000000030549590005000000000641541
00600013000000000000000380570000000077603300005000000001629670
00600013000000000000000380580000000020082640005000000000421736
00600013000000000000000380590000000073801660005000000001549834
00600013000000000000000380600000000010743800005000000000225620
00600013000000000000000380610000000040495870005000000000850413
00600013000000000000000380620000000004702480005000000000098752
00600013000000000000000380630000000040495870005000000000850413
00600013000000000000000380640000000041570250005000000000872975
00600013000000000000000380650000000012272730005000000000257727
00600013000000000000000380660000000087851240005000000001844876
00600013000000000000000380670000000019090910005000000000400909
00600013000000000000000380680000000021487600005000000000451240
00600013000000000000000380690000000004512400005000000000094760
00600013000000000000000380700000000023834710005000000000500529
00600013000000000000000380710000000005917360005000000000124264
00600013000000000000000380720000000018884300005000000000396570
00600013000000000000000380730000000013223140005000000000277686
00600013000000000000000380740000000043504130005000000000913587
00600013000000000000000380750000000040495870005000000000850413
00600013000000000000000380760000000004132230005000000000086777
00600013000000000000000380770000000004132230005000000000086777
00600013000000000000000380780000000064958680005000000001364132
00600013000000000000000380790000000023966940005000000000503306
00600013000000000000000380800000000052128100005000000001094690
00600013000000000000000380810000000053330580005000000001119942
00600013000000000000000380820000000040495870005000000000850413
00600013000000000000000380830000000013636360005000000000286364
00600013000000000000000380840000000023966940005000000000503306
00600013000000000000000380850000000017438020005000000000366198
00600013000000000000000380860000000149297520005000000003135248
00600013000000000000000380870000000463932130005000000009742575
00600013000000000000000380880000000093553720005000000001964628
00600013000000000000000380890000000001214880005000000000025512
00600013000000000000000380900000000052694210005000000001106579
00600013000000000000000380910000000030578510005000000000642149
00600013000000000000000380920000000055123970005000000001157603
00600013000000000000000380930000000084231410005000000001768859
00600013000000000000000380940000000048677690005000000001022231
00600013000000000000000380950000000006842980005000000000143702
00600013000000000000000380960000000023966940005000000000503306
00600013000000000000000380970000000023223140005000000000487686
00600013000000000000000380980000000004512400005000000000094760
00600013000000000000000380990000000088066120005000000001849388
00600013000000000000000381000000000093950410005000000001972959
00600013000000000000000381010000000009256200005000000000194380
00600013000000000000000381020000000060471070005000000001269893
00600013000000000000000381030000000039933880005000000000838612
00600013000000000000000381040000000021566120005000000000452888
00600013000000000000000381050000000021566090005000000000452888
00600013000000000000000381060000000020413220005000000000428678
00600013000000000000000381070000000002661160005000000000055884
00600013000000000000000381080000000018181820005000000000381818
00600013000000000000000381090000000018181820005000000000381818
00600013000000000000000381100000000013305790005000000000279421
00600013000000000000000381110000000009595040005000000000201496
00600013000000000000000381120000000087603300005000000001839670
00600013000000000000000381130000000013223140005000000000277686
00600013000000000000000381140000000058735540005000000001233446
00600013000000000000000381150000000060247930005000000001265207
00600013000000000000000381160000000023801650005000000000499835
00600013000000000000000381170000000016942150005000000000355785
00600013000000000000000381180000000034297520005000000000720248
00600013000000000000000381190000000013305790005000000000279421
00600013000000000000000381200000000011570250005000000000242975
00600013000000000000000381210000000009669420005000000000203058
00600013000000000000000381220000000029975210005000000000629479
00600013000000000000000381230000000040495870005000000000850413
00600013000000000000000381240000000020826450005000000000437355
00600013000000000000000381250000000022561980005000000000473802
00600013000000000000000381260000000015289260005000000000321074
00600013000000000000000381270000000040495870005000000000850413
00600013000000000000000381280000000047107440005000000000989256
00600013000000000000000381290000000077520660005000000001627934
00600013000000000000000381300000000017066120005000000000358388
00600013000000000000000381310000000000115700005000000000002430
00600013000000000000000381320000000001239670005000000000026033
00600013000000000000000381330000000028834710005000000000605529
00600013000000000000000381340000000036363640005000000000763636
00600013000000000000000381350000000030198350005000000000634165
00600013000000000000000381360000000000115700005000000000002430
00600013000000000000000381370000000111570310005000000002342977
00600013000000000000000381380000000017582640005000000000369236
00600013000000000000000381390000000090082650005000000001891735
00600013000000000000000381400000000132644630005000000002785538
00600013000000000000000381410000000028099170005000000000590083
00600013000000000000000381420000000005892560005000000000123744
00600013000000000000000381430000000056066120005000000001177388
00600013000000000000000381440000000029628100005000000000622190
00600013000000000000000381450000000077603290005000000001629670
00600013000000000000000381460000000040495870005000000000850413
00600013000000000000000381470000000056694210005000000001190579
00600013000000000000000381480000000014280990005000000000299901
00600013000000000000000381490000000026239670005000000000551033
00600013000000000000000381500000000002256200005000000000047380
00600013000000000000000381510000000000909090005000000000019091
00600013000000000000000381520000000027743800005000000000582620
00600013000000000000000381530000000039123970005000000000821603
00600013000000000000000381540000000091962810005000000001931219
00600013000000000000000381550000000013223140005000000000277686
00600013000000000000000381560000000079867770005000000001677223
00600013000000000000000381570000000074454550005000000001563545
00600013000000000000000381580000000047595040005000000000999496
00600013000000000000000381590000000042479260005000000000892064
00600013000000000000000381600000000010165290005000000000213471
00600013000000000000000381610000000009256200005000000000194380
00600013000000000000000381620000000012644630005000000000265537
00600013000000000000000381630000000046363640005000000000973636
00600013000000000000000381640000000209752060005000000004404794
00600013000000000000000381650000000037438020005000000000786198
00600013000000000000000381660000000046057850005000000000967215
00600013000000000000000381670000000017768600005000000000373140
00600013000000000000000381680000000041239670005000000000866033
00600013000000000000000381690000000035033060005000000000735694
00600013000000000000000381700000000048495870005000000001018413
00600013000000000000000381710000000022066120005000000000463388
00600013000000000000000381720000000022913220005000000000481178
00600013000000000000000381730000000010743800005000000000225620
00600013000000000000000381740000000045123970005000000000947603
00600013000000000000000381750000000050578510005000000001062149
00600013000000000000000381760000000028396690005000000000596331
00600013000000000000000381770000000020578510005000000000432149
00600013000000000000000381780000000030454540005000000000639546
00600013000000000000000381790000000031487600005000000000661240
00600013000000000000000381800000000022016530005000000000462347
00600013000000000000000381810000000048495870005000000001018413
00600013000000000000000381820000000079338840005000000001666116
00600013000000000000000381830000000063947110005000000001342889
00600013000000000000000381840000000064297520005000000001350248
00600013000000000000000381850000000033719010005000000000708099
00600013000000000000000381860000000017520660005000000000367934
00600013000000000000000381870000000035330580005000000000741942
00600013000000000000000381880000000048677690005000000001022231
00600013000000000000000381890000000025785120005000000000541488
00600013000000000000000381900000000019834710005000000000416529
00600013000000000000000381910000000025537200005000000000536281
00600013000000000000000381920000000028396690005000000000596331
00600013000000000000000381930000000025785120005000000000541488
00600013000000000000000381940000000016859500005000000000354050
00600013000000000000000381950000000023801650005000000000499835
00600013000000000000000381960000000020413200005000000000428677
00600013000000000000000381970000000006388430005000000000134157
00600013000000000000000381980000000092454550005000000001941545
00600013000000000000000381990000000035867770005000000000753223
00600013000000000000000382000000000037107440005000000000779256
00600013000000000000000382010000000013834710005000000000290529
00600013000000000000000382020000000039090910005000000000820909
00600013000000000000000382030000000018016530005000000000378347
00600013000000000000000382040000000006479340005000000000136066
00600013000000000000000382050000000029082640005000000000610736
00600013000000000000000382060000000092454550005000000001941545
00600013000000000000000382070000000007603310005000000000159669
00600013000000000000000382080000000006363640005000000000133636
00600013000000000000000382090000000047768590005000000001003141
00600013000000000000000382100000000039917360005000000000838264
00600013000000000000000382110000000026727270005000000000561273
00600013000000000000000382120000000087520660005000000001837934
00600013000000000000000382130000000089338840005000000001876116
00600013000000000000000382140000000047603300005000000000999670
00600013000000000000000382150000000049917360005000000001048264
00600013000000000000000382160000000088066120005000000001849388
00600013000000000000000382170000000040495870005000000000850413
00600013000000000000000382180000000137342970005000000002884203
00600013000000000000000382190000000040495870005000000000850413
00600013000000000000000382200000000015309920005000000000321508
00600013000000000000000382210000000209669420005000000004403058
00600013000000000000000382220000000088595040005000000001860496
00600013000000000000000382230000000068925620005000000001447438
00600013000000000000000382240000000022314050005000000000468595
00600013000000000000000382250000000022314050005000000000468595
00600013000000000000000382260000000007867770005000000000165223
00600013000000000000000382270000000029198350005000000000613165
00600013000000000000000382280000000051570250005000000001082975
00600013000000000000000382290000000098519260005000000002068905
00600013000000000000000382300000000011570250005000000000242975
00600013000000000000000382310000000074607440005000000001566756
00600013000000000000000382320000000040495870005000000000850413
00600013000000000000000382330000001346611630005000000028278838
00600013000000000000000382340000000013636360005000000000286364
00600013000000000000000382350000000005685950005000000000119405
00600013000000000000000382360000000039462810005000000000828719
00600013000000000000000382370000000040495870005000000000850413
00600013000000000000000382380000000022314050005000000000468595
00600013000000000000000382390000000011438020005000000000240198
00600013000000000000000382400000000032859500005000000000690050
00600013000000000000000382410000000023210740005000000000487426
00600013000000000000000382420000000093024800005000000001953520
00600013000000000000000382430000000045661160005000000000958884
00600013000000000000000382440000000038123970005000000000800603
00600013000000000000000382450000000004958680005000000000104132
00600013000000000000000382460000000006842980005000000000143702
00600013000000000000000382470000000073128100005000000001535690
00600013000000000000000382480000000017702480005000000000371752
00600013000000000000000382490000000011280990005000000000236901
00600013000000000000000382500000000139268590005000000002924641
00600013000000000000000382510000000024586610005000000000516319
00600013000000000000000382520000000050975210005000000001070479
00600013000000000000000382530000000077566120005000000001628888
00600013000000000000000382540000000125878100005000000002643440
00600013000000000000000382550000000058657020005000000001231798
00600013000000000000000382560000000125878100005000000002643440
00600013000000000000000382570000000036363640005000000000763636
00600013000000000000000382580000000009132230005000000000191777
00600013000000000000000382590000000036363640005000000000763636
00600013000000000000000382600000000010185950005000000000213905
00600013000000000000000382610000000040495870005000000000850413
00600013000000000000000382620000000117921480005000000002476352
00600013000000000000000382630000000040495870005000000000850413
00600013000000000000000382640000000016859500005000000000354050
00600013000000000000000382650000000016859500005000000000354050
00600013000000000000000382660000000069404960005000000001457504
00600013000000000000000382670000000009917360005000000000208264
00600013000000000000000382680000000030347110005000000000637289
00600013000000000000000382690000000036191730005000000000760027
00600013000000000000000382700000000031966940005000000000671306
00600013000000000000000382710000000000347110005000000000007289
00600013000000000000000382720000000145546750005000000003056481
00600013000000000000000382730000000120404960005000000002528504
00600013000000000000000382740000000002735540005000000000057446
00600013000000000000000382750000000027024790005000000000567521
00600013000000000000000382760000000019669420005000000000413058
00600013000000000000000382770000000061396700005000000001289330
00600013000000000000000382780000000109289260005000000002295074
00600013000000000000000382790000000011871900005000000000249310
00600013000000000000000382800000000102280990005000000002147901
00600013000000000000000382810000000089987600005000000001889740
00600013000000000000000382820000000029619830005000000000622017
00600013000000000000000382830000000040495870005000000000850413
00600013000000000000000382840000000053809920005000000001130008
00600013000000000000000382850000000013834710005000000000290529
00600013000000000000000382860000000013834710005000000000290529
00600013000000000000000382870000000022619830005000000000475017
00600013000000000000000382880000000010330580005000000000216942
00600013000000000000000382890000000014512400005000000000304760
00600013000000000000000382900000000002256200005000000000047380
00600013000000000000000382910000000097574380005000000002049062
00600013000000000000000382920000000034702480005000000000728752
00600013000000000000000382930000000017702480005000000000371752
00600013000000000000000382940000000037371900005000000000784810
00600013000000000000000382950000000074710740005000000001568926
00600013000000000000000382960000000016297520005000000000342248
00600013000000000000000382970000000011880170005000000000249483
00600013000000000000000382980000000034049590005000000000715041
00600013000000000000000382990000000029785120005000000000625488
00600013000000000000000383000000000020826450005000000000437355
00600013000000000000000383010000000093966950005000000001973305
00600013000000000000000383020000000056264460005000000001181554
00600013000000000000000383030000000005971070005000000000125393
00600013000000000000000383040000000022128100005000000000464690
00600013000000000000000383050000000007376030005000000000154897
00600013000000000000000383060000000044958680005000000000944132
00600013000000000000000383070000000109561980005000000002300802
00600013000000000000000383080000000133751910005000000002808791
00600013000000000000000383090000000162909090005000000003421091
00600013000000000000000383100000000016475210005000000000345979
00600013000000000000000383110000000009834710005000000000206529
00600013000000000000000383120000000173809920005000000003650008
00600013000000000000000383130000000009132230005000000000191777
00600013000000000000000383140000000038776870005000000000814314
00600013000000000000000383150000000083239670005000000001748033
00600013000000000000000383160000000018756200005000000000393880
00600013000000000000000383170000000046367770005000000000973723
00600013000000000000000383180000000022057850005000000000463215
00600013000000000000000383190000000042219010005000000000886599
00600013000000000000000383200000000073268590005000000001538641
00600013000000000000000383210000000155599170005000000003267583
00600013000000000000000383220000000078256200005000000001643380
00600013000000000000000383230000000180818190005000000003797181
00600013000000000000000383240000000099822330005000000002096269
00600013000000000000000383250000000028099170005000000000590083
00600013000000000000000383260000000019950410005000000000418959
00600013000000000000000383270000000078150830005000000001641167
00600013000000000000000383280000000055706610005000000001169839
00600013000000000000000383290000000015342980005000000000322202
00600013000000000000000383300000000061780990005000000001297401
00600013000000000000000383310000000020826450005000000000437355
00600013000000000000000383320000000052644630005000000001105537
00600013000000000000000383330000000066314050005000000001392595
00600013000000000000000383340000000066314050005000000001392595
00600013000000000000000383350000000075235540005000000001579946
00800013000000000000000010490000000171000000005000000003591000
00800013000000000000000010500000000046413220005000000000974678
00800013000000000000000010510000000015950410005000000000334959
00800013000000000000000010520000000036363640005000000000763636
00800013000000000000000010530000000101074380005000000002122562
00800013000000000000000010540000000072148760005000000001515124
00800013000000000000000010550000000021566120005000000000452888
00800013000000000000000010560000000013223140005000000000277686
00800013000000000000000010570000000000115700005000000000002430
00800013000000000000000010580000000048495870005000000001018413
00800013000000000000000010590000000092454550005000000001941545
00800013000000000000000010600000000125878100005000000002643440
00800013000000000000000010610000000009917360005000000000208264
00800013000000000000000010620000000013834710005000000000290529
00800013000000000000000010630000000017702480005000000000371752
00800013000000000000000010640000000066314050005000000001392595
00100015000000000000000003090000000055206630005000000001159339
00100015000000000000000003100000000027570250005000000000578975
00600015000000000000000215800000000082735540005000000001737446
00600015000000000000000215810000000024322310005000000000510769
00600015000000000000000215820000000040495870005000000000850413
00600015000000000000000215830000000040495870005000000000850413
00600015000000000000000215840000000040495870005000000000850413
00600015000000000000000215850000000217603310005000000004569669
00600015000000000000000215860000000181190080005000000003804992
00600015000000000000000215870000000040495870005000000000850413
00600015000000000000000215880000000040495870005000000000850413
00600015000000000000000215890000000040495870005000000000850413
00600015000000000000000215900000000009752070005000000000204793
00600015000000000000000215910000000040495870005000000000850413
00600015000000000000000215920000000040495870005000000000850413
00600015000000000000000215930000000040495870005000000000850413
00600015000000000000000215940000000040495870005000000000850413
00600015000000000000000215950000000035595040005000000000747496
00600015000000000000000215960000000075446280005000000001584372
00600015000000000000000215970000000011157030005000000000234298
00600015000000000000000215980000000019834710005000000000416529
00600015000000000000000215990000000030578550005000000000642150
00600015000000000000000216000000000059090910005000000001240909
00600015000000000000000216010000000102297520005000000002148248
00600015000000000000000216020000000011157020005000000000234298
00600015000000000000000216030000000022314050005000000000468595
00600015000000000000000216040000000024768600005000000000520140
00600015000000000000000216050000000006247930005000000000131207
00600015000000000000000216060000000018892560005000000000396744
00600015000000000000000216070000000086280990005000000001811901
00600015000000000000000216080000000016578510005000000000348149
00600015000000000000000216090000000040495870005000000000850413
00600015000000000000000216100000000036363640005000000000763636
00600015000000000000000216110000000263452910005000000005532509
00600015000000000000000216120000000009834710005000000000206529
00600015000000000000000216130000000045570250005000000000956975
00600015000000000000000216140000000140694220005000000002954578
00600015000000000000000216150000000062128000005000000001304688
00600015000000000000000216160000000032272760005000000000677728
00600015000000000000000216170000000037517360005000000000787864
00600015000000000000000216180000000040495870005000000000850413
00600015000000000000000216190000000049256200005000000001034380
00600015000000000000000216200000000043223140005000000000907686
00600015000000000000000216210000000007066110005000000000148388
00600015000000000000000216220000000040495870005000000000850413
00600015000000000000000216230000000022314050005000000000468595
00600015000000000000000216240000000066280990005000000001391901
00600015000000000000000216250000000009256200005000000000194380
00600015000000000000000216260000000002256200005000000000047380
00600015000000000000000216270000000030644630005000000000643537
00600015000000000000000216280000000011983500005000000000251654
00600015000000000000000216290000000019859500005000000000417050
00600015000000000000000216300000000122450410005000000002571459
00600015000000000000000216310000000011157020005000000000234298
00600015000000000000000216320000000036363640005000000000763636
00600015000000000000000216330000000040495870005000000000850413
00600015000000000000000216340000000034586780005000000000726322
00600015000000000000000216350000000040495870005000000000850413
00600015000000000000000216360000000101074380005000000002122562
00600015000000000000000216370000000040495870005000000000850413
00600015000000000000000216380000000040495870005000000000850413
00600015000000000000000216390000000018181820005000000000381818
00600015000000000000000216400000000040495870005000000000850413
00600015000000000000000216410000000018181820005000000000381818
00600015000000000000000216420000000040495870005000000000850413
00600015000000000000000216430000000041983410005000000000881652
00600015000000000000000216440000000020900830005000000000438917
00600015000000000000000216450000000020694210005000000000434579
00600015000000000000000216460000000007388430005000000000155157
00600015000000000000000216470000000040495870005000000000850413
00600015000000000000000216480000000040495870005000000000850413
00600015000000000000000216490000000072892560005000000001530744
00600015000000000000000216500000000017685950005000000000371405
00600015000000000000000216510000000018181820005000000000381818
00600015000000000000000216520000000040495870005000000000850413
00600015000000000000000216530000000003049590005000000000064041
00600015000000000000000216540000000036363640005000000000763636
00600015000000000000000216550000000028190080005000000000591992
00600015000000000000000216560000000008809920005000000000185008
00600015000000000000000216570000000040495870005000000000850413
00600015000000000000000216580000000003719010005000000000078099
00600015000000000000000216590000000040495870005000000000850413
00600015000000000000000216600000000040495870005000000000850413
00600015000000000000000216610000000010909090005000000000229091
00600015000000000000000216620000000112727270005000000002367273
00600015000000000000000216630000000040495870005000000000850413
00600015000000000000000216640000000114462890005000000002403720
00600015000000000000000216650000000021900830005000000000459917
00600015000000000000000216660000000002256200005000000000047380
00600015000000000000000216670000000008264460005000000000173554
00600015000000000000000216680000000022314050005000000000468595
00600015000000000000000216690000000040495870005000000000850413
00600015000000000000000216700000000042677730005000000000896232
00600015000000000000000216710000000040495870005000000000850413
00600015000000000000000216720000000040495870005000000000850413
00600015000000000000000216730000000040495870005000000000850413
00600015000000000000000216740000000040495870005000000000850413
00600015000000000000000216750000000040495870005000000000850413
00600015000000000000000216760000000040495870005000000000850413
00600015000000000000000216770000000040495870005000000000850413
00600015000000000000000216780000000040495870005000000000850413
00600015000000000000000216790000000086694220005000000001820578
00600015000000000000000216800000000015206610005000000000319339
00600015000000000000000216810000000048099190005000000001010083
00600015000000000000000216820000000008561980005000000000179802
00600015000000000000000216830000000019173550005000000000402645
00600015000000000000000216840000000056446280005000000001185372
00600015000000000000000216850000000012148760005000000000255124
00600015000000000000000216860000000021289260005000000000447074
00600015000000000000000216870000000043363640005000000000910636
00600015000000000000000216880000000130871900005000000002748310
00600015000000000000000216890000000008677690005000000000182231
00600015000000000000000216900000000054074380005000000001135562
00600015000000000000000216910000000040495870005000000000850413
00600015000000000000000216920000000040495870005000000000850413
00600015000000000000000216930000000040495870005000000000850413
00600015000000000000000216940000000040495870005000000000850413
00600015000000000000000216950000000040495870005000000000850413
00600015000000000000000216960000000040495870005000000000850413
00600015000000000000000216970000000066611570005000000001398843
00600015000000000000000216980000000006247930005000000000131207
00600015000000000000000216990000000065528910005000000001376107
00600015000000000000000217000000000056752070005000000001191793
00600015000000000000000217010000000010578510005000000000222149
00600015000000000000000217020000000031685950005000000000665405
00600015000000000000000217030000000017851240005000000000374876
00600015000000000000000217040000000016198350005000000000340165
00600015000000000000000217050000000036363640005000000000763636
00600015000000000000000217060000000006247930005000000000131207
00600015000000000000000217070000000012438020005000000000261198
00600015000000000000000217080000000040495870005000000000850413
00600015000000000000000217090000000018181820005000000000381818
00600015000000000000000217100000000012148760005000000000255124
00600015000000000000000217110000000040495870005000000000850413
00600015000000000000000217120000000040495870005000000000850413
00600015000000000000000217130000000040495870005000000000850413
00600015000000000000000217140000000040495870005000000000850413
00600015000000000000000217150000000042148760005000000000885124
00600015000000000000000217160000000040495870005000000000850413
00600015000000000000000217170000000044710740005000000000938926
00600015000000000000000217180000000012727270005000000000267273
00600015000000000000000217190000000005322320005000000000111769
00600015000000000000000217200000000040495870005000000000850413
00600015000000000000000217210000000018099170005000000000380083
00600015000000000000000217220000000008842980005000000000185702
00600015000000000000000217230000000018181820005000000000381818
00600015000000000000000217240000000018181820005000000000381818
00600015000000000000000217250000000016611570005000000000348843
00600015000000000000000217260000000047743800005000000001002620
00600015000000000000000217270000000040495870005000000000850413
00600015000000000000000217280000000008925620005000000000187438
00600015000000000000000217290000000018181820005000000000381818
00600015000000000000000217300000000040495870005000000000850413
00600015000000000000000217310000000040495870005000000000850413
00600015000000000000000217320000000040495870005000000000850413
00600015000000000000000217330000000040495870005000000000850413
00600015000000000000000217340000000004190080005000000000087992
00600015000000000000000217350000000040495870005000000000850413
00600015000000000000000217360000000040495870005000000000850413
00600015000000000000000217370000000036504130005000000000766587
00600015000000000000000217380000000050413220005000000001058678
00600015000000000000000217390000000040495870005000000000850413
00600015000000000000000217400000000040495870005000000000850413
00600015000000000000000217410000000032041320005000000000672868
00600015000000000000000217420000000017000000005000000000357000
00600015000000000000000217430000000035289260005000000000741074
00600015000000000000000217440000000022314050005000000000468595
00600015000000000000000217450000000040495870005000000000850413
00600015000000000000000217460000000040495870005000000000850413
00600015000000000000000217470000000040495870005000000000850413
00600015000000000000000217480000000040495870005000000000850413
00600015000000000000000217490000000040495870005000000000850413
00600015000000000000000217500000000026214880005000000000550512
00600015000000000000000217510000000040495870005000000000850413
00600015000000000000000217520000000014628100005000000000307190
00600015000000000000000217530000000022314050005000000000468595
00600015000000000000000217540000000013760330005000000000288967
00600015000000000000000217550000000040495870005000000000850413
00600015000000000000000217560000000022314050005000000000468595
00600015000000000000000217570000000010413220005000000000218678
00600015000000000000000217580000000040495870005000000000850413
00600015000000000000000217590000000006247930005000000000131207
00600015000000000000000217600000000004090910005000000000085909
00600015000000000000000217610000000011570250005000000000242975
00600015000000000000000217620000000040495870005000000000850413
00600015000000000000000217630000000040495870005000000000850413
00600015000000000000000217640000000040495870005000000000850413
00600015000000000000000217650000000040495870005000000000850413
00600015000000000000000217660000000030570250005000000000641975
00600015000000000000000217670000000086198340005000000001810166
00600015000000000000000217680000000038925620005000000000817438
00600015000000000000000217690000000041322310005000000000867769
00600015000000000000000217700000000223057840005000000004684216
00600015000000000000000217710000000040495870005000000000850413
00600015000000000000000217720000000019115700005000000000401430
00600015000000000000000217730000000022479340005000000000472066
00600015000000000000000217740000000022314050005000000000468595
00600015000000000000000217750000000040495870005000000000850413
00600015000000000000000217760000000023801650005000000000499835
00600015000000000000000217770000000040495870005000000000850413
00600015000000000000000217780000000040495870005000000000850413
00600015000000000000000217790000000040495870005000000000850413
00600015000000000000000217800000000022314050005000000000468595
00600015000000000000000217810000000040495870005000000000850413
00600015000000000000000217820000000040495870005000000000850413
00600015000000000000000217830000000031219010005000000000655599
00600015000000000000000217840000000040495870005000000000850413
00600015000000000000000217850000000040495870005000000000850413
00600015000000000000000217860000000040495870005000000000850413
00600015000000000000000217870000000022561980005000000000473802
00600015000000000000000217880000000012148760005000000000255124
00600015000000000000000217890000000034049590005000000000715041
00600015000000000000000217900000000053057850005000000001114215
00600015000000000000000217910000000040495870005000000000850413
00600015000000000000000217920000000012148760005000000000255124
00600015000000000000000217930000000040495870005000000000850413
00600015000000000000000217940000000040495870005000000000850413
00600015000000000000000217950000000040495870005000000000850413
00600015000000000000000217960000000040495870005000000000850413
00600015000000000000000217970000000040495870005000000000850413
00600015000000000000000217980000000040495870005000000000850413
00600015000000000000000217990000000018000000005000000000378000
00600015000000000000000218000000000040495870005000000000850413
00600015000000000000000218010000000040495870005000000000850413
00600015000000000000000218020000000040495870005000000000850413
00600015000000000000000218030000000040495870005000000000850413
00600015000000000000000218040000000040495870005000000000850413
00600015000000000000000218050000000040495870005000000000850413
00600015000000000000000218060000000040495870005000000000850413
00600015000000000000000218070000000040495870005000000000850413
00600015000000000000000218080000000040495870005000000000850413
00600015000000000000000218090000000040495870005000000000850413
00600015000000000000000218100000000050578510005000000001062149
00600015000000000000000218110000000040495870005000000000850413
00600015000000000000000218120000000011570250005000000000242975
00600015000000000000000218130000000040495870005000000000850413
00600015000000000000000218140000000002256200005000000000047380
00600015000000000000000218150000000012066120005000000000253388
00600015000000000000000218160000000040495870005000000000850413
00600015000000000000000218170000000006247930005000000000131207
00600015000000000000000218180000000000115700005000000000002430
00600015000000000000000218190000000086892560005000000001824744
00600015000000000000000218200000000040495870005000000000850413
00600015000000000000000218210000000040495870005000000000850413
00600015000000000000000218220000000006247930005000000000131207
00600015000000000000000218230000000006247930005000000000131207
00600015000000000000000218240000000033719010005000000000708099
00600015000000000000000218250000000174061980005000000003655302
00600015000000000000000218260000000019950410005000000000418959
00600015000000000000000218270000000297438030005000000006246197
00600015000000000000000218280000000047900830005000000001005917
00600015000000000000000218290000000018892560005000000000396744
00600015000000000000000218300000000030570250005000000000641975
00600015000000000000000218310000000068355380005000000001435463
00600015000000000000000218320000000040495870005000000000850413
00600015000000000000000218330000000037545450005000000000788455
00600015000000000000000218340000000018016530005000000000378347
00600015000000000000000218350000000022314050005000000000468595
00600015000000000000000218360000000131090910005000000002752909
00600015000000000000000218370000000018595040005000000000390496
00600015000000000000000218380000000017966940005000000000377306
00600015000000000000000218390000000008338840005000000000175116
00600015000000000000000218400000000011157020005000000000234298
00600015000000000000000218410000000040495870005000000000850413
00600015000000000000000218420000000091107440005000000001913256
00600015000000000000000218430000000022314050005000000000468595
00600015000000000000000218440000000132359500005000000002779550
00600015000000000000000218450000000077123970005000000001619603
00600015000000000000000218460000000040495870005000000000850413
00600015000000000000000218470000000012148760005000000000255124
00600015000000000000000218480000000048181820005000000001011818
00600015000000000000000218490000000056363640005000000001183636
00600015000000000000000218500000000021652890005000000000454711
00600015000000000000000218510000000010743800005000000000225620
00600015000000000000000218520000000004636360005000000000097364
00600015000000000000000218530000000014942150005000000000313785
00600015000000000000000218540000000035041320005000000000735868
00600015000000000000000218550000000136590910005000000002868409
00600015000000000000000218560000000017851240005000000000374876
00600015000000000000000218570000000010495870005000000000220413
00600015000000000000000218580000000016859500005000000000354050
00600015000000000000000218590000000081322310005000000001707769
00600015000000000000000218600000000027768600005000000000583140
00600015000000000000000218610000000042367770005000000000889723
00600015000000000000000218620000000054231410005000000001138859
00600015000000000000000218630000000022479340005000000000472066
00600015000000000000000218640000000040495870005000000000850413
00600015000000000000000218650000000040495870005000000000850413
00600015000000000000000218660000000033842980005000000000710702
00600015000000000000000218670000000023595040005000000000495496
00600015000000000000000218680000000082495870005000000001732413
00600015000000000000000218690000000136859500005000000002874050
00600015000000000000000218700000000060975210005000000001280479
00600015000000000000000218710000000072801660005000000001528834
00600015000000000000000218720000000339215690005000000007123531
00600015000000000000000218730000000013760330005000000000288967
00600015000000000000000218740000000046413220005000000000974678
00600015000000000000000218750000000012644630005000000000265537
00600015000000000000000218760000000045520660005000000000955934
00600015000000000000000218770000000016066120005000000000337388
00600015000000000000000218780000000081942150005000000001720785
00600015000000000000000218790000000028842970005000000000605703
00600015000000000000000218800000000031272730005000000000656727
00600015000000000000000218810000000019338840005000000000406116
00600015000000000000000218820000000006917360005000000000145264
00600015000000000000000218830000000002256200005000000000047380
00600015000000000000000218840000000018909090005000000000397091
00600015000000000000000218850000000018181820005000000000381818
00600015000000000000000218860000000011479340005000000000241066
00600015000000000000000218870000000033206610005000000000697339
00600015000000000000000218880000000040495870005000000000850413
00600015000000000000000218890000000056198350005000000001180165
00600015000000000000000218900000000021281000005000000000446901
00600015000000000000000218910000000040495870005000000000850413
00600015000000000000000218920000000040495870005000000000850413
00600015000000000000000218930000000041867770005000000000879223
00600015000000000000000218940000000022314050005000000000468595
00600015000000000000000218950000000012644630005000000000265537
00600015000000000000000218960000000020578510005000000000432149
00600015000000000000000218970000000020661160005000000000433884
00600015000000000000000218980000000016264460005000000000341554
00600015000000000000000218990000000032735540005000000000687446
00600015000000000000000219000000000017148750005000000000360124
00600015000000000000000219010000000029603310005000000000621669
00600015000000000000000219020000000013760330005000000000288967
00600015000000000000000219030000000031330580005000000000657942
00600015000000000000000219040000000047487600005000000000997240
00600015000000000000000219050000000044888430005000000000942657
00600015000000000000000219060000000040495870005000000000850413
00600015000000000000000219070000000020661160005000000000433884
00600015000000000000000219080000000020661160005000000000433884
00600015000000000000000219090000000019099170005000000000401083
00600015000000000000000219100000000020900830005000000000438917
00600015000000000000000219110000000104293390005000000002190161
00600015000000000000000219120000000016859500005000000000354050
00600015000000000000000219130000000020661160005000000000433884
00600015000000000000000219140000000012148760005000000000255124
00600015000000000000000219150000000055917360005000000001174264
00600015000000000000000219160000000054512400005000000001144760
00600015000000000000000219170000000018520660005000000000388934
00600015000000000000000219180000000040495870005000000000850413
00600015000000000000000219190000000012148760005000000000255124
00600015000000000000000219200000000022619830005000000000475017
00600015000000000000000219210000000040495870005000000000850413
00600015000000000000000219220000000020661160005000000000433884
00600015000000000000000219230000000040495870005000000000850413
00600015000000000000000219240000000056074380005000000001177562
00600015000000000000000219250000000082822310005000000001739269
00600015000000000000000219260000000040495870005000000000850413
00600015000000000000000219270000000012198350005000000000256165
00600015000000000000000219280000000018454540005000000000387546
00600015000000000000000219290000000061607440005000000001293756
00600015000000000000000219300000000009917360005000000000208264
00600015000000000000000219310000000032280990005000000000677901
00600015000000000000000219320000000067086770005000000001408823
00600015000000000000000219330000000042570250005000000000893975
00600015000000000000000219340000000043351240005000000000910376
00600015000000000000000219350000000160367770005000000003367723
00600015000000000000000219360000000090690090005000000001904491
00600015000000000000000219370000000298822310005000000006275269
00600015000000000000000219380000000090235540005000000001894946
00600015000000000000000219390000000053599170005000000001125583
00600015000000000000000219400000000044173550005000000000927645
00600015000000000000000219410000000040495870005000000000850413
00600015000000000000000219420000000032256200005000000000677380
00600015000000000000000219430000000040495870005000000000850413
00600015000000000000000219440000000040495870005000000000850413
00600015000000000000000219450000000022479340005000000000472066
00600015000000000000000219460000000044123970005000000000926603
00600015000000000000000219470000000012148760005000000000255124
00600015000000000000000219480000000027520660005000000000577934
00600015000000000000000219490000000059570250005000000001250975
00600015000000000000000219500000000028801650005000000000604835
00600015000000000000000219510000000046714880005000000000981013
00600015000000000000000219520000000033719010005000000000708099
00600015000000000000000219530000000033577690005000000000705131
00600015000000000000000219540000000030487600005000000000640240
00600015000000000000000219550000000290966940005000000006110306
00600015000000000000000219560000000082260330005000000001727467
00600015000000000000000219570000000040495870005000000000850413
00600015000000000000000219580000000046855370005000000000983963
00600015000000000000000219590000000048132230005000000001010777
00600015000000000000000219600000000042780990005000000000898401
00600015000000000000000219610000000040495870005000000000850413
00600015000000000000000219620000000015289260005000000000321074
00600015000000000000000219630000000003644630005000000000076537
00600015000000000000000219640000000054793390005000000001150661
00600015000000000000000219650000000089537190005000000001880281
00600015000000000000000219660000000049103300005000000001031170
00600015000000000000000219670000000055355370005000000001162463
00600015000000000000000219680000000065260330005000000001370467
00600015000000000000000219690000000010041320005000000000210868
00600015000000000000000219700000000040495870005000000000850413
00600015000000000000000219710000000016859500005000000000354050
00600015000000000000000219720000000040495870005000000000850413
00600015000000000000000219730000000040495870005000000000850413
00600015000000000000000219740000000054090910005000000001135909
00600015000000000000000219750000000023615700005000000000495930
00600015000000000000000219760000000019524790005000000000410021
00600015000000000000000219770000000040495870005000000000850413
00600015000000000000000219780000000002066120005000000000043388
00600015000000000000000219790000000040495870005000000000850413
00600015000000000000000219800000000010041320005000000000210868
00600015000000000000000219810000000040495870005000000000850413
00600015000000000000000219820000000086859510005000000001824049
00600015000000000000000219830000000022913220005000000000481178
00600015000000000000000219840000000041538840005000000000872316
00600015000000000000000219850000000037710740005000000000791926
00600015000000000000000219860000000017628100005000000000370190
00600015000000000000000219870000000040495870005000000000850413
00600015000000000000000219880000000026611570005000000000558843
00600015000000000000000219890000000069669420005000000001463058
00600015000000000000000219900000000022619830005000000000475017
00600015000000000000000219910000000076078520005000000001597648
00600015000000000000000219920000000279917340005000000005878266
00600015000000000000000219930000000075549590005000000001586541
00600015000000000000000219940000000076797520005000000001612748
00600015000000000000000219950000000073150410005000000001536159
00600015000000000000000219960000000026611570005000000000558843
00600015000000000000000219970000000012148760005000000000255124
00600015000000000000000219980000000022314050005000000000468595
00600015000000000000000219990000000119842980005000000002516702
00600015000000000000000220000000000026446280005000000000555372
00600015000000000000000220010000000027768600005000000000583140
00600015000000000000000220020000000026446280005000000000555372
00600015000000000000000220030000000019194210005000000000403079
00600015000000000000000220040000000019524790005000000000410021
00600015000000000000000220050000000076363630005000000001603637
00600015000000000000000220060000000011983470005000000000251653
00600015000000000000000220070000000053553720005000000001124628
00600015000000000000000220080000000039421490005000000000827851
00600015000000000000000220090000000015619830005000000000328017
00600015000000000000000220100000000063214880005000000001327513
00600015000000000000000220110000000032545460005000000000683454
00600015000000000000000220120000000016859500005000000000354050
00600015000000000000000220130000000006842980005000000000143702
00600015000000000000000220140000000017520660005000000000367934
00600015000000000000000220150000000053966940005000000001133306
00600015000000000000000220160000000046611570005000000000978843
00600015000000000000000220170000000012148760005000000000255124
00600015000000000000000220180000000082561980005000000001733802
00600015000000000000000220190000000051780990005000000001087401
00600015000000000000000220200000000068082650005000000001429735
00600015000000000000000220210000000032818180005000000000689182
00600015000000000000000220220000000002735540005000000000057446
00600015000000000000000220230000000002256200005000000000047380
00600015000000000000000220240000000059912400005000000001258160
00600015000000000000000220250000000044165290005000000000927471
00600015000000000000000220260000000013553720005000000000284628
00600015000000000000000220270000000282842970005000000005939703
00600015000000000000000220280000000154710750005000000003248925
00600015000000000000000220290000000141909090005000000002980091
00600015000000000000000220300000000016719010005000000000351099
00600015000000000000000220310000000040495870005000000000850413
00600015000000000000000220320000000011983470005000000000251653
00600015000000000000000220330000000012148760005000000000255124
00600015000000000000000220340000000054958680005000000001154132
00600015000000000000000220350000000040495870005000000000850413
00600015000000000000000220360000000018181820005000000000381818
00600015000000000000000220370000000018181820005000000000381818
00600015000000000000000220380000000014727270005000000000309273
00600015000000000000000220390000000034008270005000000000714173
00600015000000000000000220400000000054479340005000000001144066
00600015000000000000000220410000000006842980005000000000143702
00600015000000000000000220420000000018181820005000000000381818
00600015000000000000000220430000000018181820005000000000381818
00600015000000000000000220440000000036958680005000000000776132
00600015000000000000000220450000000093355380005000000001960463
00600015000000000000000220460000000040495870005000000000850413
00600015000000000000000220470000000053487600005000000001123240
00600015000000000000000220480000000006694210005000000000140579
00600015000000000000000220490000000001355370005000000000028463
00600015000000000000000220500000000020272730005000000000425727
00600015000000000000000220510000000027466940005000000000576806
00600015000000000000000220520000000166557840005000000003497716
00600015000000000000000220530000000003719010005000000000078099
00600015000000000000000220540000000025851240005000000000542876
00600015000000000000000220550000000118980160005000000002498584
00600015000000000000000220560000000017330580005000000000363942
00600015000000000000000220570000000037376030005000000000784897
00600015000000000000000220580000000020165290005000000000423471
00600015000000000000000220590000000012148760005000000000255124
00600015000000000000000220600000000012148760005000000000255124
00600015000000000000000220610000000012148760005000000000255124
00600015000000000000000220620000000040495870005000000000850413
00600015000000000000000220630000000038355370005000000000805463
00600015000000000000000220640000000014520660005000000000304934
00600015000000000000000220650000000056198350005000000001180165
00600015000000000000000220660000000052231410005000000001096859
00600015000000000000000220670000000064132230005000000001346777
00600015000000000000000220680000000012148760005000000000255124
00600015000000000000000220690000000103603300005000000002175670
00600015000000000000000220700000000065818180005000000001382182
00600015000000000000000220710000000010165290005000000000213471
00600015000000000000000220720000000015033060005000000000315694
00600015000000000000000220730000000068049590005000000001429041
00600015000000000000000220740000000015867770005000000000333223
00600015000000000000000220750000000012148760005000000000255124
00600015000000000000000220760000000016942150005000000000355785
00600015000000000000000220770000000027045460005000000000567954
00600015000000000000000220780000000023603310005000000000495669
00600015000000000000000220790000000033884300005000000000711570
00600015000000000000000220800000000038636360005000000000811364
00600015000000000000000220810000000019528930005000000000410107
00600015000000000000000220820000000052694210005000000001106579
00600015000000000000000220830000000033983470005000000000713653
00600015000000000000000220840000000280330590005000000005886941
00600015000000000000000220850000000079351240005000000001666376
00600015000000000000000220860000000038636360005000000000811364
00600015000000000000000220870000000005322320005000000000111769
00600015000000000000000220880000000020301650005000000000426335
00600015000000000000000220890000000041719010005000000000876099
00600015000000000000000220900000000040495870005000000000850413
00600015000000000000000220910000000081876030005000000001719397
00600015000000000000000220920000000214942160005000000004513784
00600015000000000000000220930000000052561980005000000001103802
00600015000000000000000220940000000041719010005000000000876099
00600015000000000000000220950000000039801650005000000000835835
00600015000000000000000220960000000011157020005000000000234298
00600015000000000000000220970000000011570250005000000000242975
00600015000000000000000220980000000123462810005000000002592719
00600015000000000000000220990000000038016530005000000000798347
00600015000000000000000221000000000018896690005000000000396831
00600015000000000000000221010000000047008270005000000000987173
00600015000000000000000221020000000000661160005000000000013884
00600015000000000000000221030000000016859500005000000000354050
00600015000000000000000221040000000052760330005000000001107967
00600015000000000000000221050000000040743800005000000000855620
00600015000000000000000221060000000020330580005000000000426942
00600015000000000000000221070000000050620660005000000001063034
00600015000000000000000221080000000074446280005000000001563372
00600015000000000000000221090000000068165290005000000001431471
00600015000000000000000221100000000027570250005000000000578975
00600015000000000000000221110000000176495880005000000003706413
00600015000000000000000221120000000001966940005000000000041306
00600015000000000000000221130000000047099170005000000000989083
00600015000000000000000221140000000035834710005000000000752529
00600015000000000000000221150000000010842980005000000000227702
00600015000000000000000221160000000097132230005000000002039777
00600015000000000000000221170000000002256200005000000000047380
00600015000000000000000221180000000182958670005000000003842133
00600015000000000000000221190000000218438020005000000004587198
00600015000000000000000221200000000035107440005000000000737256
00800015000000000000000001370000000030644630005000000000643537
00800015000000000000000001380000000026446280005000000000555372
00800015000000000000000001390000000038636360005000000000811364
00100016000000000000000000010000000088557850005000000001859715
00600016000000000000000000010000000034628100005000000000727190
00600016000000000000000000020000000121404960005000000002549504
00600016000000000000000000030000000011570250005000000000242975
00600016000000000000000000040000000054958680005000000001154132
00600016000000000000000000050000000018801650005000000000394835
00600016000000000000000000060000000083305780005000000001749422
00600016000000000000000000070000000005950410005000000000124959
00600016000000000000000000080000000017582640005000000000369236
00600016000000000000000000090000000012148760005000000000255124
00600016000000000000000000100000000012148760005000000000255124
00600016000000000000000000110000000020661160005000000000433884
00600016000000000000000000120000000070247940005000000001475206
00600016000000000000000000130000000012148760005000000000255124
00600016000000000000000000140000000027871900005000000000585310
00600016000000000000000000150000000012148760005000000000255124
00600016000000000000000000160000000113000000005000000002373000
00600016000000000000000000170000000057673550005000000001211145
00600016000000000000000000180000000065322310005000000001371769
00600016000000000000000000190000000030057850005000000000631215
00600016000000000000000000200000000012396690005000000000260331
00600016000000000000000000210000000010537190005000000000221281
00600016000000000000000000220000000020661160005000000000433884
00600016000000000000000000230000000020661160005000000000433884
00600016000000000000000000240000000020661160005000000000433884
00600016000000000000000000250000000021404960005000000000449504
00600016000000000000000000260000000012148760005000000000255124
00600016000000000000000000270000000020661160005000000000433884
00600016000000000000000000280000000012148760005000000000255124
00600016000000000000000000290000000012148760005000000000255124
00600016000000000000000000300000000071735540005000000001506446
00600016000000000000000000310000000032975210005000000000692479
00600016000000000000000000320000000028028930005000000000588607
00600016000000000000000000330000000012148760005000000000255124
00600016000000000000000000340000000020661160005000000000433884
00600016000000000000000000350000000044855370005000000000941963
00600016000000000000000000360000000020661160005000000000433884
00600016000000000000000000370000000009694210005000000000203579
00600016000000000000000000380000000021636360005000000000454364
00600016000000000000000000390000000129669420005000000002723058
00600016000000000000000000400000000009553720005000000000200628
00600016000000000000000000410000000130057850005000000002731215
00600016000000000000000000420000000050710740005000000001064926
00600016000000000000000000430000000140773550005000000002956245
00600016000000000000000000440000000020661160005000000000433884
00600016000000000000000000450000000107024800005000000002247520
00600016000000000000000000460000000002396690005000000000050331
00600016000000000000000000470000000002396690005000000000050331
00600016000000000000000000480000000017913220005000000000376178
00600016000000000000000000490000000051133880005000000001073812
00600016000000000000000000500000000020661160005000000000433884
00600016000000000000000000510000000043132230005000000000905777
00600016000000000000000000520000000023533060005000000000494194
00800016000000000000000000010000000032975210005000000000692479
