00100002000000000000000015750000000030000000005000000000630000
01900002000000000000000015750000000432727390003000000000000000
01900002000000000000000015760000001164893760003000000000000000
01900002000000000000000015770000001184860590003000000000000000
01900002000000000000000015780000000169600000003000000000000000
01900002000000000000000015790000000740860490003000000000000000
01900002000000000000000015800000001078877150003000000000000000
01900002000000000000000015810000000913819570003000000000000000
01900002000000000000000015820000000055867830003000000000000000
01900002000000000000000015830000000063000000003000000000000000
00100010000000000000000110610000000086694210005000000001820579
00100010000000000000000110620000000030000000005000000000630000
00100010000000000000000110630000000005582640005000000000117236
00100010000000000000000110640000000005541320005000000000116368
00100010000000000000000110650000001104940500005000000023203750
00100010000000000000000110660000000756547270005000000015887493
00100010000000000000000110670000000773613220005000000016245878
00100010000000000000000110680000001554847930005000000032651807
00100010000000000000000110690000001329074380005000000027910562
00100010000000000000000110700000000477535540005000000010028246
00100010000000000000000110710000000011156610005000000000234289
00100010000000000000000110720000000019125620005000000000401638
00100010000000000000000110730000000070016530005000000001470347
00100010000000000000000110740000000016927270005000000000355473
00100010000000000000000110750000000166425620005000000003494938
00100010000000000000000110760000000328074380005000000006889562
00100010000000000000000110770000000056008260005000000001176174
00100010000000000000000110780000000008900830005000000000186917
00100010000000000000000110790000000025123970005000000000527603
00100010000000000000000110800000000010578510005000000000222149
00100010000000000000000110810000000337147100005000000007080089
00100010000000000000000110820000001004950410005000000021103959
00100010000000000000000110830000000107464460005000000002256754
00100010000000000000000110840000000120495870005000000002530413
00100010000000000000000110850000000039012360005000000000819260
00100010000000000000000110860000000841942120005000000017680785
00100010000000000000000110870000000295669420005000000006209058
00100010000000000000000110880000000074429750005000000001563025
00100010000000000000000110890000000559867770005000000011757223
00100010000000000000000110900000000517561980005000000010868802
00100010000000000000000110910000000434644630005000000009127537
00100010000000000000000110920000000334132230005000000007016777
00100010000000000000000110930000000078396690005000000001646331
00100010000000000000000110940000000017362940005000000000364622
00100010000000000000000110950000000090025620005000000001890538
00100010000000000000000110960000000020000000005000000000420000
00100010000000000000000110970000000222355370005000000004669463
00100010000000000000000110980000000555119830005000000011657517
00100010000000000000000110990000000348057850005000000007309215
00100010000000000000000111000000000004628100005000000000097190
00100010000000000000000111010000000075756200005000000001590880
00100010000000000000000111020000000014834710005000000000311529
00100010000000000000000111030000000015619830005000000000328017
00100010000000000000000111040000000154248010005000000003239208
00100010000000000000000111050000000397671500005000000008351102
00100010000000000000000111060000000014372740005000000000301828
00100010000000000000000111070000000098512400005000000002068760
00100010000000000000000111080000000102500000005000000002152500
00100010000000000000000111090000002823966940005000000059303306
00100010000000000000000111100000000095041320005000000001995868
00100010000000000000000111110000000269834710005000000005666529
00100010000000000000000111120000000333530560005000000007004142
00100010000000000000000111130000000079095860005000000001661013
00100010000000000000000111140000001100826450005000000023117355
00100010000000000000000111150000001477190080005000000031020992
00100010000000000000000111160000001952851240005000000041009876
00100010000000000000000111170000000642419010005000000013490799
00100010000000000000000111180000000151801650005000000003187835
00100010000000000000000111190000000048264520005000000001013555
00100010000000000000000111200000000409785630005000000008605498
00100010000000000000000111210000000356496310005000000007486423
00100010000000000000000111220000000295868140005000000006213231
00100010000000000000000111230000000085818290005000000001802184
00100010000000000000000111240000000096459920005000000002025658
00100010000000000000000111250000000147415630005000000003095728
00100010000000000000000111260000000184998370005000000003884966
00100010000000000000000111270000000023322370005000000000489770
00100010000000000000000111280000000006450000005000000000135450
00100010000000000000000111290000000082479440005000000001732068
00100010000000000000000111300000000201225450005000000004225734
00100010000000000000000111310000000023111600005000000000485344
00100010000000000000000111320000000140496030005000000002950417
00100010000000000000000111330000000043378150005000000000910941
00100010000000000000000111340000000087915400005000000001846223
00100010000000000000000111350000000091111680005000000001913345
00100010000000000000000111360000000025851270005000000000542877
00100010000000000000000111370000000041024840005000000000861522
00100010000000000000000111380000000812893570005000000017070765
00100010000000000000000111390000000082314150005000000001728597
00100010000000000000000111400000000001084300005000000000022770
00300010000000000000000007230000000069200000005000000001453200
00300010000000000000000007240000000397671500005000000008351102
00300010000000000000000007250000000014372740005000000000301828
00300010000000000000000007260000000420615410005000000008832924
00600010000000000000000514610000000026280990005000000000551901
00600010000000000000000514620000000009917360005000000000208264
00600010000000000000000514630000000004876030005000000000102397
00600010000000000000000514640000000009917360005000000000208264
00600010000000000000000514650000000012458680005000000000261632
00600010000000000000000514660000000021859500005000000000459050
00600010000000000000000514670000000013925620005000000000292438
00600010000000000000000514680000000015454550005000000000324545
00600010000000000000000514690000000030702480005000000000644752
00600010000000000000000514700000000035785120005000000000751488
00600010000000000000000514710000000014834710005000000000311529
00600010000000000000000514720000000055619830005000000001168017
00600010000000000000000514730000000022169420005000000000465558
00600010000000000000000514740000000039256200005000000000824380
00600010000000000000000514750000000003553720005000000000074628
00600010000000000000000514760000000021859500005000000000459050
00600010000000000000000514770000000002644630005000000000055537
00600010000000000000000514780000000022355370005000000000469463
00600010000000000000000514790000000022396690005000000000470331
00600010000000000000000514800000000024793390005000000000520661
00600010000000000000000514810000000004958680005000000000104132
00600010000000000000000514820000000009595040005000000000201496
00600010000000000000000514830000000009917360005000000000208264
00600010000000000000000514840000000004628100005000000000097190
00600010000000000000000514850000000055005790005000000001155121
00600010000000000000000514860000000041826450005000000000878355
00600010000000000000000514870000000014987600005000000000314740
00600010000000000000000514880000000006611570005000000000138843
00600010000000000000000514890000000020421490005000000000428851
00600010000000000000000514900000000049896690005000000001047831
00600010000000000000000514910000000031983470005000000000671653
00600010000000000000000514920000000031876030005000000000669397
00600010000000000000000514930000000004628100005000000000097190
00600010000000000000000514940000000054648760005000000001147624
00600010000000000000000514950000000108181810005000000002271818
00600010000000000000000514960000000035314880005000000000741612
00600010000000000000000514970000000035314880005000000000741612
00600010000000000000000514980000000026280990005000000000551901
00600010000000000000000514990000000024401650005000000000512435
00600010000000000000000515000000000031942150005000000000670785
00600010000000000000000515010000000032499850005000000000682497
00600010000000000000000515020000000096983470005000000002036653
00600010000000000000000515030000000041157020005000000000864298
00600010000000000000000515040000000042272730005000000000887727
00600010000000000000000515050000000051504130005000000001081587
00600010000000000000000515060000000009090910005000000000190909
00600010000000000000000515070000000031090910005000000000652909
00600010000000000000000515080000000038223140005000000000802686
00600010000000000000000515090000000035578510005000000000747149
00600010000000000000000515100000000014524790005000000000305021
00600010000000000000000515110000000040826450005000000000857355
00600010000000000000000515120000000019545450005000000000410455
00600010000000000000000515130000000006842980005000000000143702
00600010000000000000000515140000000019524790005000000000410021
00600010000000000000000515150000000032630180005000000000685234
00600010000000000000000515160000000008289260005000000000174074
00600010000000000000000515170000000009917360005000000000208264
00600010000000000000000515180000000022093390005000000000463961
00600010000000000000000515190000000112363640005000000002359636
00600010000000000000000515200000000039950410005000000000838959
00600010000000000000000515210000000241636360005000000005074364
00600010000000000000000515220000000012909090005000000000271091
00600010000000000000000515230000000004595870005000000000096513
00600010000000000000000515240000000002520660005000000000052934
00600010000000000000000515250000000022723140005000000000477186
00600010000000000000000515260000000017190080005000000000360992
00600010000000000000000515270000000009917360005000000000208264
00600010000000000000000515280000000031082640005000000000652736
00600010000000000000000515290000000025380170005000000000532983
00600010000000000000000515300000000031975210005000000000671479
00600010000000000000000515310000000102049580005000000002143041
00600010000000000000000515320000000042200410005000000000886209
00600010000000000000000515330000000037921490005000000000796351
00600010000000000000000515340000000030909090005000000000649091
00600010000000000000000515350000000009917360005000000000208264
00600010000000000000000515360000000015867770005000000000333223
00600010000000000000000515370000000030356650005000000000637490
00600010000000000000000515380000000035165290005000000000738471
00600010000000000000000515390000000004462810005000000000093719
00600010000000000000000515400000000018099170005000000000380083
00600010000000000000000515410000000029256200005000000000614380
00600010000000000000000515420000000073933880005000000001552612
00600010000000000000000515430000000010578510005000000000222149
00600010000000000000000515440000000031723140005000000000666186
00600010000000000000000515450000000031648760005000000000664624
00600010000000000000000515460000000015867770005000000000333223
00600010000000000000000515470000000046971070005000000000986393
00600010000000000000000515480000000019173550005000000000402645
00600010000000000000000515490000000006652890005000000000139711
00600010000000000000000515500000000005537190005000000000116281
00600010000000000000000515510000000008099170005000000000170083
00600010000000000000000515520000000004173550005000000000087645
00600010000000000000000515530000000003574380005000000000075062
00600010000000000000000515540000000009090910005000000000190909
00600010000000000000000515550000000008264460005000000000173554
00600010000000000000000515560000000122809920005000000002579008
00600010000000000000000515570000000039049590005000000000820041
00600010000000000000000515580000000014297520005000000000300248
00600010000000000000000515590000000036157020005000000000759298
00600010000000000000000515600000000008070250005000000000169475
00600010000000000000000515610000000024297520005000000000510248
00600010000000000000000515620000000009917360005000000000208264
00600010000000000000000515630000000004958680005000000000104132
00600010000000000000000515640000000003123970005000000000065603
00600010000000000000000515650000000042359500005000000000889550
00600010000000000000000515660000000009917360005000000000208264
00600010000000000000000515670000000042442150005000000000891285
00600010000000000000000515680000000023541320005000000000494368
00600010000000000000000515690000000063994090005000000001343876
00600010000000000000000515700000000009111570005000000000191343
00600010000000000000000515710000000026446280005000000000555372
00600010000000000000000515720000000116909090005000000002455091
00600010000000000000000515730000000020585950005000000000432305
00600010000000000000000515740000000002128100005000000000044690
00600010000000000000000515750000000002933880005000000000061612
00600010000000000000000515760000000025140530005000000000527951
00600010000000000000000515770000000061421490005000000001289851
00600010000000000000000515780000000034661160005000000000727884
00600010000000000000000515790000000164938020005000000003463698
00600010000000000000000515800000000010578510005000000000222149
00600010000000000000000515810000000010805790005000000000226921
00600010000000000000000515820000000004388430005000000000092157
00600010000000000000000515830000000009917360005000000000208264
00600010000000000000000515840000000025206610005000000000529339
00600010000000000000000515850000000012892560005000000000270744
00600010000000000000000515860000000054126080005000000001136648
00600010000000000000000515870000000023801650005000000000499835
00600010000000000000000515880000000068169420005000000001431558
00600010000000000000000515890000000009917360005000000000208264
00600010000000000000000515900000000007586780005000000000159322
00600010000000000000000515910000000019276860005000000000404814
00600010000000000000000515920000000001962810005000000000041219
00600010000000000000000515930000000009256200005000000000194380
00600010000000000000000515940000000009917360005000000000208264
00600010000000000000000515950000000030867770005000000000648223
00600010000000000000000515960000000004532540005000000000095183
00600010000000000000000515970000000042685950005000000000896405
00600010000000000000000515980000000031611570005000000000663843
00600010000000000000000515990000000012695650005000000000266609
00600010000000000000000516000000000057851240005000000001214876
00600010000000000000000516010000000021272730005000000000446727
00600010000000000000000516020000000072206610005000000001516339
00600010000000000000000516030000000209805760005000000004405921
00600010000000000000000516040000000045793390005000000000961661
00600010000000000000000516050000000130016530005000000002730347
00600010000000000000000516060000000020661160005000000000433884
00600010000000000000000516070000000042929750005000000000901525
00600010000000000000000516080000000011566120005000000000242888
00600010000000000000000516090000000009929750005000000000208525
00600010000000000000000516100000000021586780005000000000453322
00600010000000000000000516110000000004648760005000000000097624
00600010000000000000000516120000000004958680005000000000104132
00600010000000000000000516130000000069826450005000000001466355
00600010000000000000000516140000000009710740005000000000203926
00600010000000000000000516150000000005619830005000000000118017
00600010000000000000000516160000000014876030005000000000312397
00600010000000000000000516170000000009917360005000000000208264
00600010000000000000000516180000000034152890005000000000717211
00600010000000000000000516190000000159173950005000000003342653
00600010000000000000000516200000000004462810005000000000093719
00600010000000000000000516210000000056538300005000000001187304
00600010000000000000000516220000000006157020005000000000129298
00600010000000000000000516230000000101477270005000000002131023
00600010000000000000000516240000000143388430005000000003011157
00600010000000000000000516250000000132644630005000000002785537
00600010000000000000000516260000000001680000005000000000035280
00600010000000000000000516270000000126561980005000000002657802
00600010000000000000000516280000000021917360005000000000460264
00600010000000000000000516290000000033347110005000000000700289
00600010000000000000000516300000000112355360005000000002359463
00600010000000000000000516310000000001466940005000000000030806
00600010000000000000000516320000000008471070005000000000177893
00600010000000000000000516330000000067355370005000000001414463
00600010000000000000000516340000000009917360005000000000208264
00600010000000000000000516350000000012979340005000000000272566
00600010000000000000000516360000000040991740005000000000860826
00600010000000000000000516370000000169037190005000000003549781
00600010000000000000000516380000000069287190005000000001455031
00600010000000000000000516390000000197262400005000000004142510
00600010000000000000000516400000000186123970005000000003908603
00600010000000000000000516410000000059190080005000000001242992
00600010000000000000000516420000000031033060005000000000651694
00600010000000000000000516430000000020888430005000000000438657
00600010000000000000000516440000000016256200005000000000341380
00600010000000000000000516450000000064719010005000000001359099
00600010000000000000000516460000000018842980005000000000395702
00600010000000000000000516470000000025537190005000000000536281
00600010000000000000000516480000000150661160005000000003163884
00600010000000000000000516490000000018099170005000000000380083
00600010000000000000000516500000000027066120005000000000568388
00600010000000000000000516510000000036066120005000000000757388
00600010000000000000000516520000000009520660005000000000199934
00600010000000000000000516530000000014876030005000000000312397
00600010000000000000000516540000000009917360005000000000208264
00600010000000000000000516550000000018595040005000000000390496
00600010000000000000000516560000000004958680005000000000104132
00600010000000000000000516570000000004958680005000000000104132
00600010000000000000000516580000000005785120005000000000121488
00600010000000000000000516590000000009917360005000000000208264
00600010000000000000000516600000000013966940005000000000293306
00600010000000000000000516610000000004380170005000000000091983
00600010000000000000000516620000000004545450005000000000095455
00600010000000000000000516630000000019256200005000000000404380
00600010000000000000000516640000000002479340005000000000052066
00600010000000000000000516650000000004173550005000000000087645
00600010000000000000000516660000000011322310005000000000237769
00600010000000000000000516670000000019586780005000000000411322
00600010000000000000000516680000000002883890005000000000060562
00600010000000000000000516690000000041198350005000000000865165
00600010000000000000000516700000000032520660005000000000682934
00600010000000000000000516710000000051446280005000000001080372
00600010000000000000000516720000000005082640005000000000106736
00600010000000000000000516730000000009917360005000000000208264
00600010000000000000000516740000000044049590005000000000925041
00600010000000000000000516750000000011198350005000000000235165
00600010000000000000000516760000000044421490005000000000932851
00600010000000000000000516770000000018595040005000000000390496
00600010000000000000000516780000000004628100005000000000097190
00600010000000000000000516790000000038099170005000000000800083
00600010000000000000000516800000000134173550005000000002817645
00600010000000000000000516810000000026694210005000000000560579
00600010000000000000000516820000000014380170005000000000301983
00600010000000000000000516830000000007644630005000000000160537
00600010000000000000000516840000000051239670005000000001076033
00600010000000000000000516850000000004628100005000000000097190
00600010000000000000000516860000000004628100005000000000097190
00600010000000000000000516870000000004462810005000000000093719
00600010000000000000000516880000000042024790005000000000882521
00600010000000000000000516890000000009917360005000000000208264
00600010000000000000000516900000000007400830005000000000155417
00600010000000000000000516910000000017851240005000000000374876
00600010000000000000000516920000000004628100005000000000097190
00600010000000000000000516930000000004090910005000000000085909
00600010000000000000000516940000000007396690005000000000155331
00600010000000000000000516950000000006735540005000000000141446
00600010000000000000000516960000000004628100005000000000097190
00600010000000000000000516970000000012756200005000000000267880
00600010000000000000000516980000000013305790005000000000279421
00600010000000000000000516990000000012347110005000000000259289
00600010000000000000000517000000000006471070005000000000135893
00600010000000000000000517010000000014876030005000000000312397
00600010000000000000000517020000000001611570005000000000033843
00600010000000000000000517030000000004958680005000000000104132
00600010000000000000000517040000000019834710005000000000416529
00600010000000000000000517050000000004958680005000000000104132
00600010000000000000000517060000000034008260005000000000714174
00600010000000000000000517070000000103140500005000000002165950
00600010000000000000000517080000000017768600005000000000373140
00600010000000000000000517090000000017851240005000000000374876
00600010000000000000000517100000000002892560005000000000060744
00600010000000000000000517110000000080661160005000000001693884
00600010000000000000000517120000000010702480005000000000224752
00600010000000000000000517130000000040123970005000000000842603
00600010000000000000000517140000000033264460005000000000698554
00600010000000000000000517150000000015867770005000000000333223
00600010000000000000000517160000000012685950005000000000266405
00600010000000000000000517170000000037724510005000000000792215
00600010000000000000000517180000000040146740005000000000843082
00600010000000000000000517190000000022438020005000000000471198
00600010000000000000000517200000000058962810005000000001238219
00600010000000000000000517210000000021611570005000000000453843
00600010000000000000000517220000000009917360005000000000208264
00600010000000000000000517230000000004462810005000000000093719
00600010000000000000000517240000000008925620005000000000187438
00600010000000000000000517250000000009917360005000000000208264
00600010000000000000000517260000000008330580005000000000174942
00600010000000000000000517270000000012520660005000000000262934
00600010000000000000000517280000000009917360005000000000208264
00600010000000000000000517290000000012561980005000000000263802
00600010000000000000000517300000000009917360005000000000208264
00600010000000000000000517310000000004462810005000000000093719
00600010000000000000000517320000000072865660005000000001530179
00600010000000000000000517330000000004173550005000000000087645
00600010000000000000000517340000000051570250005000000001082975
00600010000000000000000517350000000003305790005000000000069421
00600010000000000000000517360000000002479340005000000000052066
00600010000000000000000517370000000003305790005000000000069421
00600010000000000000000517380000000002479340005000000000052066
00600010000000000000000517390000000002479340005000000000052066
00600010000000000000000517400000000007586780005000000000159322
00600010000000000000000517410000000007615700005000000000159930
00600010000000000000000517420000000009917360005000000000208264
00600010000000000000000517430000000009917360005000000000208264
00600010000000000000000517440000000024354320005000000000511441
00600010000000000000000517450000000001859500005000000000039050
00600010000000000000000517460000000007396690005000000000155331
00600010000000000000000517470000000050413220005000000001058678
00600010000000000000000517480000000003264460005000000000068554
00600010000000000000000517490000000019504130005000000000409587
00600010000000000000000517500000000009917360005000000000208264
00600010000000000000000517510000000004462810005000000000093719
00600010000000000000000517520000000004628100005000000000097190
00600010000000000000000517530000000006033060005000000000126694
00600010000000000000000517540000000009917360005000000000208264
00600010000000000000000517550000000014917360005000000000313264
00600010000000000000000517560000000008842980005000000000185702
00600010000000000000000517570000000050876030005000000001068397
00600010000000000000000517580000000013785140005000000000289488
00600010000000000000000517590000000071933970005000000001510613
00600010000000000000000517600000000051074380005000000001072562
00600010000000000000000517610000000024338840005000000000511116
00600010000000000000000517620000000042603310005000000000894669
00600010000000000000000517630000000010123970005000000000212603
00600010000000000000000517640000000002066120005000000000043388
00600010000000000000000517650000000007396690005000000000155331
00600010000000000000000517660000000017322310005000000000363769
00600010000000000000000517670000000009917360005000000000208264
00600010000000000000000517680000000029289260005000000000615074
00600010000000000000000517690000000039603320005000000000831670
00600010000000000000000517700000000008636360005000000000181364
00600010000000000000000517710000000042239670005000000000887033
00600010000000000000000517720000000030826440005000000000647355
00600010000000000000000517730000000064661240005000000001357886
00600010000000000000000517740000000005867770005000000000123223
00600010000000000000000517750000000032066150005000000000673389
00600010000000000000000517760000000042611620005000000000894844
00600010000000000000000517770000000007396690005000000000155331
00600010000000000000000517780000000074743800005000000001569620
00600010000000000000000517790000000009917360005000000000208264
00600010000000000000000517800000000038371900005000000000805810
00600010000000000000000517810000000047611600005000000000999844
00600010000000000000000517820000000014677690005000000000308231
00600010000000000000000517830000000024297520005000000000510248
00600010000000000000000517840000000009072890005000000000190531
00600010000000000000000517850000000019082640005000000000400736
00600010000000000000000517860000000043077160005000000000904620
00600010000000000000000517870000000029024790005000000000609521
00600010000000000000000517880000000026214880005000000000550512
00600010000000000000000517890000000036694250005000000000770579
00600010000000000000000517900000000207471070005000000004356893
00600010000000000000000517910000000020595070005000000000432496
00600010000000000000000517920000000009917360005000000000208264
00600010000000000000000517930000000058743830005000000001233620
00600010000000000000000517940000000018148780005000000000381124
00600010000000000000000517950000000004462810005000000000093719
00600010000000000000000517960000000039338840005000000000826116
00600010000000000000000517970000000003223140005000000000067686
00600010000000000000000517980000000055553720005000000001166628
00600010000000000000000517990000000004958680005000000000104132
00600010000000000000000518000000000015801650005000000000331835
00600010000000000000000518010000000005917360005000000000124264
00600010000000000000000518020000000024925640005000000000523438
00600010000000000000000518030000000039966940005000000000839306
00600010000000000000000518040000000022677710005000000000476232
00600010000000000000000518050000000038314080005000000000804596
00600010000000000000000518060000000023768600005000000000499140
00600010000000000000000518070000000004256200005000000000089380
00600010000000000000000518080000000135966960005000000002855306
00600010000000000000000518090000000009194210005000000000193079
00600010000000000000000518100000000008760330005000000000183967
00600010000000000000000518110000000005785120005000000000121488
00600010000000000000000518120000000410599660005000000008622593
00600010000000000000000518130000000015433880005000000000324112
00600010000000000000000518140000000038479350005000000000808066
00600010000000000000000518150000000016074380005000000000337562
00600010000000000000000518160000000015140500005000000000317950
00600010000000000000000518170000000031735540005000000000666446
00600010000000000000000518180000000044975220005000000000944480
00600010000000000000000518190000000019528990005000000000410109
00600010000000000000000518200000000012495870005000000000262413
00600010000000000000000518210000000050710740005000000001064926
00600010000000000000000518220000000022842980005000000000479702
00600010000000000000000518230000000009917360005000000000208264
00600010000000000000000518240000000008388430005000000000176157
00600010000000000000000518250000000018049600005000000000379042
00600010000000000000000518260000000043801680005000000000919835
00600010000000000000000518270000000028512400005000000000598760
00600010000000000000000518280000000007801650005000000000163835
00600010000000000000000518290000000020859500005000000000438050
00600010000000000000000518300000000053041320005000000001113868
00600010000000000000000518310000000018314050005000000000384595
00600010000000000000000518320000000031173550005000000000654645
00600010000000000000000518330000000022809920005000000000479008
00600010000000000000000518340000000007603310005000000000159669
00600010000000000000000518350000000016760330005000000000351967
00600010000000000000000518360000000012396690005000000000260331
00600010000000000000000518370000000017289260005000000000363074
00600010000000000000000518380000000032859500005000000000690050
00600010000000000000000518390000000032628100005000000000685190
00600010000000000000000518400000000143586950005000000003015326
00600010000000000000000518410000000039008310005000000000819175
00600010000000000000000518420000000051768660005000000001087142
00600010000000000000000518430000000061983550005000000001301655
00600010000000000000000518440000000048793410005000000001024662
00600010000000000000000518450000000012396690005000000000260331
00600010000000000000000518460000000007396690005000000000155331
00600010000000000000000518470000000011867770005000000000249223
00800010000000000000000015490000000015454550005000000000324545
00800010000000000000000015500000000035314880005000000000741612
00800010000000000000000015510000000209805760005000000004405921
00800010000000000000000015520000000169037190005000000003549781
00800010000000000000000015530000000018595040005000000000390496
00800010000000000000000015540000000015545450005000000000326455
00100011000000000000000018750000000051333470005000000001078003
00100011000000000000000018760000000074628050005000000001567189
00100011000000000000000018770000000024008260005000000000504173
00100011000000000000000018780000000077479340005000000001627066
00100011000000000000000018790000000170454550005000000003579545
00100011000000000000000018800000000355785120005000000007471488
00100011000000000000000018810000000175785100005000000003691487
00100011000000000000000018820000000049462830005000000001038720
00100011000000000000000018830000000046115700005000000000968430
00100011000000000000000018840000000019834710005000000000416529
00100011000000000000000018850000000019783320005000000000415450
00100011000000000000000018860000000022190060005000000000465991
00100011000000000000000018870000000015107430005000000000317256
00600011000000000000000354320000000025247930005000000000530206
00600011000000000000000354330000000003057850005000000000064215
00600011000000000000000354340000000028595040005000000000600496
00600011000000000000000354350000000034000000005000000000714000
00600011000000000000000354360000000004958680005000000000104132
00600011000000000000000354370000000034214870005000000000718512
00600011000000000000000354380000000025826450005000000000542356
00600011000000000000000354390000000010330580005000000000216942
00600011000000000000000354400000000030330580005000000000636942
00600011000000000000000354410000000021322310005000000000447769
00600011000000000000000354420000000001983470005000000000041653
00600011000000000000000354430000000022148760005000000000465124
00600011000000000000000354440000000013677680005000000000287231
00600011000000000000000354450000000009917360005000000000208264
00600011000000000000000354460000000009595040005000000000201496
00600011000000000000000354470000000004537190005000000000095281
00600011000000000000000354480000000006322310005000000000132768
00600011000000000000000354490000000015578510005000000000327149
00600011000000000000000354500000000004132250005000000000086777
00600011000000000000000354510000000006280990005000000000131901
00600011000000000000000354520000000003305790005000000000069421
00600011000000000000000354530000000020223120005000000000424686
00600011000000000000000354540000000012820250005000000000269225
00600011000000000000000354550000000025041300005000000000525867
00600011000000000000000354560000000002658980005000000000055839
00600011000000000000000354570000000021607440005000000000453756
00600011000000000000000354580000000009917360005000000000208264
00600011000000000000000354590000000003867770005000000000081223
00600011000000000000000354600000000020950410005000000000439959
00600011000000000000000354610000000008355350005000000000175462
00600011000000000000000354620000000007438020005000000000156198
00600011000000000000000354630000000012152900005000000000255211
00600011000000000000000354640000000006181820005000000000129818
00600011000000000000000354650000000010661200005000000000223885
00600011000000000000000354660000000007770710005000000000163185
00600011000000000000000354670000000007958680005000000000167132
00600011000000000000000354680000000017727270005000000000372273
00600011000000000000000354690000000005330580005000000000111942
00600011000000000000000354700000000046256230005000000000971381
00600011000000000000000354710000000073068180005000000001534432
00600011000000000000000354720000000009272730005000000000194727
00600011000000000000000354730000000006322310005000000000132769
00600011000000000000000354740000000003979340005000000000083566
00600011000000000000000354750000000011491740005000000000241326
00600011000000000000000354760000000009917360005000000000208264
00600011000000000000000354770000000027892550005000000000585744
00600011000000000000000354780000000064628110005000000001357190
00600011000000000000000354790000000010991700005000000000230826
00600011000000000000000354800000000005619830005000000000118016
00600011000000000000000354810000000012892560005000000000270744
00600011000000000000000354820000000007851240005000000000164876
00600011000000000000000354830000000014958680005000000000314132
00600011000000000000000354840000000008842980005000000000185702
00600011000000000000000354850000000014927690005000000000313481
00600011000000000000000354860000000018264460005000000000383554
00600011000000000000000354870000000010950410005000000000229959
00600011000000000000000354880000000025003380005000000000525071
00600011000000000000000354890000000011735540005000000000246446
00600011000000000000000354900000000033842960005000000000710702
00600011000000000000000354910000000001314130005000000000027597
00600011000000000000000354920000000012376030005000000000259897
00600011000000000000000354930000000004462810005000000000093719
00600011000000000000000354940000000003057850005000000000064215
00600011000000000000000354950000000004710740005000000000098926
00600011000000000000000354960000000029876020005000000000627397
00600011000000000000000354970000000028752060005000000000603793
00600011000000000000000354980000000021209460005000000000445399
00600011000000000000000354990000000064049610005000000001345042
00600011000000000000000355000000000007027950005000000000147587
00600011000000000000000355010000000007027950005000000000147587
00600011000000000000000355020000000016611570005000000000348843
00600011000000000000000355030000000064049590005000000001345041
00600011000000000000000355040000000007027950005000000000147587
00600011000000000000000355050000000037951220005000000000796976
00600011000000000000000355060000000009917360005000000000208264
00600011000000000000000355070000000012733480005000000000267403
00600011000000000000000355080000000023223170005000000000487686
00600011000000000000000355090000000009917360005000000000208264
00600011000000000000000355100000000022933880005000000000481612
00600011000000000000000355110000000004909090005000000000103091
00600011000000000000000355120000000008801650005000000000184835
00600011000000000000000355130000000011274790005000000000236771
00600011000000000000000355140000000009917360005000000000208264
00600011000000000000000355150000000002892560005000000000060744
00600011000000000000000355160000000031483460005000000000661153
00600011000000000000000355170000000009917360005000000000208264
00600011000000000000000355180000000029958670005000000000629132
00600011000000000000000355190000000004876030005000000000102397
00600011000000000000000355200000000003699660005000000000077693
00600011000000000000000355210000000009917360005000000000208264
00600011000000000000000355220000000004958680005000000000104132
00600011000000000000000355230000000009504130005000000000199587
00600011000000000000000355240000000004958680005000000000104132
00600011000000000000000355250000000002479340005000000000052066
00600011000000000000000355260000000010206600005000000000214339
00600011000000000000000355270000000005371900005000000000112810
00600011000000000000000355280000000009917360005000000000208264
00600011000000000000000355290000000011198350005000000000235165
00600011000000000000000355300000000007772720005000000000163227
00600011000000000000000355310000000009917360005000000000208264
00600011000000000000000355320000000014876030005000000000312397
00600011000000000000000355330000000004958680005000000000104132
00600011000000000000000355340000000004958680005000000000104132
00600011000000000000000355350000000014876030005000000000312397
00600011000000000000000355360000000066068120005000000001387431
00600011000000000000000355370000000008966940005000000000188306
00600011000000000000000355380000000021530990005000000000452151
00600011000000000000000355390000000010396680005000000000218330
00600011000000000000000355400000000017685940005000000000371405
00600011000000000000000355410000000016878110005000000000354440
00600011000000000000000355420000000031057820005000000000652214
00600011000000000000000355430000000003297830005000000000069254
00600011000000000000000355440000000027783060005000000000583444
00600011000000000000000355450000000014225210005000000000298729
00600011000000000000000355460000000004958680005000000000104132
00600011000000000000000355470000000023708670005000000000497882
00600011000000000000000355480000000005760330005000000000120967
00600011000000000000000355490000000002517470005000000000052867
00600011000000000000000355500000000011900820005000000000249917
00600011000000000000000355510000000004545450005000000000095454
00600011000000000000000355520000000005867770005000000000123223
00600011000000000000000355530000000038595040005000000000810496
00600011000000000000000355540000000024297520005000000000510248
00600011000000000000000355550000000009049600005000000000190041
00600011000000000000000355560000000007884300005000000000165570
00600011000000000000000355570000000009008270005000000000189174
00600011000000000000000355580000000013698350005000000000287665
00600011000000000000000355590000000022314000005000000000468594
00600011000000000000000355600000000002369380005000000000049757
00600011000000000000000355610000000019834710005000000000416529
00600011000000000000000355620000000025454550005000000000534545
00600011000000000000000355630000000014876030005000000000312397
00600011000000000000000355640000000004958680005000000000104132
00600011000000000000000355650000000004958680005000000000104132
00600011000000000000000355660000000017688010005000000000371448
00600011000000000000000355670000000007066120005000000000148388
00600011000000000000000355680000000004090900005000000000085909
00600011000000000000000355690000000059780980005000000001255401
00600011000000000000000355700000000060398740005000000001268374
00600011000000000000000355710000000004958680005000000000104132
00600011000000000000000355720000000005628100005000000000118190
00600011000000000000000355730000000003181820005000000000066818
00600011000000000000000355740000000011735540005000000000246446
00600011000000000000000355750000000003442150005000000000072285
00600011000000000000000355760000000011033050005000000000231694
00600011000000000000000355770000000081239670005000000001706033
00600011000000000000000355780000000009917360005000000000208264
00600011000000000000000355790000000025867770005000000000543223
00600011000000000000000355800000000002746730005000000000057681
00600011000000000000000355810000000028595050005000000000600496
00600011000000000000000355820000000068057830005000000001429214
00600011000000000000000355830000000000768600005000000000016140
00600011000000000000000355840000000007308230005000000000153473
00600011000000000000000355850000000020826450005000000000437355
00600011000000000000000355860000000009917360005000000000208264
00600011000000000000000355870000000009917360005000000000208264
00600011000000000000000355880000000006198350005000000000130165
00600011000000000000000355890000000009016520005000000000189347
00600011000000000000000355900000000003123960005000000000065603
00600011000000000000000355910000000043636370005000000000916364
00600011000000000000000355920000000009917360005000000000208264
00600011000000000000000355930000000024963510005000000000524234
00600011000000000000000355940000000012021740005000000000252456
00600011000000000000000355950000000010082640005000000000211736
00600011000000000000000355960000000010785120005000000000226488
00600011000000000000000355970000000002561980005000000000053802
00600011000000000000000355980000000012231400005000000000256859
00600011000000000000000355990000000058429750005000000001227025
00600011000000000000000356000000000018801640005000000000394835
00600011000000000000000356010000000009917350005000000000208264
00600011000000000000000356020000000019504150005000000000409587
00600011000000000000000356030000000021209460005000000000445399
00600011000000000000000356040000000003677690005000000000077231
00600011000000000000000356050000000006033060005000000000126694
00600011000000000000000356060000000009322310005000000000195769
00600011000000000000000356070000000012727260005000000000267272
00600011000000000000000356080000000004958680005000000000104132
00600011000000000000000356090000000004958680005000000000104132
00600011000000000000000356100000000053528970005000000001124108
00600011000000000000000356110000000009917360005000000000208264
00600011000000000000000356120000000009917360005000000000208264
00600011000000000000000356130000000003305790005000000000069421
00600011000000000000000356140000000014115700005000000000296430
00600011000000000000000356150000000007396690005000000000155330
00600011000000000000000356160000000009917360005000000000208264
00600011000000000000000356170000000002479340005000000000052066
00600011000000000000000356180000000006363640005000000000133636
00600011000000000000000356190000000016262390005000000000341510
00600011000000000000000356200000000007140490005000000000149950
00600011000000000000000356210000000008636360005000000000181364
00600011000000000000000356220000000022933880005000000000481612
00600011000000000000000356230000000009917360005000000000208264
00600011000000000000000356240000000035950410005000000000754959
00600011000000000000000356250000000009917360005000000000208264
00600011000000000000000356260000000020867730005000000000438222
00600011000000000000000356270000000003842980005000000000080702
00600011000000000000000356280000000011134300005000000000233820
00600011000000000000000356290000000027107440005000000000569256
00600011000000000000000356300000000016086780005000000000337822
00600011000000000000000356310000000025289260005000000000531074
00600011000000000000000356320000000049103320005000000001031170
00600011000000000000000356330000000016652890005000000000349711
00600011000000000000000356340000000026446280005000000000555372
00600011000000000000000356350000000039132240005000000000821777
00600011000000000000000356360000000085289260005000000001791074
00600011000000000000000356370000000013966940005000000000293306
00600011000000000000000356380000000003305790005000000000069421
00600011000000000000000356390000000114752000005000000002409792
00600011000000000000000356400000000009917360005000000000208264
00600011000000000000000356410000000007396690005000000000155330
00600011000000000000000356420000000013471070005000000000282893
00600011000000000000000356430000000008223140005000000000172686
00600011000000000000000356440000000057768600005000000001213140
00600011000000000000000356450000000016024230005000000000336509
00600011000000000000000356460000000013884300005000000000291570
00600011000000000000000356470000000007231400005000000000151859
00600011000000000000000356480000000007851240005000000000164876
00600011000000000000000356490000000004958680005000000000104132
00600011000000000000000356500000000030247910005000000000635206
00600011000000000000000356510000000049458280005000000001038624
00600011000000000000000356520000000019504130005000000000409587
00600011000000000000000356530000000022644630005000000000475537
00600011000000000000000356540000000004958680005000000000104132
00600011000000000000000356550000000009917360005000000000208264
00600011000000000000000356560000000004958680005000000000104132
00600011000000000000000356570000000008140500005000000000170951
00600011000000000000000356580000000009917360005000000000208264
00600011000000000000000356590000000010991700005000000000230826
00600011000000000000000356600000000014876030005000000000312397
00600011000000000000000356610000000000826450005000000000017355
00600011000000000000000356620000000014876030005000000000312397
00600011000000000000000356630000000004958680005000000000104132
00600011000000000000000356640000000011528930005000000000242107
00600011000000000000000356650000000014876030005000000000312397
00600011000000000000000356660000000022444210005000000000471329
00600011000000000000000356670000000002383210005000000000050047
00600011000000000000000356680000000023497930005000000000493456
00600011000000000000000356690000000010078510005000000000211649
00600011000000000000000356700000000019793390005000000000415661
00600011000000000000000356710000000010636360005000000000223364
00600011000000000000000356720000000003756200005000000000078880
00600011000000000000000356730000000004958680005000000000104132
00600011000000000000000356740000000009917360005000000000208264
00600011000000000000000356750000000006880170005000000000144483
00600011000000000000000356760000000058600350005000000001230607
00600011000000000000000356770000000108057840005000000002269215
00600011000000000000000356780000000058594990005000000001230495
00600011000000000000000356790000000017280980005000000000362900
00600011000000000000000356800000000007066120005000000000148389
00600011000000000000000356810000000002479340005000000000052066
00600011000000000000000356820000000067562000005000000001418802
00600011000000000000000356830000000020950410005000000000439959
00600011000000000000000356840000000005495870005000000000115413
00600011000000000000000356850000000014876030005000000000312397
00600011000000000000000356860000000012975200005000000000272479
00600011000000000000000356870000000016859500005000000000354050
00600011000000000000000356880000000019917340005000000000418264
00600011000000000000000356890000000024270670005000000000509684
00600011000000000000000356900000000011900800005000000000249917
00600011000000000000000356910000000040330600005000000000846943
00600011000000000000000356920000000008925620005000000000187438
00600011000000000000000356930000000009917360005000000000208264
00600011000000000000000356940000000011776860005000000000247314
00600011000000000000000356950000000002785110005000000000058487
00600011000000000000000356960000000008388430005000000000176157
00600011000000000000000356970000000005867770005000000000123223
00600011000000000000000356980000000004958680005000000000104132
00600011000000000000000356990000000023107440005000000000485256
00600011000000000000000357000000000004958680005000000000104132
00600011000000000000000357010000000009917360005000000000208264
00600011000000000000000357020000000021157030005000000000444298
00600011000000000000000357030000000006363640005000000000133636
00600011000000000000000357040000000008223140005000000000172686
00600011000000000000000357050000000017900800005000000000375917
00600011000000000000000357060000000009050590005000000000190062
00600011000000000000000357070000000044033030005000000000924694
00600011000000000000000357080000000059008250005000000001239173
00600011000000000000000357090000000030214870005000000000634512
00600011000000000000000357100000000064694220005000000001358579
00600011000000000000000357110000000022223130005000000000466686
00600011000000000000000357120000000007396690005000000000155330
00600011000000000000000357130000000022446290005000000000471372
00600011000000000000000357140000000097289250005000000002043074
00600011000000000000000357150000000009024790005000000000189521
00600011000000000000000357160000000079891940005000000001677731
00600011000000000000000357170000000040298030005000000000846259
00600011000000000000000357180000000064131210005000000001346755
00600011000000000000000357190000000016099170005000000000338083
00600011000000000000000357200000000077454510005000000001626545
00600011000000000000000357210000000014380180005000000000301984
00600011000000000000000357220000000082909090005000000001741091
00600011000000000000000357230000000004462810005000000000093719
00600011000000000000000357240000000029950450005000000000628959
00600011000000000000000357250000000004462810005000000000093719
00600011000000000000000357260000000037438000005000000000786198
00600011000000000000000357270000000024033070005000000000504694
00600011000000000000000357280000000027438010005000000000576198
00600011000000000000000357290000000004462810005000000000093719
00600011000000000000000357300000000018685930005000000000392405
00600011000000000000000357310000000006156010005000000000129276
00600011000000000000000357320000000057975200005000000001217479
00600011000000000000000357330000000011454540005000000000240545
00600011000000000000000357340000000009545460005000000000200455
00600011000000000000000357350000000029157030005000000000612298
00600011000000000000000357360000000111404920005000000002339503
00600011000000000000000357370000000004876030005000000000102397
00600011000000000000000357380000000020991740005000000000440826
00600011000000000000000357390000000008429750005000000000177025
00600011000000000000000357400000000005987600005000000000125740
00600011000000000000000357410000000023239680005000000000488033
00600011000000000000000357420000000042592700005000000000894447
00600011000000000000000357430000000008388430005000000000176157
00600011000000000000000357440000000025520660005000000000535934
00600011000000000000000357450000000004958680005000000000104132
00600011000000000000000357460000000014809900005000000000311008
00600011000000000000000357470000000038603340005000000000810670
00600011000000000000000357480000000012760330005000000000267967
00600011000000000000000357490000000008388430005000000000176157
00600011000000000000000357500000000021553790005000000000452630
00600011000000000000000357510000000086363600005000000001813636
00600011000000000000000357520000000010115700005000000000212430
00600011000000000000000357530000000014485940005000000000304205
00600011000000000000000357540000000007190080005000000000150992
00600011000000000000000357550000000006975210005000000000146479
00600011000000000000000357560000000039603310005000000000831669
00600011000000000000000357570000000006942150005000000000145785
00600011000000000000000357580000000008223140005000000000172686
00600011000000000000000357590000000070698060005000000001484659
00600011000000000000000357600000000009400820005000000000197417
00600011000000000000000357610000000128966900005000000002708305
00600011000000000000000357620000000048429820005000000001017026
00600011000000000000000357630000000017785120005000000000373487
00600011000000000000000357640000000014206610005000000000298339
00600011000000000000000357650000000013603280005000000000285669
00800011000000000000000009670000000021209460005000000000445399
00800011000000000000000009680000000064049610005000000001345042
00800011000000000000000009690000000007027950005000000000147587
00800011000000000000000009700000000002938020005000000000061698
00800011000000000000000009710000000019504150005000000000409587
00800011000000000000000009720000000009917360005000000000208264
00800011000000000000000009730000000010636360005000000000223364
00800011000000000000000009740000000009917360005000000000208264
00800011000000000000000009750000000005867770005000000000123223
00800011000000000000000009760000000003239670005000000000068033
00100012000000000000000014580000000011487600005000000000241240
00100012000000000000000014590000000164977280005000000003464523
00100012000000000000000014600000000173407070005000000003641548
00100012000000000000000014610000000088657020005000000001861797
00100012000000000000000014620000000043239660005000000000908033
00100012000000000000000014630000000052148760005000000001095124
00100012000000000000000014640000000014297520005000000000300248
00100012000000000000000014650000000062479390005000000001312067
00100012000000000000000014660000000087520660005000000001837934
00100012000000000000000014670000000052685950005000000001106405
00100012000000000000000014680000000027426050005000000000575947
00100012000000000000000014690000000047206610005000000000991339
00100012000000000000000014700000000021636340005000000000454363
00100012000000000000000014710000000034041330005000000000714868
00100012000000000000000014720000000022909170005000000000481093
00300012000000000000000000580000000062479390005000000001312067
00600012000000000000000272040000000002520660005000000000052934
00600012000000000000000272050000000013826440005000000000290355
00600012000000000000000272060000000009917360005000000000208264
00600012000000000000000272070000000002314050005000000000048595
00600012000000000000000272080000000002314050005000000000048595
00600012000000000000000272090000000058842980005000000001235703
00600012000000000000000272100000000030925610005000000000649438
00600012000000000000000272110000000005950410005000000000124959
00600012000000000000000272120000000010206610005000000000214339
00600012000000000000000272130000000002975210005000000000062479
00600012000000000000000272140000000002644630005000000000055537
00600012000000000000000272150000000009421490005000000000197851
00600012000000000000000272160000000009219000005000000000193599
00600012000000000000000272170000000008966940005000000000188306
00600012000000000000000272180000000003553720005000000000074628
00600012000000000000000272190000000046652890005000000000979711
00600012000000000000000272200000000014169420005000000000297558
00600012000000000000000272210000000047768600005000000001003140
00600012000000000000000272220000000005950410005000000000124959
00600012000000000000000272230000000006115700005000000000128430
00600012000000000000000272240000000009462810005000000000198719
00600012000000000000000272250000000015537190005000000000326281
00600012000000000000000272260000000003677690005000000000077231
00600012000000000000000272270000000052123950005000000001094603
00600012000000000000000272280000000024297530005000000000510248
00600012000000000000000272290000000006735540005000000000141446
00600012000000000000000272300000000010247930005000000000215207
00600012000000000000000272310000000023801660005000000000499835
00600012000000000000000272320000000002314050005000000000048595
00600012000000000000000272330000000002892560005000000000060744
00600012000000000000000272340000000009268590005000000000194640
00600012000000000000000272350000000005074380005000000000106562
00600012000000000000000272360000000009917360005000000000208264
00600012000000000000000272370000000003123960005000000000065603
00600012000000000000000272380000000013202480005000000000277252
00600012000000000000000272390000000004053720005000000000085128
00600012000000000000000272400000000025670770005000000000539086
00600012000000000000000272410000000024504120005000000000514587
00600012000000000000000272420000000004504130005000000000094587
00600012000000000000000272430000000006099170005000000000128083
00600012000000000000000272440000000002314050005000000000048595
00600012000000000000000272450000000005541310005000000000116368
00600012000000000000000272460000000035836670005000000000752570
00600012000000000000000272470000000014297520005000000000300248
00600012000000000000000272480000000021652900005000000000454711
00600012000000000000000272490000000013677690005000000000287231
00600012000000000000000272500000000047768570005000000001003140
00600012000000000000000272510000000016446280005000000000345372
00600012000000000000000272520000000005000000005000000000105000
00600012000000000000000272530000000013223140005000000000277686
00600012000000000000000272540000000015867770005000000000333223
00600012000000000000000272550000000037520660005000000000787934
00600012000000000000000272560000000019876030005000000000417397
00600012000000000000000272570000000054586780005000000001146322
00600012000000000000000272580000000081404960005000000001709504
00600012000000000000000272590000000037644640005000000000790537
00600012000000000000000272600000000038181820005000000000801818
00600012000000000000000272610000000000352890005000000000007411
00600012000000000000000272620000000002975210005000000000062479
00600012000000000000000272630000000003388430005000000000071157
00600012000000000000000272640000000042396700005000000000890331
00600012000000000000000272650000000005165290005000000000108471
00600012000000000000000272660000000005413220005000000000113678
00600012000000000000000272670000000005041320005000000000105868
00600012000000000000000272680000000030033060005000000000630694
00600012000000000000000272690000000002082640005000000000043736
00600012000000000000000272700000000009917360005000000000208264
00600012000000000000000272710000000011570240005000000000242975
00600012000000000000000272720000000005289260005000000000111074
00600012000000000000000272730000000018842980005000000000395703
00600012000000000000000272740000000009719010005000000000204099
00600012000000000000000272750000000010399340005000000000218386
00600012000000000000000272760000000003793390005000000000079661
00600012000000000000000272770000000023834740005000000000500530
00600012000000000000000272780000000002677690005000000000056231
00600012000000000000000272790000000028636360005000000000601364
00600012000000000000000272800000000004462810005000000000093719
00600012000000000000000272810000000007396690005000000000155330
00600012000000000000000272820000000062661170005000000001315885
00600012000000000000000272830000000002892560005000000000060744
00600012000000000000000272840000000004958680005000000000104132
00600012000000000000000272850000000008264450005000000000173554
00600012000000000000000272860000000014838840005000000000311616
00600012000000000000000272870000000010289260005000000000216074
00600012000000000000000272880000000003801650005000000000079835
00600012000000000000000272890000000005165290005000000000108471
00600012000000000000000272900000000036942160005000000000775785
00600012000000000000000272910000000018842980005000000000395703
00600012000000000000000272920000000009917360005000000000208264
00600012000000000000000272930000000004958680005000000000104132
00600012000000000000000272940000000006446280005000000000135372
00600012000000000000000272950000000002975210005000000000062479
00600012000000000000000272960000000022727280005000000000477273
00600012000000000000000272970000000037314030005000000000783595
00600012000000000000000272980000000004958680005000000000104132
00600012000000000000000272990000000022727060005000000000477268
00600012000000000000000273000000000009917360005000000000208264
00600012000000000000000273010000000020640500005000000000433450
00600012000000000000000273020000000019041320005000000000399868
00600012000000000000000273030000000009917360005000000000208264
00600012000000000000000273040000000002314050005000000000048595
00600012000000000000000273050000000056816120005000000001193139
00600012000000000000000273060000000004958680005000000000104132
00600012000000000000000273070000000008966950005000000000188306
00600012000000000000000273080000000025454550005000000000534546
00600012000000000000000273090000000009958680005000000000209132
00600012000000000000000273100000000024024790005000000000504520
00600012000000000000000273110000000008677690005000000000182231
00600012000000000000000273120000000056816130005000000001193139
00600012000000000000000273130000000002086780005000000000043822
00600012000000000000000273140000000001280990005000000000026901
00600012000000000000000273150000000004772730005000000000100227
00600012000000000000000273160000000015330580005000000000321942
00600012000000000000000273170000000052801650005000000001108835
00600012000000000000000273180000000003471070005000000000072892
00600012000000000000000273190000000017355360005000000000364463
00600012000000000000000273200000000009917360005000000000208264
00600012000000000000000273210000000009917360005000000000208264
00600012000000000000000273220000000012113170005000000000254377
00600012000000000000000273230000000026603260005000000000558668
00600012000000000000000273240000000008842970005000000000185702
00600012000000000000000273250000000031404960005000000000659504
00600012000000000000000273260000000026446280005000000000555372
00600012000000000000000273270000000042066090005000000000883388
00600012000000000000000273280000000009917360005000000000208264
00600012000000000000000273290000000004016530005000000000084347
00600012000000000000000273300000000019752070005000000000414794
00600012000000000000000273310000000025867770005000000000543223
00600012000000000000000273320000000012148760005000000000255124
00600012000000000000000273330000000031322320005000000000657769
00600012000000000000000273340000000057851240005000000001214876
00600012000000000000000273350000000022438010005000000000471198
00600012000000000000000273360000000009917360005000000000208264
00600012000000000000000273370000000013429740005000000000282025
00600012000000000000000273380000000012695650005000000000266609
00600012000000000000000273390000000022710740005000000000476925
00600012000000000000000273400000000008099170005000000000170083
00600012000000000000000273410000000046826450005000000000983356
00600012000000000000000273420000000012024790005000000000252521
00600012000000000000000273430000000045041270005000000000945867
00600012000000000000000273440000000004276860005000000000089814
00600012000000000000000273450000000050702480005000000001064752
00600012000000000000000273460000000004495870005000000000094413
00600012000000000000000273470000000009917360005000000000208264
00600012000000000000000273480000000002619830005000000000055016
00600012000000000000000273490000000009917360005000000000208264
00600012000000000000000273500000000005251700005000000000110286
00600012000000000000000273510000000062727260005000000001317272
00600012000000000000000273520000000005289260005000000000111074
00600012000000000000000273530000000057851240005000000001214876
00600012000000000000000273540000000045220550005000000000949632
00600012000000000000000273550000000042902580005000000000900954
00600012000000000000000273560000000025867760005000000000543223
00600012000000000000000273570000000028760320005000000000603967
00600012000000000000000273580000000009917360005000000000208264
00600012000000000000000273590000000009917360005000000000208264
00600012000000000000000273600000000009917360005000000000208264
00600012000000000000000273610000000009917360005000000000208264
00600012000000000000000273620000000009917360005000000000208264
00600012000000000000000273630000000055735510005000000001170446
00600012000000000000000273640000000019214880005000000000403512
00600012000000000000000273650000000009917360005000000000208264
00600012000000000000000273660000000030851230005000000000647876
00600012000000000000000273670000000004214880005000000000088512
00600012000000000000000273680000000009917360005000000000208264
00600012000000000000000273690000000008636360005000000000181364
00600012000000000000000273700000000010330580005000000000216942
00600012000000000000000273710000000009917360005000000000208264
00600012000000000000000273720000000009917360005000000000208264
00600012000000000000000273730000000005355370005000000000112463
00600012000000000000000273740000000008446280005000000000177372
00600012000000000000000273750000000009334710005000000000196029
00600012000000000000000273760000000027014690005000000000567308
00600012000000000000000273770000000005826450005000000000122355
00600012000000000000000273780000000004628100005000000000097190
00600012000000000000000273790000000006359510005000000000133550
00600012000000000000000273800000000004958680005000000000104132
00600012000000000000000273810000000009917360005000000000208264
00600012000000000000000273820000000009917360005000000000208264
00600012000000000000000273830000000009917360005000000000208264
00600012000000000000000273840000000009917360005000000000208264
00600012000000000000000273850000000005355370005000000000112463
00600012000000000000000273860000000027892570005000000000585744
00600012000000000000000273870000000030400860005000000000638418
00600012000000000000000273880000000006657020005000000000139797
00600012000000000000000273890000000004628100005000000000097190
00600012000000000000000273900000000004628100005000000000097190
00600012000000000000000273910000000005710730005000000000119925
00600012000000000000000273920000000002314050005000000000048595
00600012000000000000000273930000000003743800005000000000078620
00600012000000000000000273940000000002975210005000000000062479
00600012000000000000000273950000000030173550005000000000633644
00600012000000000000000273960000000016652890005000000000349711
00600012000000000000000273970000000003223140005000000000067686
00600012000000000000000273980000000007975210005000000000167479
00600012000000000000000273990000000013016540005000000000273347
00600012000000000000000274000000000012479340005000000000262066
00600012000000000000000274010000000029045450005000000000609955
00600012000000000000000274020000000001694210005000000000035578
00600012000000000000000274030000000007768590005000000000163140
00600012000000000000000274040000000043066110005000000000904388
00600012000000000000000274050000000005950410005000000000124959
00600012000000000000000274060000000009917360005000000000208264
00600012000000000000000274070000000024462810005000000000513719
00600012000000000000000274080000000009268590005000000000194640
00600012000000000000000274090000000026518600005000000000556891
00600012000000000000000274100000000009917360005000000000208264
00600012000000000000000274110000000056150270005000000001179156
00600012000000000000000274120000000004958680005000000000104132
00600012000000000000000274130000000005613040005000000000117874
00600012000000000000000274140000000006657020005000000000139797
00600012000000000000000274150000000004628100005000000000097190
00600012000000000000000274160000000015123970005000000000317603
00600012000000000000000274170000000004628100005000000000097190
00600012000000000000000274180000000002107440005000000000044256
00600012000000000000000274190000000034380180005000000000721984
00600012000000000000000274200000000002107440005000000000044256
00600012000000000000000274210000000093388390005000000001961156
00600012000000000000000274220000000009834710005000000000206529
00600012000000000000000274230000000006942150005000000000145785
00600012000000000000000274240000000012727270005000000000267273
00600012000000000000000274250000000029090900005000000000610909
00600012000000000000000274260000000004628100005000000000097190
00600012000000000000000274270000000010004120005000000000210087
00600012000000000000000274280000000001694210005000000000035578
00600012000000000000000274290000000013347110005000000000280289
00600012000000000000000274300000000014876030005000000000312397
00600012000000000000000274310000000006033060005000000000126694
00600012000000000000000274320000000017933850005000000000376611
00600012000000000000000274330000000014247930005000000000299207
00600012000000000000000274340000000009917360005000000000208264
00600012000000000000000274350000000004628100005000000000097190
00600012000000000000000274360000000011322300005000000000237768
00600012000000000000000274370000000009917360005000000000208264
00600012000000000000000274380000000035801700005000000000751836
00600012000000000000000274390000000010123970005000000000212603
00600012000000000000000274400000000004958680005000000000104132
00600012000000000000000274410000000041223130005000000000865686
00600012000000000000000274420000000024066130005000000000505389
00600012000000000000000274430000000017752070005000000000372793
00600012000000000000000274440000000044454510005000000000933545
00600012000000000000000274450000000012975200005000000000272479
00600012000000000000000274460000000104661160005000000002197884
00600012000000000000000274470000000027867780005000000000585223
00600012000000000000000274480000000001983470005000000000041653
00600012000000000000000274490000000027892560005000000000585744
00600012000000000000000274500000000035991820005000000000755828
00600012000000000000000274510000000006285120005000000000131988
00600012000000000000000274520000000061950450005000000001300959
00600012000000000000000274530000000035570250005000000000746975
00600012000000000000000274540000000043280910005000000000908899
00600012000000000000000274550000000048962970005000000001028222
00600012000000000000000274560000000014578510005000000000306149
00600012000000000000000274570000000025454580005000000000534546
00600012000000000000000274580000000009917360005000000000208264
00600012000000000000000274590000000025669410005000000000539058
00600012000000000000000274600000000015933890005000000000334612
00600012000000000000000274610000000011946280005000000000250872
00600012000000000000000274620000000019698350005000000000413665
00600012000000000000000274630000000026307840005000000000552465
00600012000000000000000274640000000012528940005000000000263108
00600012000000000000000274650000000002809920005000000000059008
00600012000000000000000274660000000020123960005000000000422603
00600012000000000000000274670000000017983470005000000000377653
00600012000000000000000274680000000016462820005000000000345719
00600012000000000000000274690000000004586780005000000000096322
00600012000000000000000274700000000006983470005000000000146653
00600012000000000000000274710000000012500000005000000000262500
00600012000000000000000274720000000015735540005000000000330446
00600012000000000000000274730000000009917360005000000000208264
00600012000000000000000274740000000024859480005000000000522049
00600012000000000000000274750000000046247990005000000000971208
00600012000000000000000274760000000043239700005000000000908034
00600012000000000000000274770000000004958680005000000000104132
00600012000000000000000274780000000003966940005000000000083306
00600012000000000000000274790000000015061980005000000000316302
00600012000000000000000274800000000029652920005000000000622711
00600012000000000000000274810000000000770050005000000000016171
00600012000000000000000274820000000007252060005000000000152293
00600012000000000000000274830000000019107470005000000000401257
00600012000000000000000274840000000008516530005000000000178847
00600012000000000000000274850000000038082610005000000000799735
00600012000000000000000274860000000010049590005000000000211041
00600012000000000000000274870000000041702470005000000000875752
00600012000000000000000274880000000009917360005000000000208264
00600012000000000000000274890000000008264460005000000000173554
00600012000000000000000274900000000003615700005000000000075930
00600012000000000000000274910000000009818180005000000000206182
00600012000000000000000274920000000015061980005000000000316302
00600012000000000000000274930000000106991740005000000002246826
00600012000000000000000274940000000012272720005000000000257727
00600012000000000000000274950000000045719000005000000000960099
00600012000000000000000274960000000034743840005000000000729621
00600012000000000000000274970000000005917350005000000000124264
00600012000000000000000274980000000007801660005000000000163835
00600012000000000000000274990000000007024790005000000000147521
00600012000000000000000275000000000002039430005000000000042828
00600012000000000000000275010000000019206630005000000000403339
00600012000000000000000275020000000029710690005000000000623924
00600012000000000000000275030000000015900830005000000000333917
00600012000000000000000275040000000010214880005000000000214512
00600012000000000000000275050000000111561380005000000002342789
00600012000000000000000275060000000022148780005000000000465124
00600012000000000000000275070000000004958680005000000000104132
00600012000000000000000275080000000004958680005000000000104132
00600012000000000000000275090000000004958680005000000000104132
00600012000000000000000275100000000004958680005000000000104132
00600012000000000000000275110000000017231400005000000000361859
00600012000000000000000275120000000045752110005000000000960794
00600012000000000000000275130000000027735570005000000000582447
00600012000000000000000275140000000035008290005000000000735174
00600012000000000000000275150000000016495860005000000000346413
00600012000000000000000275160000000008388430005000000000176157
00600012000000000000000275170000000034842980005000000000731702
00600012000000000000000275180000000009553720005000000000200628
00600012000000000000000275190000000019545450005000000000410455
00600012000000000000000275200000000016661140005000000000349884
00600012000000000000000275210000000017752050005000000000372793
00600012000000000000000275220000000022413210005000000000470677
00600012000000000000000275230000000014181830005000000000297818
00600012000000000000000275240000000026347120005000000000553290
00600012000000000000000275250000000004958680005000000000104132
00600012000000000000000275260000000001694210005000000000035578
00600012000000000000000275270000000006446280005000000000135372
00600012000000000000000275280000000005355370005000000000112463
00600012000000000000000275290000000004876030005000000000102397
00600012000000000000000275300000000010702480005000000000224752
00600012000000000000000275310000000069387890005000000001457146
00600012000000000000000275320000000140496000005000000002950416
00600012000000000000000275330000000013471100005000000000282893
00600012000000000000000275340000000018553710005000000000389628
00600012000000000000000275350000000012904960005000000000271004
00600012000000000000000275360000000022169370005000000000465557
00600012000000000000000275370000000021454540005000000000450545
00600012000000000000000275380000000017066120005000000000358388
00600012000000000000000275390000000007983470005000000000167653
00600012000000000000000275400000000035045450005000000000735955
00600012000000000000000275410000000001694210005000000000035578
00600012000000000000000275420000000015371900005000000000322810
00600012000000000000000275430000000017438010005000000000366198
00800012000000000000000008540000000018842980005000000000395703
00800012000000000000000008550000000056816120005000000001193139
00800012000000000000000008560000000004628100005000000000097190
00800012000000000000000008570000000006115700005000000000128430
00800012000000000000000008580000000002107440005000000000044256
00800012000000000000000008590000000004256200005000000000089380
00800012000000000000000008600000000015061980005000000000316302
00800012000000000000000008610000000000688430005000000000014457
00800012000000000000000008620000000001735540005000000000036446
00100013000000000000000012160000000082933880005000000001741612
00100013000000000000000012170000000013719010005000000000288099
00100013000000000000000012180000000027074400005000000000568562
00100013000000000000000012190000000034090910005000000000715909
00100013000000000000000012200000000014462810005000000000303719
00100013000000000000000012210000000211487420005000000004441236
00100013000000000000000012220000000034628100005000000000727190
00100013000000000000000012230000000013636360005000000000286364
00100013000000000000000012240000000144429790005000000003033026
00600013000000000000000308740000000024090910005000000000505909
00600013000000000000000308750000000029545450005000000000620455
00600013000000000000000308760000000031132220005000000000653777
00600013000000000000000308770000000005504140005000000000115587
00600013000000000000000308780000000052537180005000000001103281
00600013000000000000000308790000000047644630005000000001000537
00600013000000000000000308800000000006074380005000000000127562
00600013000000000000000308810000000003471070005000000000072892
00600013000000000000000308820000000059545460005000000001250455
00600013000000000000000308830000000011652890005000000000244711
00600013000000000000000308840000000003780990005000000000079401
00600013000000000000000308850000000002603300005000000000054669
00600013000000000000000308860000000004628100005000000000097190
00600013000000000000000308870000000002314050005000000000048595
00600013000000000000000308880000000034256190005000000000719380
00600013000000000000000308890000000003641830005000000000076478
00600013000000000000000308900000000005752070005000000000120793
00600013000000000000000308910000000036446290005000000000765372
00600013000000000000000308920000000006446280005000000000135372
00600013000000000000000308930000000005867770005000000000123223
00600013000000000000000308940000000032911270005000000000691137
00600013000000000000000308950000000001400000005000000000029400
00600013000000000000000308960000000019999980005000000000420000
00600013000000000000000308970000000046528910005000000000977107
00600013000000000000000308980000000042809920005000000000899008
00600013000000000000000308990000000027561980005000000000578802
00600013000000000000000309000000000115619820005000000002428016
00600013000000000000000309010000000067338840005000000001414116
00600013000000000000000309020000000070743790005000000001485620
00600013000000000000000309030000000014214870005000000000298512
00600013000000000000000309040000000013719010005000000000288099
00600013000000000000000309050000000014008260005000000000294173
00600013000000000000000309060000000024710740005000000000518926
00600013000000000000000309070000000084060760005000000001765276
00600013000000000000000309080000000031539940005000000000662339
00600013000000000000000309090000000005289260005000000000111074
00600013000000000000000309100000000013264470005000000000278554
00600013000000000000000309110000000083966950005000000001763306
00600013000000000000000309120000000012438020005000000000261198
00600013000000000000000309130000000008735540005000000000183446
00600013000000000000000309140000000008619780005000000000181015
00600013000000000000000309150000000056983450005000000001196653
00600013000000000000000309160000000012892560005000000000270744
00600013000000000000000309170000000025991740005000000000545827
00600013000000000000000309180000000010661170005000000000223884
00600013000000000000000309190000000005991740005000000000125827
00600013000000000000000309200000000010578510005000000000222149
00600013000000000000000309210000000012231400005000000000256860
00600013000000000000000309220000000032933850005000000000691611
00600013000000000000000309230000000017190080005000000000360992
00600013000000000000000309240000000021157020005000000000444298
00600013000000000000000309250000000047148760005000000000990124
00600013000000000000000309260000000024462740005000000000513718
00600013000000000000000309270000000016570250005000000000347975
00600013000000000000000309280000000023437970005000000000492197
00600013000000000000000309290000000006082640005000000000127735
00600013000000000000000309300000000001347110005000000000028289
00600013000000000000000309310000000017685960005000000000371405
00600013000000000000000309320000000017685960005000000000371405
00600013000000000000000309330000000017685960005000000000371405
00600013000000000000000309340000000015785100005000000000331487
00600013000000000000000309350000000017685960005000000000371405
00600013000000000000000309360000000020523830005000000000431000
00600013000000000000000309370000000009586780005000000000201322
00600013000000000000000309380000000028347120005000000000595289
00600013000000000000000309390000000054793400005000000001150661
00600013000000000000000309400000000022276860005000000000467814
00600013000000000000000309410000000005289260005000000000111074
00600013000000000000000309420000000005206610005000000000109339
00600013000000000000000309430000000011404970005000000000239504
00600013000000000000000309440000000019380170005000000000406984
00600013000000000000000309450000000013636360005000000000286364
00600013000000000000000309460000000013016530005000000000273347
00600013000000000000000309470000000015086780005000000000316822
00600013000000000000000309480000000013016540005000000000273347
00600013000000000000000309490000000012314030005000000000258595
00600013000000000000000309500000000009586780005000000000201322
00600013000000000000000309510000000013636360005000000000286364
00600013000000000000000309520000000013636360005000000000286364
00600013000000000000000309530000000013636360005000000000286364
00600013000000000000000309540000000013636360005000000000286364
00600013000000000000000309550000000013636360005000000000286364
00600013000000000000000309560000000006033060005000000000126694
00600013000000000000000309570000000005049590005000000000106041
00600013000000000000000309580000000012328520005000000000258899
00600013000000000000000309590000000008595040005000000000180496
00600013000000000000000309600000000073429750005000000001542025
00600013000000000000000309610000000022130210005000000000464734
00600013000000000000000309620000000035289260005000000000741074
00600013000000000000000309630000000012892560005000000000270744
00600013000000000000000309640000000029297520005000000000615248
00600013000000000000000309650000000009917360005000000000208265
00600013000000000000000309660000000003553720005000000000074628
00600013000000000000000309670000000006280990005000000000131901
00600013000000000000000309680000000022975190005000000000482479
00600013000000000000000309690000000136718870005000000002871096
00600013000000000000000309700000000003595040005000000000075496
00600013000000000000000309710000000014380160005000000000301983
00600013000000000000000309720000000020826450005000000000437355
00600013000000000000000309730000000002479340005000000000052066
00600013000000000000000309740000000003181820005000000000066818
00600013000000000000000309750000000005392560005000000000113244
00600013000000000000000309760000000013636360005000000000286364
00600013000000000000000309770000000003553720005000000000074628
00600013000000000000000309780000000015595040005000000000327496
00600013000000000000000309790000000015112650005000000000317366
00600013000000000000000309800000000006082640005000000000127735
00600013000000000000000309810000000046363640005000000000973636
00600013000000000000000309820000000079495840005000000001669413
00600013000000000000000309830000000021033040005000000000441694
00600013000000000000000309840000000003677690005000000000077231
00600013000000000000000309850000000004752070005000000000099793
00600013000000000000000309860000000011322310005000000000237768
00600013000000000000000309870000000012826450005000000000269355
00600013000000000000000309880000000005289260005000000000111074
00600013000000000000000309890000000005165290005000000000108471
00600013000000000000000309900000000034545520005000000000725456
00600013000000000000000309910000000008099170005000000000170083
00600013000000000000000309920000000017438000005000000000366198
00600013000000000000000309930000000031611570005000000000663843
00600013000000000000000309940000000009297520005000000000195248
00600013000000000000000309950000000017355370005000000000364463
00600013000000000000000309960000000005578510005000000000117149
00600013000000000000000309970000000041206610005000000000865339
00600013000000000000000309980000000009752070005000000000204793
00600013000000000000000309990000000050328520005000000001056899
00600013000000000000000310000000000014256200005000000000299380
00600013000000000000000310010000000010636370005000000000223364
00600013000000000000000310020000000051487570005000000001081239
00600013000000000000000310030000000023636380005000000000496364
00600013000000000000000310040000000029826370005000000000626354
00600013000000000000000310050000000005289260005000000000111074
00600013000000000000000310060000000012979340005000000000272566
00600013000000000000000310070000000008227810005000000000172784
00600013000000000000000310080000000012313970005000000000258593
00600013000000000000000310090000000027768600005000000000583140
00600013000000000000000310100000000006198350005000000000130165
00600013000000000000000310110000000008636360005000000000181364
00600013000000000000000310120000000011487600005000000000241240
00600013000000000000000310130000000031735540005000000000666446
00600013000000000000000310140000000052148760005000000001095124
00600013000000000000000310150000000017314050005000000000363595
00600013000000000000000310160000000008016530005000000000168347
00600013000000000000000310170000000004958680005000000000104132
00600013000000000000000310180000000013719010005000000000288099
00600013000000000000000310190000000002892560005000000000060744
00600013000000000000000310200000000002892560005000000000060744
00600013000000000000000310210000000002231400005000000000046859
00600013000000000000000310220000000007396690005000000000155330
00600013000000000000000310230000000040909040005000000000859090
00600013000000000000000310240000000025826440005000000000542355
00600013000000000000000310250000000014793370005000000000310661
00600013000000000000000310260000000017975210005000000000377479
00600013000000000000000310270000000045661200005000000000958885
00600013000000000000000310280000000028140500005000000000590950
00600013000000000000000310290000000009917360005000000000208264
00600013000000000000000310300000000009917360005000000000208264
00600013000000000000000310310000000001487600005000000000031240
00600013000000000000000310320000000010991740005000000000230826
00600013000000000000000310330000000023057840005000000000484215
00600013000000000000000310340000000009132230005000000000191777
00600013000000000000000310350000000024297500005000000000510247
00600013000000000000000310360000000025041410005000000000525870
00600013000000000000000310370000000011157020005000000000234298
00600013000000000000000310380000000009504130005000000000199587
00600013000000000000000310390000000009917360005000000000208264
00600013000000000000000310400000000010909100005000000000229091
00600013000000000000000310410000000162851330005000000003419878
00600013000000000000000310420000000036446310005000000000765373
00600013000000000000000310430000000128947920005000000002707906
00600013000000000000000310440000000033677720005000000000707232
00600013000000000000000310450000000002892560005000000000060744
00600013000000000000000310460000000024049590005000000000505041
00600013000000000000000310470000000007438020005000000000156198
00600013000000000000000310480000000030082640005000000000631736
00600013000000000000000310490000000025702470005000000000539752
00600013000000000000000310500000000039194210005000000000823078
00600013000000000000000310510000000028181900005000000000591820
00600013000000000000000310520000000024958680005000000000524132
00600013000000000000000310530000000017632220005000000000370277
00600013000000000000000310540000000013057900005000000000274216
00600013000000000000000310550000000002975210005000000000062479
00600013000000000000000310560000000007066120005000000000148389
00600013000000000000000310570000000004628100005000000000097190
00600013000000000000000310580000000003095040005000000000064996
00600013000000000000000310590000000014214900005000000000298513
00600013000000000000000310600000000006611570005000000000138843
00600013000000000000000310610000000018280990005000000000383901
00600013000000000000000310620000000003884300005000000000081570
00600013000000000000000310630000000014214880005000000000298512
00600013000000000000000310640000000049611560005000000001041843
00600013000000000000000310650000000011735540005000000000246446
00600013000000000000000310660000000016363600005000000000343636
00600013000000000000000310670000000032826430005000000000689355
00600013000000000000000310680000000013636360005000000000286364
00600013000000000000000310690000000011570250005000000000242975
00600013000000000000000310700000000006198350005000000000130165
00600013000000000000000310710000000023206630005000000000487339
00600013000000000000000310720000000052256170005000000001097380
00600013000000000000000310730000000018495870005000000000388413
00600013000000000000000310740000000006942150005000000000145785
00600013000000000000000310750000000027545490005000000000578455
00600013000000000000000310760000000016363600005000000000343636
00600013000000000000000310770000000043834680005000000000920528
00600013000000000000000310780000000002479340005000000000052066
00600013000000000000000310790000000004876030005000000000102397
00600013000000000000000310800000000015386810005000000000323123
00600013000000000000000310810000000013884290005000000000291570
00600013000000000000000310820000000018760310005000000000393966
00600013000000000000000310830000000005495870005000000000115413
00600013000000000000000310840000000017024780005000000000357520
00600013000000000000000310850000000014479360005000000000304066
00600013000000000000000310860000000033487600005000000000703240
00600013000000000000000310870000000062479390005000000001312067
00600013000000000000000310880000000043471170005000000000912895
00600013000000000000000310890000000007809920005000000000164008
00600013000000000000000310900000000066876200005000000001404400
00600013000000000000000310910000000025123990005000000000527604
00600013000000000000000310920000000017752050005000000000372793
00600013000000000000000310930000000015338860005000000000322116
00600013000000000000000310940000000032826430005000000000689355
00600013000000000000000310950000000007537190005000000000158281
00600013000000000000000310960000000004132230005000000000086777
00600013000000000000000310970000000002479340005000000000052066
00600013000000000000000310980000000013471070005000000000282893
00600013000000000000000310990000000024619860005000000000517017
00600013000000000000000311000000000005991740005000000000125826
00600013000000000000000311010000000030438000005000000000639198
00600013000000000000000311020000000028150250005000000000591155
00600013000000000000000311030000000027272730005000000000572727
00600013000000000000000311040000000004669420005000000000098058
00600013000000000000000311050000000016619870005000000000349017
00600013000000000000000311060000000021684870005000000000455382
00600013000000000000000311070000000067966940005000000001427306
00600013000000000000000311080000000017421480005000000000365851
00600013000000000000000311090000000004760330005000000000099967
00600013000000000000000311100000000012231400005000000000256859
00600013000000000000000311110000000008636360005000000000181364
00600013000000000000000311120000000020793390005000000000436661
00600013000000000000000311130000000020198350005000000000424165
00600013000000000000000311140000000005652900005000000000118711
00600013000000000000000311150000000007975210005000000000167479
00600013000000000000000311160000000008636360005000000000181364
00600013000000000000000311170000000007231400005000000000151859
00600013000000000000000311180000000019000010005000000000399000
00600013000000000000000311190000000014380200005000000000301984
00600013000000000000000311200000000028523050005000000000598984
00600013000000000000000311210000000010644630005000000000223537
00600013000000000000000311220000000002148760005000000000045124
00600013000000000000000311230000000022000010005000000000462000
00600013000000000000000311240000000023900850005000000000501918
00600013000000000000000311250000000003719010005000000000078099
00600013000000000000000311260000000009090910005000000000190909
00800013000000000000000007750000000012314030005000000000258595
00800013000000000000000007760000000017685960005000000000371405
00800013000000000000000007770000000017685960005000000000371405
00800013000000000000000007780000000017685960005000000000371405
00800013000000000000000007790000000022276860005000000000467814
00800013000000000000000007800000000005289260005000000000111074
00800013000000000000000007810000000009586780005000000000201322
00800013000000000000000007820000000013636360005000000000286364
00800013000000000000000007830000000013636360005000000000286364
00800013000000000000000007840000000003553720005000000000074628
00800013000000000000000007850000000028150250005000000000591155
00800013000000000000000007860000000008636360005000000000181364
00100015000000000000000002470000000012892560005000000000270744
00100015000000000000000002480000000040983460005000000000860653
00600015000000000000000110890000000022892560005000000000480744
00600015000000000000000110900000000032206600005000000000676339
00600015000000000000000110910000000004628100005000000000097190
00600015000000000000000110920000000004628100005000000000097190
00600015000000000000000110930000000015909090005000000000334091
00600015000000000000000110940000000002640490005000000000055450
00600015000000000000000110950000000004628100005000000000097190
00600015000000000000000110960000000007355370005000000000154463
00600015000000000000000110970000000005041320005000000000105868
00600015000000000000000110980000000048590900005000000001020409
00600015000000000000000110990000000002975210005000000000062479
00600015000000000000000111000000000009917360005000000000208264
00600015000000000000000111010000000007623970005000000000160103
00600015000000000000000111020000000018904930005000000000397004
00600015000000000000000111030000000042103560005000000000884175
00600015000000000000000111040000000009917360005000000000208264
00600015000000000000000111050000000003388430005000000000071157
00600015000000000000000111060000000009917360005000000000208264
00600015000000000000000111070000000008264460005000000000173554
00600015000000000000000111080000000009090910005000000000190909
00600015000000000000000111090000000023849170005000000000500833
00600015000000000000000111100000000008264460005000000000173554
00600015000000000000000111110000000009917360005000000000208264
00600015000000000000000111120000000009917360005000000000208264
00600015000000000000000111130000000003677690005000000000077231
00600015000000000000000111140000000012607440005000000000264756
00600015000000000000000111150000000033801650005000000000709835
00600015000000000000000111160000000018549580005000000000389541
00600015000000000000000111170000000027644600005000000000580536
00600015000000000000000111180000000008842970005000000000185702
00600015000000000000000111190000000007231400005000000000151860
00600015000000000000000111200000000004628100005000000000097190
00600015000000000000000111210000000009917360005000000000208264
00600015000000000000000111220000000009917360005000000000208264
00600015000000000000000111230000000038268600005000000000803641
00600015000000000000000111240000000002975210005000000000062479
00600015000000000000000111250000000009917360005000000000208264
00600015000000000000000111260000000009917360005000000000208264
00600015000000000000000111270000000156818170005000000003293181
00600015000000000000000111280000000012231400005000000000256860
00600015000000000000000111290000000012892560005000000000270744
00600015000000000000000111300000000020330580005000000000426942
00600015000000000000000111310000000015330590005000000000321942
00600015000000000000000111320000000033636360005000000000706364
00600015000000000000000111330000000004628100005000000000097190
00600015000000000000000111340000000009917360005000000000208264
00600015000000000000000111350000000018966930005000000000398306
00600015000000000000000111360000000011487600005000000000241240
00600015000000000000000111370000000010152900005000000000213211
00600015000000000000000111380000000009090910005000000000190909
00600015000000000000000111390000000017768600005000000000373141
00600015000000000000000111400000000002342980005000000000049203
00600015000000000000000111410000000009917360005000000000208264
00600015000000000000000111420000000003553720005000000000074628
00600015000000000000000111430000000004760330005000000000099967
00600015000000000000000111440000000005392570005000000000113244
00600015000000000000000111450000000004628100005000000000097190
00600015000000000000000111460000000009917360005000000000208264
00600015000000000000000111470000000005280990005000000000110901
00600015000000000000000111480000000016735530005000000000351446
00600015000000000000000111490000000011256190005000000000236380
00600015000000000000000111500000000000991740005000000000020826
00600015000000000000000111510000000006942150005000000000145785
00600015000000000000000111520000000015867770005000000000333223
00600015000000000000000111530000000008099170005000000000170082
00600015000000000000000111540000000009917360005000000000208264
00600015000000000000000111550000000014318170005000000000300682
00600015000000000000000111560000000009917360005000000000208264
00600015000000000000000111570000000009917360005000000000208264
00600015000000000000000111580000000014504130005000000000304587
00600015000000000000000111590000000010289260005000000000216074
00600015000000000000000111600000000018388460005000000000386158
00600015000000000000000111610000000009917360005000000000208264
00600015000000000000000111620000000006061980005000000000127302
00600015000000000000000111630000000002495870005000000000052413
00600015000000000000000111640000000009917360005000000000208264
00600015000000000000000111650000000014280990005000000000299901
00600015000000000000000111660000000013140490005000000000275950
00600015000000000000000111670000000048590900005000000001020409
00600015000000000000000111680000000004628100005000000000097190
00600015000000000000000111690000000004628100005000000000097190
00600015000000000000000111700000000001239670005000000000026033
00600015000000000000000111710000000012979340005000000000272566
00600015000000000000000111720000000004462810005000000000093719
00600015000000000000000111730000000023231400005000000000487860
00600015000000000000000111740000000012855370005000000000269963
00600015000000000000000111750000000012020650005000000000252434
00600015000000000000000111760000000012347110005000000000259289
00600015000000000000000111770000000023174990005000000000486675
00600015000000000000000111780000000028888750005000000000606664
00600015000000000000000111790000000009917360005000000000208264
00600015000000000000000111800000000005289260005000000000111074
00600015000000000000000111810000000009917360005000000000208264
00600015000000000000000111820000000009917360005000000000208264
00600015000000000000000111830000000009917360005000000000208264
00600015000000000000000111840000000009917360005000000000208264
00600015000000000000000111850000000009917360005000000000208264
00600015000000000000000111860000000009917360005000000000208264
00600015000000000000000111870000000009917360005000000000208264
00600015000000000000000111880000000015454550005000000000324545
00600015000000000000000111890000000009917360005000000000208264
00600015000000000000000111900000000003533060005000000000074194
00600015000000000000000111910000000004760330005000000000099967
00600015000000000000000111920000000009268590005000000000194640
00600015000000000000000111930000000014272710005000000000299727
00600015000000000000000111940000000019966930005000000000419305
00600015000000000000000111950000000004297520005000000000090248
00600015000000000000000111960000000016652880005000000000349711
00600015000000000000000111970000000038842980005000000000815702
00600015000000000000000111980000000018966950005000000000398306
00600015000000000000000111990000000007107440005000000000149256
00600015000000000000000112000000000003123960005000000000065603
00600015000000000000000112010000000018347110005000000000385289
00600015000000000000000112020000000033016550005000000000693348
00600015000000000000000112030000000044752040005000000000939793
00600015000000000000000112040000000002479340005000000000052066
00600015000000000000000112050000000002479340005000000000052066
00600015000000000000000112060000000023801640005000000000499835
00600015000000000000000112070000000010743800005000000000225620
00600015000000000000000112080000000010743800005000000000225620
00600015000000000000000112090000000005082640005000000000106735
00600015000000000000000112100000000018388420005000000000386157
00600015000000000000000112110000000013595040005000000000285496
00600015000000000000000112120000000020909090005000000000439091
00600015000000000000000112130000000024132220005000000000506777
00600015000000000000000112140000000057438020005000000001206198
00600015000000000000000112150000000007396690005000000000155330
00600015000000000000000112160000000007396690005000000000155330
00600015000000000000000112170000000002148760005000000000045124
00600015000000000000000112180000000069210740005000000001453426
00600015000000000000000112190000000004958680005000000000104132
00600015000000000000000112200000000004958680005000000000104132
00600015000000000000000112210000000010818180005000000000227182
00600015000000000000000112220000000021847090005000000000458789
00600015000000000000000112230000000030743750005000000000645619
00600015000000000000000112240000000009518600005000000000199890
00600015000000000000000112250000000017210740005000000000361426
00600015000000000000000112260000000027458130005000000000576621
00600015000000000000000112270000000013487600005000000000283240
00600015000000000000000112280000000005795450005000000000121705
00600015000000000000000112290000000017561980005000000000368802
00600015000000000000000112300000000018570250005000000000389975
00600015000000000000000112310000000021179760005000000000444775
00600015000000000000000112320000000019958710005000000000419133
00600015000000000000000112330000000016652900005000000000349711
00600015000000000000000112340000000004462810005000000000093719
00600015000000000000000112350000000004628100005000000000097190
00600015000000000000000112360000000014876030005000000000312397
00600015000000000000000112370000000028305800005000000000594422
00600015000000000000000112380000000010743800005000000000225620
00600015000000000000000112390000000017404960005000000000365504
00600015000000000000000112400000000010743800005000000000225620
00600015000000000000000112410000000013719000005000000000288099
00600015000000000000000112420000000014173550005000000000297644
00600015000000000000000112430000000016570250005000000000347975
00600015000000000000000112440000000004462810005000000000093719
00600015000000000000000112450000000028057850005000000000589215
00600015000000000000000112460000000003735540005000000000078446
00600015000000000000000112470000000018512400005000000000388760
00600015000000000000000112480000000024173550005000000000507645
00600015000000000000000112490000000020950410005000000000439959
00600015000000000000000112500000000012892560005000000000270744
00600015000000000000000112510000000016942150005000000000355785
00600015000000000000000112520000000011363640005000000000238636
00600015000000000000000112530000000029710740005000000000623926
00600015000000000000000112540000000002396690005000000000050330
00600015000000000000000112550000000022578510005000000000474149
00600015000000000000000112560000000007066120005000000000148389
00600015000000000000000112570000000009917360005000000000208264
00600015000000000000000112580000000005661160005000000000118884
00600015000000000000000112590000000004958680005000000000104132
00600015000000000000000112600000000027239690005000000000572033
00600015000000000000000112610000000004958680005000000000104132
00600015000000000000000112620000000004958680005000000000104132
00600015000000000000000112630000000047438010005000000000996198
00600015000000000000000112640000000032262390005000000000677510
00600015000000000000000112650000000030458660005000000000639632
00600015000000000000000112660000000011157020005000000000234298
00600015000000000000000112670000000010909100005000000000229091
00600015000000000000000112680000000010743800005000000000225620
00600015000000000000000112690000000022975240005000000000482480
00600015000000000000000112700000000002479340005000000000052066
00600015000000000000000112710000000049256190005000000001034380
00600015000000000000000112720000000026016520005000000000546347
00600015000000000000000112730000000006198350005000000000130165
00600015000000000000000112740000000020380140005000000000427983
00600015000000000000000112750000000010702480005000000000224752
00600015000000000000000112760000000010743800005000000000225620
00600015000000000000000112770000000029950390005000000000628958
00600015000000000000000112780000000018545440005000000000389454
00600015000000000000000112790000000035115650005000000000737429
00600015000000000000000112800000000038140500005000000000800951
00600015000000000000000112810000000021123970005000000000443603
00600015000000000000000112820000000022347130005000000000469290
00600015000000000000000112830000000015338840005000000000322116
00600015000000000000000112840000000022743800005000000000477620
00600015000000000000000112850000000005380170005000000000112983
00600015000000000000000112860000000024925610005000000000523438
00600015000000000000000112870000000004958680005000000000104132
00600015000000000000000112880000000016264460005000000000341554
00600015000000000000000112890000000016396690005000000000344331
00600015000000000000000112900000000028727250005000000000603272
00600015000000000000000112910000000008016530005000000000168347
00600015000000000000000112920000000016099170005000000000338083
00600015000000000000000112930000000019504130005000000000409587
00600015000000000000000112940000000018082660005000000000379736
00600015000000000000000112950000000014842990005000000000311703
00600015000000000000000112960000000008479340005000000000178066
00600015000000000000000112970000000016859500005000000000354049
00600015000000000000000112980000000004462810005000000000093719
00600015000000000000000112990000000027768580005000000000583140
00600015000000000000000113000000000018512390005000000000388760
00600015000000000000000113010000000001859500005000000000039050
00600015000000000000000113020000000030743810005000000000645620
00600015000000000000000113030000000007400830005000000000155417
00600015000000000000000113040000000004132230005000000000086777
00600015000000000000000113050000000025983570005000000000545655
00600015000000000000000113060000000033487640005000000000703241
00600015000000000000000113070000000052958680005000000001112132
00600015000000000000000113080000000012396700005000000000260331
00600015000000000000000113090000000030351460005000000000637381
00600015000000000000000113100000000008892560005000000000186744
00600015000000000000000113110000000009917360005000000000208264
00600015000000000000000113120000000018247940005000000000383207
00600015000000000000000113130000000019107440005000000000401256
00600015000000000000000113140000000028231390005000000000592859
00600015000000000000000113150000000052902910005000000001110961
00600015000000000000000113160000000004462810005000000000093719
00600015000000000000000113170000000012892600005000000000270745
00600015000000000000000113180000000017388420005000000000365157
00600015000000000000000113190000000026545410005000000000557454
00600015000000000000000113200000000017355350005000000000364462
00600015000000000000000113210000000005685840005000000000119403
00600015000000000000000113220000000006359510005000000000133550
00600015000000000000000113230000000004495860005000000000094413
00600015000000000000000113240000000008892560005000000000186744
00600015000000000000000113250000000010578510005000000000222149
00600015000000000000000113260000000155140650005000000003257954
00600015000000000000000113270000000027834750005000000000584530
00600015000000000000000113280000000019768590005000000000415140
00600015000000000000000113290000000007231400005000000000151859
00600015000000000000000113300000000006359510005000000000133550
00600015000000000000000113310000000009297520005000000000195248
00600015000000000000000113320000000016735540005000000000351446
00600015000000000000000113330000000032363630005000000000679636
00600015000000000000000113340000000012694220005000000000266579
00600015000000000000000113350000000025909090005000000000544091
00600015000000000000000113360000000027603320005000000000579670
00600015000000000000000113370000000008892560005000000000186744
00600015000000000000000113380000000004876030005000000000102397
00600015000000000000000113390000000009917360005000000000208264
00600015000000000000000113400000000010743800005000000000225620
00600015000000000000000113410000000012694220005000000000266579
00800015000000000000000000880000000007396690005000000000155330
